2026-03-25 19:53:19.182574+00:00	2026-03-25 19:53:19.182574+00:00	75833ccd-302e-4915-94f4-23a36bc6d065	{"pid": "A000003203", "type": "bf:Organisation", "conference": false, "preferred_name": "Acad\\u00e9mie de chirurgie (Paris)", "authorized_access_point": "Acad\\u00e9mie de chirurgie (Paris)", "biographical_information": ["Jusqu'en 1923: Soci\\u00e9t\\u00e9 de chirurgie (Paris)", "De 1924 \\u00e0 1935: Soci\\u00e9t\\u00e9 nationale de chirurgie (Paris)", "Depuis 1936: Acad\\u00e9mie de chirurgie (Paris)"], "md5": "51b3b49eb22b9a3199d4b66da152e723", "$schema": "https://mef.rero.ch/schemas/agents_rero/rero-agent-v0.0.1.json"}	1
2026-03-25 19:53:19.182633+00:00	2026-03-25 19:53:19.182633+00:00	b7f5541b-c7a8-4936-860f-a62da3d407e0	{"pid": "A000010540", "type": "bf:Organisation", "conference": false, "variant_name": ["Enseignement public et informatique (France)", "EPI (Enseignement public et informatique)"], "preferred_name": "Association Enseignement public et informatique (Paris)", "variant_access_point": ["Enseignement public et informatique (France)", "EPI (Enseignement public et informatique)"], "authorized_access_point": "Association Enseignement public et informatique (Paris)", "md5": "2fafb86bcdbb194e3dc1a11a1c4fe98d", "$schema": "https://mef.rero.ch/schemas/agents_rero/rero-agent-v0.0.1.json"}	1
2026-03-25 19:53:19.182674+00:00	2026-03-25 19:53:19.182674+00:00	792fbc31-073a-485f-a41d-d6b841802614	{"pid": "A000011132", "type": "bf:Organisation", "conference": false, "variant_name": ["AAPPFID (Association des amis pass\\u00e9s, pr\\u00e9sents et futurs d'Isidore Ducasse : Paris)"], "preferred_name": "Association des amis pass\\u00e9s, pr\\u00e9sents et futurs d'Isidore Ducasse (Paris)", "variant_access_point": ["AAPPFID (Association des amis pass\\u00e9s, pr\\u00e9sents et futurs d'Isidore Ducasse : Paris)"], "authorized_access_point": "Association des amis pass\\u00e9s, pr\\u00e9sents et futurs d'Isidore Ducasse (Paris)", "md5": "d406999e5370e6fdd3b10f82382a920f", "$schema": "https://mef.rero.ch/schemas/agents_rero/rero-agent-v0.0.1.json"}	1
2026-03-25 19:53:19.182709+00:00	2026-03-25 19:53:19.182709+00:00	b2712abb-8533-4af4-977d-7b20e043e015	{"pid": "A000012165", "type": "bf:Organisation", "conference": false, "variant_name": ["Societas internationalis studiis Byzantinis provehendis destinata"], "preferred_name": "Association internationale des \\u00e9tudes byzantines", "variant_access_point": ["Societas internationalis studiis Byzantinis provehendis destinata"], "authorized_access_point": "Association internationale des \\u00e9tudes byzantines", "md5": "a7a6e8deef2f150b9158d148bfb80c75", "$schema": "https://mef.rero.ch/schemas/agents_rero/rero-agent-v0.0.1.json"}	1
2026-03-25 19:53:19.182739+00:00	2026-03-25 19:53:19.182739+00:00	d93eef80-684b-4d0e-8c59-4c55ca59e330	{"pid": "A000014216", "type": "bf:Organisation", "conference": false, "variant_name": ["NCAAC (National Consumer Affairs Advisory Council)", "National Consumer Affairs Advisory Council"], "preferred_name": "Australia. National Consumer Affairs Advisory Council", "variant_access_point": ["NCAAC (National Consumer Affairs Advisory Council)", "National Consumer Affairs Advisory Council"], "authorized_access_point": "Australia. National Consumer Affairs Advisory Council", "md5": "f4a3ac50f910097970d691d9142ecb7f", "$schema": "https://mef.rero.ch/schemas/agents_rero/rero-agent-v0.0.1.json"}	1
2026-03-25 19:53:19.182768+00:00	2026-03-25 19:53:19.182768+00:00	676ecbe0-8510-47a2-860f-d1baa6d921e1	{"pid": "A000014650", "type": "bf:Organisation", "conference": false, "variant_name": ["Fluggruppe Oberwallis"], "preferred_name": "A\\u00e9ro-Club de Suisse. Section du Valais. Fluggruppe Oberwallis", "variant_access_point": ["Fluggruppe Oberwallis"], "authorized_access_point": "A\\u00e9ro-Club de Suisse. Section du Valais. Fluggruppe Oberwallis", "md5": "7f7b253095e07863b17615d6565d4de2", "$schema": "https://mef.rero.ch/schemas/agents_rero/rero-agent-v0.0.1.json"}	1
2026-03-25 19:53:19.182797+00:00	2026-03-25 19:53:19.182797+00:00	f798ecff-8a82-4284-9629-e21b3f37139e	{"pid": "A000016955", "type": "bf:Person", "date_of_birth": "1813", "date_of_death": "1882", "preferred_name": "Batissier, Louis,", "authorized_access_point": "Batissier, Louis, 1813-1882", "biographical_information": ["B. Lewis est le pseudonyme de Louis Batissier", "M\\u00e9decin. - Inspecteur de monuments historiques de l'Allier"], "md5": "2140887b66d06d337474985f281616b2", "$schema": "https://mef.rero.ch/schemas/agents_rero/rero-agent-v0.0.1.json"}	1
2026-03-25 19:53:19.182824+00:00	2026-03-25 19:53:19.182824+00:00	97cbdd74-6e4e-421c-86ae-ba685c11da44	{"pid": "A000018483", "type": "bf:Person", "qualifier": "d'Anoia", "variant_name": ["Anoia, Berenguer d'"], "preferred_name": "Berenguer, d'Anoia", "variant_access_point": ["Anoia, Berenguer d'"], "authorized_access_point": "Berenguer, d'Anoia", "md5": "2b5f2f637698dff058d52b284747059b", "$schema": "https://mef.rero.ch/schemas/agents_rero/rero-agent-v0.0.1.json"}	1
2026-03-25 19:53:19.182851+00:00	2026-03-25 19:53:19.182851+00:00	2b5213c7-7d52-4308-9c1c-dc4bfb6483e3	{"pid": "A000018719", "type": "bf:Organisation", "conference": false, "variant_name": ["Bern (Kanton). Service de statistique"], "preferred_name": "Bern (Kanton). Amt f\\u00fcr Statistik", "variant_access_point": ["Bern (Kanton). Service de statistique"], "authorized_access_point": "Bern (Kanton). Amt f\\u00fcr Statistik", "md5": "4c76d4ea3bcd01f8460599331849e3b1", "$schema": "https://mef.rero.ch/schemas/agents_rero/rero-agent-v0.0.1.json"}	1
2026-03-25 19:53:19.182879+00:00	2026-03-25 19:53:19.182879+00:00	3ca0de1e-ea77-493a-86de-8e9bb1e99348	{"pid": "A000022042", "type": "bf:Person", "variant_name": ["Bouchon, Bernadette"], "preferred_name": "Bouchon-Meunier, Bernadette", "variant_access_point": ["Bouchon, Bernadette"], "authorized_access_point": "Bouchon-Meunier, Bernadette", "biographical_information": ["Nom collectif r\\u00e9unissant des syst\\u00e9miciens provenant des milieux universitaire, administratif et industriel"], "md5": "b92147655f2717e69898239ec92a12ab", "$schema": "https://mef.rero.ch/schemas/agents_rero/rero-agent-v0.0.1.json"}	1
2026-03-25 19:53:19.182908+00:00	2026-03-25 19:53:19.182908+00:00	0194c143-c61a-4bff-b701-130cfde5e3ef	{"pid": "A000023938", "type": "bf:Organisation", "conference": false, "variant_name": ["Deutschland (Bundesrepublik). Bundeskonferenz f\\u00fcr Erziehungsberatung"], "preferred_name": "Bundeskonferenz f\\u00fcr Erziehungsberatung", "variant_access_point": ["Deutschland (Bundesrepublik). Bundeskonferenz f\\u00fcr Erziehungsberatung"], "authorized_access_point": "Bundeskonferenz f\\u00fcr Erziehungsberatung", "md5": "a5d7a1291614c4f3c218ecffee50a969", "$schema": "https://mef.rero.ch/schemas/agents_rero/rero-agent-v0.0.1.json"}	1
2026-03-25 19:53:19.182937+00:00	2026-03-25 19:53:19.182937+00:00	0babf678-7409-4b8d-98cd-c20902ec32e6	{"pid": "A000026444", "type": "bf:Organisation", "conference": false, "variant_name": ["Centro per la ricerca e l'applicazione dell'informatica alle scienze umane (Grono / Giubiasco)"], "preferred_name": "COBIS (Centro per la ricerca e l'applicazione dell'informatica alle scienze umane ; Grono / Giubiasco)", "variant_access_point": ["Centro per la ricerca e l'applicazione dell'informatica alle scienze umane (Grono / Giubiasco)"], "authorized_access_point": "COBIS (Centro per la ricerca e l'applicazione dell'informatica alle scienze umane ; Grono / Giubiasco)", "md5": "81ef007711b8d479416b788475150088", "$schema": "https://mef.rero.ch/schemas/agents_rero/rero-agent-v0.0.1.json"}	1
2026-03-25 19:53:19.182999+00:00	2026-03-25 19:53:19.182999+00:00	baca81ca-05c8-4121-8758-e44fa3e2a3cb	{"pid": "A000031507", "type": "bf:Organisation", "conference": false, "variant_name": ["CEDOS (Centre de documentation et d'information scientifiques)"], "preferred_name": "Centre de documentation et d'information scientifiques (Gen\\u00e8ve)", "variant_access_point": ["CEDOS (Centre de documentation et d'information scientifiques)"], "authorized_access_point": "Centre de documentation et d'information scientifiques (Gen\\u00e8ve)", "md5": "f3130e05e63e523e0eaa88e2ee8d2f5a", "$schema": "https://mef.rero.ch/schemas/agents_rero/rero-agent-v0.0.1.json"}	1
2026-03-25 19:53:19.183033+00:00	2026-03-25 19:53:19.183033+00:00	e29c216f-171d-4bb4-ad34-36267dd425fc	{"pid": "A000032185", "type": "bf:Organisation", "conference": false, "variant_name": ["Centre for the Study of Education in Developing Countries (Den Haag)", "CESO (Centre for the Study of Education in Developing Countries ; Den Haag)", "Centro de Estudios de la Educaci\\u00f3n en Sociedades en Proceso de Cambio (Den Haag)", "Centro para el Estudio de la Educaci\\u00f3n en Pa\\u00edses en v\\u00eda de Desarrollo (Den Haag)"], "preferred_name": "Centrum voor de Studie van het Onderwijs in de Ontwikkelingslanden (Den Haag)", "variant_access_point": ["Centre for the Study of Education in Developing Countries (Den Haag)", "CESO (Centre for the Study of Education in Developing Countries ; Den Haag)", "Centro de Estudios de la Educaci\\u00f3n en Sociedades en Proceso de Cambio (Den Haag)", "Centro para el Estudio de la Educaci\\u00f3n en Pa\\u00edses en v\\u00eda de Desarrollo (Den Haag)"], "authorized_access_point": "Centrum voor de Studie van het Onderwijs in de Ontwikkelingslanden (Den Haag)", "md5": "e6bb97b4fbaece063bfaf4b51b422da8", "$schema": "https://mef.rero.ch/schemas/agents_rero/rero-agent-v0.0.1.json"}	1
2026-03-25 19:53:19.183066+00:00	2026-03-25 19:53:19.183066+00:00	83a6b60d-29ba-43de-899f-44b1daac82c7	{"pid": "A000033498", "type": "bf:Organisation", "conference": false, "variant_name": ["CSG (Ceramic Study Group Sydney)"], "preferred_name": "Ceramic Study Group (Sydney)", "variant_access_point": ["CSG (Ceramic Study Group Sydney)"], "authorized_access_point": "Ceramic Study Group (Sydney)", "md5": "afc0cb9f0ec65dfb60b1a19453139840", "$schema": "https://mef.rero.ch/schemas/agents_rero/rero-agent-v0.0.1.json"}	1
2026-03-25 19:53:19.183094+00:00	2026-03-25 19:53:19.183094+00:00	6921a064-ab19-4ce4-871e-b7e5816383b9	{"pid": "A000035884", "type": "bf:Person", "variant_name": ["Cholinus, Gosuinus"], "preferred_name": "Cholinus, Goswin", "variant_access_point": ["Cholinus, Gosuinus"], "authorized_access_point": "Cholinus, Goswin", "md5": "b6bc19361fd1228ebde34d1a98fcc79c", "$schema": "https://mef.rero.ch/schemas/agents_rero/rero-agent-v0.0.1.json"}	1
2026-03-25 19:53:19.183122+00:00	2026-03-25 19:53:19.183122+00:00	0b18071c-2c83-4c64-8313-38d484f4a544	{"pid": "A000041054", "type": "bf:Organisation", "conference": false, "variant_name": ["CGIL (Confederazione generale italiana del lavoro)"], "preferred_name": "Confederazione generale italiana del lavoro", "variant_access_point": ["CGIL (Confederazione generale italiana del lavoro)"], "authorized_access_point": "Confederazione generale italiana del lavoro", "md5": "3c0e97b33a41d5c304d63498dba02a6d", "$schema": "https://mef.rero.ch/schemas/agents_rero/rero-agent-v0.0.1.json"}	1
2026-03-25 19:53:19.183152+00:00	2026-03-25 19:53:19.183152+00:00	d12bc352-4c7e-470b-8af1-d5d0ec443c56	{"pid": "A000042792", "type": "bf:Organisation", "conference": false, "variant_name": ["Comit\\u00e9 d'experts sur la recherche en mati\\u00e8re de sport (Conseil de l'Europe)", "Conseil de l'Europe. Comit\\u00e9 pour le d\\u00e9veloppement du sport. Comit\\u00e9 d'experts sur la recherche en mati\\u00e8re de sport"], "preferred_name": "Conseil de l'Europe. Comit\\u00e9 d'experts sur la recherche en mati\\u00e8re de sport", "variant_access_point": ["Comit\\u00e9 d'experts sur la recherche en mati\\u00e8re de sport (Conseil de l'Europe)", "Conseil de l'Europe. Comit\\u00e9 pour le d\\u00e9veloppement du sport. Comit\\u00e9 d'experts sur la recherche en mati\\u00e8re de sport"], "authorized_access_point": "Conseil de l'Europe. Comit\\u00e9 d'experts sur la recherche en mati\\u00e8re de sport", "md5": "175caf3eff3e8109225535774a2e4a6d", "$schema": "https://mef.rero.ch/schemas/agents_rero/rero-agent-v0.0.1.json"}	1
2026-03-25 19:53:19.183186+00:00	2026-03-25 19:53:19.183186+00:00	8ac417cc-fb63-4a64-b1ef-85f547348505	{"pid": "A000045285", "type": "bf:Organisation", "conference": false, "preferred_name": "Cr\\u00e9dit Suisse Fides Trust (Z\\u00fcrich)", "authorized_access_point": "Cr\\u00e9dit Suisse Fides Trust (Z\\u00fcrich)", "biographical_information": ["KPMG = Klynveld Peat Marwick Goerdeler", "De 1981 \\u00e0 1984: Fides Revision (Z\\u00fcrich)", "De 1985 \\u00e0 1987: KMG Fides Revision (Z\\u00fcrich)", "De 1988 \\u00e0 1991: KPMG Fides Peat (Z\\u00fcrich)", "De 1992 \\u00e0 1994: Fides Trust (Z\\u00fcrich)", "D\\u00e8s 1995: Cr\\u00e9dit Suisse Fides Trust (Z\\u00fcrich)"], "md5": "17db6211677aa00229e389ad5629c6cf", "$schema": "https://mef.rero.ch/schemas/agents_rero/rero-agent-v0.0.1.json"}	1
2026-03-25 19:53:19.183215+00:00	2026-03-25 19:53:19.183215+00:00	d6287645-f4f1-4316-a775-4ea0e227e276	{"pid": "A000047084", "type": "bf:Person", "variant_name": ["Gupta, Jyotitindra Das"], "preferred_name": "Das Gupta, Jyotirindra", "variant_access_point": ["Gupta, Jyotitindra Das"], "authorized_access_point": "Das Gupta, Jyotirindra", "md5": "1d6293c848f940ce331705be4697390e", "$schema": "https://mef.rero.ch/schemas/agents_rero/rero-agent-v0.0.1.json"}	1
2026-03-25 19:53:19.183240+00:00	2026-03-25 19:53:19.183240+00:00	8adb9570-76ad-4a0c-9b5d-4f1e8bf256c6	{"pid": "A000047788", "type": "bf:Person", "variant_name": ["Groote, Jacqueline de"], "preferred_name": "De Groote, Jacqueline", "variant_access_point": ["Groote, Jacqueline de"], "authorized_access_point": "De Groote, Jacqueline", "md5": "d46b2b64ac88a05d04417a326507b7bd", "$schema": "https://mef.rero.ch/schemas/agents_rero/rero-agent-v0.0.1.json"}	1
2026-03-25 19:53:19.183269+00:00	2026-03-25 19:53:19.183269+00:00	07e22153-fe94-4f06-b079-265f01945718	{"pid": "A000062707", "type": "bf:Organisation", "conference": false, "variant_name": ["Philipinas", "Philippinen", "Filipinas", "R\\u00e9publica de Filipinas", "Republic of the Philippines"], "preferred_name": "Philippines", "variant_access_point": ["Philipinas", "Philippinen", "Filipinas", "R\\u00e9publica de Filipinas", "Republic of the Philippines"], "authorized_access_point": "Philippines", "md5": "4c159136b21748d4e834aef81b3a9d54", "$schema": "https://mef.rero.ch/schemas/agents_rero/rero-agent-v0.0.1.json"}	1
2026-03-25 19:53:19.183296+00:00	2026-03-25 19:53:19.183296+00:00	285050a6-3e4f-4468-a263-d60278d9e7d7	{"pid": "A000063670", "type": "bf:Organisation", "conference": false, "variant_name": ["FFN (Fondation fran\\u00e7aise pour la nutrition)", "Institut fran\\u00e7ais pour la nutrition"], "preferred_name": "Fondation fran\\u00e7aise pour la nutrition", "variant_access_point": ["FFN (Fondation fran\\u00e7aise pour la nutrition)", "Institut fran\\u00e7ais pour la nutrition"], "authorized_access_point": "Fondation fran\\u00e7aise pour la nutrition", "md5": "27b9c20eed9274bca51694c5ef87988f", "$schema": "https://mef.rero.ch/schemas/agents_rero/rero-agent-v0.0.1.json"}	1
2026-03-25 19:53:19.183340+00:00	2026-03-25 19:53:19.183340+00:00	13ec1295-a2c0-4915-b20e-41033d72380d	{"pid": "A000068070", "type": "bf:Organisation", "conference": false, "variant_name": ["F\\u00e9d\\u00e9ration vaudoise des syndicats d'\\u00e9levage chevalin"], "preferred_name": "F\\u00e9d\\u00e9ration vaudoise des syndicats d'\\u00e9levage de l'esp\\u00e8ce chevaline", "variant_access_point": ["F\\u00e9d\\u00e9ration vaudoise des syndicats d'\\u00e9levage chevalin"], "authorized_access_point": "F\\u00e9d\\u00e9ration vaudoise des syndicats d'\\u00e9levage de l'esp\\u00e8ce chevaline", "md5": "f83ed13435a7e4066d5e32719493177e", "$schema": "https://mef.rero.ch/schemas/agents_rero/rero-agent-v0.0.1.json"}	1
2026-03-25 19:53:19.183370+00:00	2026-03-25 19:53:19.183370+00:00	5379387f-267d-49cc-a7fd-f24f732ba83a	{"pid": "A000069516", "type": "bf:Person", "variant_name": ["Pav\\u00f3n, Francisco Garc\\u00eda,"], "date_of_birth": "1919", "date_of_death": "1989", "preferred_name": "Garc\\u00eda Pav\\u00f3n, Francisco,", "variant_access_point": ["Pav\\u00f3n, Francisco Garc\\u00eda, 1919-1989"], "authorized_access_point": "Garc\\u00eda Pav\\u00f3n, Francisco, 1919-1989", "biographical_information": ["Romancier et critique de th\\u00e9\\u00e2tre. - Docteur \\u00e8s lettres et philosophie"], "md5": "3267aae4c64e552dc9008bd4cdbc8c52", "$schema": "https://mef.rero.ch/schemas/agents_rero/rero-agent-v0.0.1.json"}	1
2026-03-25 19:53:19.183399+00:00	2026-03-25 19:53:19.183399+00:00	ee6c8b82-f69a-4bb7-a3a4-bd4d4d6ddf61	{"pid": "A000074210", "type": "bf:Organisation", "conference": false, "variant_name": ["Securities and Investments Board", "SIB (Securities and Investments Board)"], "preferred_name": "Great Britain. Securities and Investments Board", "variant_access_point": ["Securities and Investments Board", "SIB (Securities and Investments Board)"], "authorized_access_point": "Great Britain. Securities and Investments Board", "md5": "3450ff109000e295e1a2037b50888e95", "$schema": "https://mef.rero.ch/schemas/agents_rero/rero-agent-v0.0.1.json"}	1
2026-03-25 19:53:19.183426+00:00	2026-03-25 19:53:19.183426+00:00	d92e6f59-e8fe-467d-8bad-4466030cfd46	{"pid": "A000075082", "type": "bf:Organisation", "conference": false, "variant_name": ["GRET (Groupe de recherche et d'\\u00e9changes technologiques, Paris)"], "preferred_name": "Groupe de recherche et d'\\u00e9changes technologiques (Paris)", "variant_access_point": ["GRET (Groupe de recherche et d'\\u00e9changes technologiques, Paris)"], "authorized_access_point": "Groupe de recherche et d'\\u00e9changes technologiques (Paris)", "md5": "190796620018daca21ddc9663cfae41d", "$schema": "https://mef.rero.ch/schemas/agents_rero/rero-agent-v0.0.1.json"}	1
2026-03-25 19:53:19.183457+00:00	2026-03-25 19:53:19.183457+00:00	039656db-5501-4d28-86be-eea8e8af8708	{"pid": "A000075825", "type": "bf:Organisation", "conference": false, "variant_name": ["Hellas. Ministry of Culture and Sciences", "Hypourgeio Politismou kai Epist\\u0113m\\u014dn", "Hellas. Ministerium f\\u00fcr Kultur und Wissenschaft", "Hellas. Minist\\u00e8re de la culture et des sciences", "Hypurgeion Politismu kai Epist\\u0113m\\u014dn", "Hellas. Hypurgeio Politismu kai Epist\\u0113m\\u014dn"], "preferred_name": "Hellas. Hypourgeio Politismou kai Epist\\u0113m\\u014dn", "variant_access_point": ["Hellas. Ministry of Culture and Sciences", "Hypourgeio Politismou kai Epist\\u0113m\\u014dn", "Hellas. Ministerium f\\u00fcr Kultur und Wissenschaft", "Hellas. Minist\\u00e8re de la culture et des sciences", "Hypurgeion Politismu kai Epist\\u0113m\\u014dn", "Hellas. Hypurgeio Politismu kai Epist\\u0113m\\u014dn"], "authorized_access_point": "Hellas. Hypourgeio Politismou kai Epist\\u0113m\\u014dn", "md5": "0b49afa5b6e2d88574d224177dff9e82", "$schema": "https://mef.rero.ch/schemas/agents_rero/rero-agent-v0.0.1.json"}	1
2026-03-25 19:53:19.183487+00:00	2026-03-25 19:53:19.183487+00:00	a9660d1b-9c0b-4752-a1c1-30f0fc29f77f	{"pid": "A000078192", "type": "bf:Organisation", "conference": false, "variant_name": ["Fitzwilliam Museum (Cambridge). Hamilton Kerr Institute", "Cambridge University. Hamilton Kerr Institute"], "preferred_name": "Hamilton Kerr Institute (Cambridge)", "variant_access_point": ["Fitzwilliam Museum (Cambridge). Hamilton Kerr Institute", "Cambridge University. Hamilton Kerr Institute"], "authorized_access_point": "Hamilton Kerr Institute (Cambridge)", "md5": "2dd9ee38f007fb944c11350a09bea8fb", "$schema": "https://mef.rero.ch/schemas/agents_rero/rero-agent-v0.0.1.json"}	1
2026-03-25 19:53:19.183517+00:00	2026-03-25 19:53:19.183517+00:00	952e97e1-2762-4c42-af34-e936095029bf	{"pid": "A000082809", "type": "bf:Person", "variant_name": ["Kh\\u0101lid\\u012b, \\u02bfAbd al-Maj\\u012bd ibn Muh\\u0323ammad,", "H\\u0332\\u0101n\\u012b, \\u02bfAbd al-Mag\\u030c\\u012bd,", "Nasqshaband\\u012b, \\u02bfAbd al-Maj\\u012bd ibn Muh\\u0323ammad,"], "date_of_birth": "ca. 1846", "date_of_death": "ca. 1901", "preferred_name": "Kh\\u0101n\\u012b, \\u02bfAbd al-Maj\\u012bd ibn Muh\\u0323ammad,", "variant_access_point": ["Kh\\u0101lid\\u012b, \\u02bfAbd al-Maj\\u012bd ibn Muh\\u0323ammad, ca. 1846-ca. 1901", "H\\u0332\\u0101n\\u012b, \\u02bfAbd al-Mag\\u030c\\u012bd, ca. 1846-ca. 1901", "Nasqshaband\\u012b, \\u02bfAbd al-Maj\\u012bd ibn Muh\\u0323ammad, ca. 1846-ca. 1901"], "parallel_access_point": ["\\u062e\\u0627\\u0646\\u064a\\u060c \\u0639\\u0628\\u062f \\u0627\\u0644\\u0645\\u062c\\u064a\\u062f \\u0628\\u0646 \\u0645\\u062d\\u0645\\u062f\\u060c ca. 1846-ca. 1901"], "authorized_access_point": "Kh\\u0101n\\u012b, \\u02bfAbd al-Maj\\u012bd ibn Muh\\u0323ammad, ca. 1846-ca. 1901", "md5": "b56d07aa078af140fa8f10418a0c029c", "$schema": "https://mef.rero.ch/schemas/agents_rero/rero-agent-v0.0.1.json"}	1
2026-03-25 19:53:19.183549+00:00	2026-03-25 19:53:19.183549+00:00	57a76d05-3906-47dd-b0f6-7c0d31290206	{"pid": "A000085441", "type": "bf:Organisation", "conference": false, "variant_name": ["INFRA Z\\u00fcrich (Informationsstelle f\\u00fcr Frauen)"], "preferred_name": "Informationsstelle f\\u00fcr Frauen (Z\\u00fcrich)", "variant_access_point": ["INFRA Z\\u00fcrich (Informationsstelle f\\u00fcr Frauen)"], "authorized_access_point": "Informationsstelle f\\u00fcr Frauen (Z\\u00fcrich)", "md5": "450018640de8f3044a5cc25191f21ba3", "$schema": "https://mef.rero.ch/schemas/agents_rero/rero-agent-v0.0.1.json"}	1
2026-03-25 19:53:19.183575+00:00	2026-03-25 19:53:19.183575+00:00	8553caf0-d076-4f29-a5df-054e38bf20d2	{"pid": "A000085746", "type": "bf:Organisation", "conference": false, "variant_name": ["Couvent des Ursulines (Fribourg)"], "preferred_name": "Institut Sainte-Ursule (Fribourg)", "variant_access_point": ["Couvent des Ursulines (Fribourg)"], "authorized_access_point": "Institut Sainte-Ursule (Fribourg)", "md5": "c77fcc30392f56987d7bb7fdc5a206c4", "$schema": "https://mef.rero.ch/schemas/agents_rero/rero-agent-v0.0.1.json"}	1
2026-03-25 19:53:19.183601+00:00	2026-03-25 19:53:19.183601+00:00	e4316c6d-6bea-4329-8f36-34ad558320b2	{"pid": "A000087771", "type": "bf:Organisation", "conference": false, "variant_name": ["CFA (Institute of Chartered Financial Analysts ; USA)", "ICFA (Institute of Chartered Financial Analysts ; USA)"], "preferred_name": "Institute of Chartered Financial Analysts (USA)", "variant_access_point": ["CFA (Institute of Chartered Financial Analysts ; USA)", "ICFA (Institute of Chartered Financial Analysts ; USA)"], "authorized_access_point": "Institute of Chartered Financial Analysts (USA)", "md5": "829692c746a8cfd9b059d8b95bd77c63", "$schema": "https://mef.rero.ch/schemas/agents_rero/rero-agent-v0.0.1.json"}	1
2026-03-25 19:53:19.183641+00:00	2026-03-25 19:53:19.183641+00:00	b60fea61-83be-4a65-b0ba-f444dc687f3d	{"pid": "A000091274", "type": "bf:Organisation", "conference": false, "variant_name": ["Intrag AG (Verwaltung von Investment Trusts)"], "preferred_name": "Intrag SA (Gestion d'Investment Trusts)", "variant_access_point": ["Intrag AG (Verwaltung von Investment Trusts)"], "authorized_access_point": "Intrag SA (Gestion d'Investment Trusts)", "md5": "f42e111aef5c1843ac39c1c263b3b845", "$schema": "https://mef.rero.ch/schemas/agents_rero/rero-agent-v0.0.1.json"}	1
2026-03-25 19:53:19.183668+00:00	2026-03-25 19:53:19.183668+00:00	e73340aa-61bd-4eb8-8173-edc727404a83	{"pid": "A000092501", "type": "bf:Organisation", "conference": false, "variant_name": ["Italia. Ministero per i beni culturali e ambientali. Soprintendenza archivistica per la Toscana", "Soprintendenza archivistica per la Toscana"], "preferred_name": "Italia. Soprintendenza archivistica per la Toscana", "variant_access_point": ["Italia. Ministero per i beni culturali e ambientali. Soprintendenza archivistica per la Toscana", "Soprintendenza archivistica per la Toscana"], "authorized_access_point": "Italia. Soprintendenza archivistica per la Toscana", "md5": "e34bee89c45085f5cc992f94fc260433", "$schema": "https://mef.rero.ch/schemas/agents_rero/rero-agent-v0.0.1.json"}	1
2026-03-25 19:53:19.183694+00:00	2026-03-25 19:53:19.183694+00:00	93482b72-7276-452c-9afd-2dcd70b95956	{"pid": "A000099346", "type": "bf:Person", "variant_name": ["K'ung, Shang-jen"], "preferred_name": "Kong, Shangren", "variant_access_point": ["K'ung, Shang-jen"], "authorized_access_point": "Kong, Shangren", "md5": "372a63a203fed9229f2130f2b34089e3", "$schema": "https://mef.rero.ch/schemas/agents_rero/rero-agent-v0.0.1.json"}	1
2026-03-25 19:53:19.183718+00:00	2026-03-25 19:53:19.183718+00:00	996a0156-af37-4958-8bfa-8c15fb8a6ba8	{"pid": "A000100584", "type": "bf:Person", "variant_name": ["Kupriyanova, V.R", "Kuprijanova, V.R"], "preferred_name": "Kuprii\\ufe20a\\ufe21nova, V.R", "variant_access_point": ["Kupriyanova, V.R", "Kuprijanova, V.R"], "authorized_access_point": "Kuprii\\ufe20a\\ufe21nova, V.R", "md5": "25513ebb3cd348961a81fb2163df4bcc", "$schema": "https://mef.rero.ch/schemas/agents_rero/rero-agent-v0.0.1.json"}	1
2026-03-25 19:53:19.183743+00:00	2026-03-25 19:53:19.183743+00:00	68c5b45e-d4b6-4ef7-b1c3-7156a856fd24	{"pid": "A000102121", "type": "bf:Person", "variant_name": ["Verpelli, Silvia Lalia"], "preferred_name": "Lalia Verpelli, Silvia", "variant_access_point": ["Verpelli, Silvia Lalia"], "authorized_access_point": "Lalia Verpelli, Silvia", "md5": "831fb20617949cd56ab550f8d03a2f2a", "$schema": "https://mef.rero.ch/schemas/agents_rero/rero-agent-v0.0.1.json"}	1
2026-03-25 19:53:19.183767+00:00	2026-03-25 19:53:19.183767+00:00	03a189bb-8596-48d7-ad0e-845bf3ea0cd4	{"pid": "A000103142", "type": "bf:Person", "variant_name": ["Lavoix, Henri, numismate"], "preferred_name": "Lavoix, Michel Henri", "variant_access_point": ["Lavoix, Henri, numismate"], "authorized_access_point": "Lavoix, Michel Henri", "md5": "98560d54816fe01a1d415a97a98461d1", "$schema": "https://mef.rero.ch/schemas/agents_rero/rero-agent-v0.0.1.json"}	1
2026-03-25 19:53:19.183791+00:00	2026-03-25 19:53:19.183791+00:00	aecf889c-95ad-47bc-a26b-dd79fb35f8c2	{"pid": "A000104694", "type": "bf:Person", "variant_name": ["Lanzhi, Li"], "preferred_name": "Li, Lanzhi", "variant_access_point": ["Lanzhi, Li"], "authorized_access_point": "Li, Lanzhi", "md5": "6c426f683aacaab6648392122c13849d", "$schema": "https://mef.rero.ch/schemas/agents_rero/rero-agent-v0.0.1.json"}	1
2026-03-25 19:53:19.183819+00:00	2026-03-25 19:53:19.183819+00:00	1097c7b7-70d1-428b-8166-cbd72948d015	{"pid": "A000107290", "type": "bf:Person", "variant_name": ["Swaanswijk, Lubertus Jacobus", "Van Swaanswijk, Lucebert"], "preferred_name": "Lucebert", "variant_access_point": ["Swaanswijk, Lubertus Jacobus", "Van Swaanswijk, Lucebert"], "authorized_access_point": "Lucebert", "biographical_information": ["Lucebert est le pseudonyme de Lubertus Jacobus Swaanswijk", "Lucebert est le pseudonyme de Lubertus Jacobus Swaanswijk"], "md5": "5b67d818d1b9202f98d4ddb7c83104a1", "$schema": "https://mef.rero.ch/schemas/agents_rero/rero-agent-v0.0.1.json"}	1
2026-03-25 19:53:19.183843+00:00	2026-03-25 19:53:19.183843+00:00	93998761-c344-408c-aa63-9187ddeec87e	{"pid": "A000108532", "type": "bf:Person", "variant_name": ["Hongjun, Ma"], "preferred_name": "Ma, Hongjun", "variant_access_point": ["Hongjun, Ma"], "authorized_access_point": "Ma, Hongjun", "md5": "a7e6704a5399ed06fad6e2f27c62f542", "$schema": "https://mef.rero.ch/schemas/agents_rero/rero-agent-v0.0.1.json"}	1
2026-03-25 19:53:19.183867+00:00	2026-03-25 19:53:19.183867+00:00	6713dead-83c6-4ff7-b177-3faee2bb3963	{"pid": "A000108719", "type": "bf:Person", "variant_name": ["Macclaskey, Marilyn H. Jones"], "preferred_name": "Macclaskey, Marilyn H", "variant_access_point": ["Macclaskey, Marilyn H. Jones"], "authorized_access_point": "Macclaskey, Marilyn H", "md5": "b98ee94d098ba3ea4070c63459dee8a6", "$schema": "https://mef.rero.ch/schemas/agents_rero/rero-agent-v0.0.1.json"}	1
2026-03-25 19:53:19.183891+00:00	2026-03-25 19:53:19.183891+00:00	668c9bc3-8377-4827-ba4a-ebb6d2df1c34	{"pid": "A000110353", "type": "bf:Person", "qualifier": "Evangelista", "variant_name": ["Marc, l'\\u00e9vang\\u00e9liste"], "preferred_name": "Marcus, Evangelista", "variant_access_point": ["Marc, l'\\u00e9vang\\u00e9liste"], "authorized_access_point": "Marcus, Evangelista", "md5": "5cd9e19c591135cf66fe844fbfe0f96c", "$schema": "https://mef.rero.ch/schemas/agents_rero/rero-agent-v0.0.1.json"}	1
2026-03-25 19:53:19.183918+00:00	2026-03-25 19:53:19.183918+00:00	0e62d535-d51f-49e9-9f1f-9852258a4268	{"pid": "A000119730", "type": "bf:Organisation", "conference": false, "variant_name": ["National Academy of Sciences (U.S.). Committee on Science and Public Policy. Committee on Research in the Life Sciences"], "preferred_name": "National Academy of Sciences (U.S.). Committee on Research in the Life Sciences", "variant_access_point": ["National Academy of Sciences (U.S.). Committee on Science and Public Policy. Committee on Research in the Life Sciences"], "authorized_access_point": "National Academy of Sciences (U.S.). Committee on Research in the Life Sciences", "md5": "0f4f9f5b476535085c96f19cbbff9342", "$schema": "https://mef.rero.ch/schemas/agents_rero/rero-agent-v0.0.1.json"}	1
2026-03-25 19:53:19.183945+00:00	2026-03-25 19:53:19.183945+00:00	4140b146-9e36-469e-ab3a-35a4c132c219	{"pid": "A000120627", "type": "bf:Organisation", "conference": false, "variant_name": ["Nations Unies. Department of Humanitarian Affairs", "DHA (Department of Humanitarian Affairs, Nations Unies"], "preferred_name": "Nations Unies. D\\u00e9partement des affaires humanitaires", "variant_access_point": ["Nations Unies. Department of Humanitarian Affairs", "DHA (Department of Humanitarian Affairs, Nations Unies"], "authorized_access_point": "Nations Unies. D\\u00e9partement des affaires humanitaires", "md5": "a9e9e9d71cd6144915c4309cfca3cdb1", "$schema": "https://mef.rero.ch/schemas/agents_rero/rero-agent-v0.0.1.json"}	1
2026-03-25 19:53:19.183986+00:00	2026-03-25 19:53:19.183986+00:00	2854a31e-63f0-4e18-ba15-8659e8fa51c7	{"pid": "A000124969", "type": "bf:Organisation", "conference": false, "variant_name": ["Italia. Ministero per i beni culturali e ambientali. Opificio delle pietre dure e laboratori di restauro (Firenze)", "OPD (Opificio delle pietre dure)"], "preferred_name": "Opificio delle pietre dure e laboratori di restauro (Firenze)", "variant_access_point": ["Italia. Ministero per i beni culturali e ambientali. Opificio delle pietre dure e laboratori di restauro (Firenze)", "OPD (Opificio delle pietre dure)"], "authorized_access_point": "Opificio delle pietre dure e laboratori di restauro (Firenze)", "md5": "a97e1bee5efedcf4f4a06a9a4374cae4", "$schema": "https://mef.rero.ch/schemas/agents_rero/rero-agent-v0.0.1.json"}	1
2026-03-25 19:53:19.184013+00:00	2026-03-25 19:53:19.184013+00:00	f4ae78bb-af97-499d-ae6b-c15a196fc26e	{"pid": "A000132150", "type": "bf:Organisation", "conference": false, "variant_name": ["Institut pontifical d'arch\\u00e9ologie chr\\u00e9tienne (Roma)"], "preferred_name": "Pontificio istituto di archeologia cristiana (Roma)", "variant_access_point": ["Institut pontifical d'arch\\u00e9ologie chr\\u00e9tienne (Roma)"], "authorized_access_point": "Pontificio istituto di archeologia cristiana (Roma)", "md5": "d332ec8d0a0672af6abb9236903e4b69", "$schema": "https://mef.rero.ch/schemas/agents_rero/rero-agent-v0.0.1.json"}	1
2026-03-25 19:53:19.184039+00:00	2026-03-25 19:53:19.184039+00:00	0adff921-3093-47dd-8721-eafb77a313ae	{"pid": "A000135302", "type": "bf:Organisation", "conference": false, "variant_name": ["Orchestre symphonique de Radio B\\u00e2le"], "preferred_name": "Radio Basel. Sinfonie Orchester", "variant_access_point": ["Orchestre symphonique de Radio B\\u00e2le"], "authorized_access_point": "Radio Basel. Sinfonie Orchester", "md5": "d526cb9b47d55259a7183e38c8262578", "$schema": "https://mef.rero.ch/schemas/agents_rero/rero-agent-v0.0.1.json"}	1
2026-03-25 19:53:19.184064+00:00	2026-03-25 19:53:19.184064+00:00	ad3cdb84-156d-41a0-8e3d-7144e334ca0c	{"pid": "A000136441", "type": "bf:Organisation", "conference": false, "variant_name": ["RSCU (Regional Soil Conservation Unit)"], "preferred_name": "Regional Soil Conservation Unit (Nairobi)", "variant_access_point": ["RSCU (Regional Soil Conservation Unit)"], "authorized_access_point": "Regional Soil Conservation Unit (Nairobi)", "md5": "396e34c9218d2ffde0e12326098d0119", "$schema": "https://mef.rero.ch/schemas/agents_rero/rero-agent-v0.0.1.json"}	1
2026-03-25 19:53:19.184088+00:00	2026-03-25 19:53:19.184088+00:00	772c2fe1-6e37-4cde-a6f7-55dbd6c3d5f7	{"pid": "A000142799", "type": "bf:Person", "variant_name": ["Yoshikazu, Sagami"], "preferred_name": "Sagami, Yoshikazu", "variant_access_point": ["Yoshikazu, Sagami"], "authorized_access_point": "Sagami, Yoshikazu", "md5": "ec79fd848396774dd6bb9ed8e79260b6", "$schema": "https://mef.rero.ch/schemas/agents_rero/rero-agent-v0.0.1.json"}	1
2026-03-25 19:53:19.184113+00:00	2026-03-25 19:53:19.184113+00:00	28c6d5d6-5de7-4171-8873-9c22194a5cc9	{"pid": "A000144337", "type": "bf:Person", "variant_name": ["Sarrazin, Adolphe, Mme", "Boissier, Anna"], "preferred_name": "Sarrazin, Anna", "variant_access_point": ["Sarrazin, Adolphe, Mme", "Boissier, Anna"], "authorized_access_point": "Sarrazin, Anna", "md5": "cbf90ecac560be4bbd33a66450406e79", "$schema": "https://mef.rero.ch/schemas/agents_rero/rero-agent-v0.0.1.json"}	1
2026-03-25 19:53:19.184141+00:00	2026-03-25 19:53:19.184141+00:00	85c7c99c-346b-4e8c-b66e-fdb0880726f2	{"pid": "A000147059", "type": "bf:Organisation", "conference": false, "variant_name": ["Schweizer Jugend forscht", "Scienza e giovent\\u00f9", "Fondation la science appelle les jeunes", "Stiftung Schweizer Jugend forscht", "Fondazione scienza e giovent\\u00f9", "Scienza e giuventetgna", "Fundaziun scienza e giuventetgna"], "preferred_name": "Science appelle les jeunes", "variant_access_point": ["Schweizer Jugend forscht", "Scienza e giovent\\u00f9", "Fondation la science appelle les jeunes", "Stiftung Schweizer Jugend forscht", "Fondazione scienza e giovent\\u00f9", "Scienza e giuventetgna", "Fundaziun scienza e giuventetgna"], "authorized_access_point": "Science appelle les jeunes", "md5": "f2235f109c4e9f8595b15d9d34692a15", "$schema": "https://mef.rero.ch/schemas/agents_rero/rero-agent-v0.0.1.json"}	1
2026-03-25 19:53:19.184172+00:00	2026-03-25 19:53:19.184172+00:00	d007b557-eedf-470e-90ff-54d8c5c54328	{"pid": "A000152472", "type": "bf:Organisation", "conference": false, "variant_name": ["Orchestre de la Soci\\u00e9t\\u00e9 des concerts du Conservatoire (Paris)", "Conservatoire orchestre (Paris)", "Pariser Conservatoire-Orchester"], "preferred_name": "Soci\\u00e9t\\u00e9 des concerts du Conservatoire (Paris). Orchestre", "variant_access_point": ["Orchestre de la Soci\\u00e9t\\u00e9 des concerts du Conservatoire (Paris)", "Conservatoire orchestre (Paris)", "Pariser Conservatoire-Orchester"], "authorized_access_point": "Soci\\u00e9t\\u00e9 des concerts du Conservatoire (Paris). Orchestre", "md5": "1af24ed19e0c19c9baa24c43daeda5e7", "$schema": "https://mef.rero.ch/schemas/agents_rero/rero-agent-v0.0.1.json"}	1
2026-03-25 19:53:19.184200+00:00	2026-03-25 19:53:19.184200+00:00	227a97ac-16da-40eb-a775-b747ab06ed45	{"pid": "A000152802", "type": "bf:Organisation", "conference": false, "variant_name": ["International Society for Experimental Hematology"], "preferred_name": "Soci\\u00e9t\\u00e9 internationale d'h\\u00e9matologie exp\\u00e9rimentale", "variant_access_point": ["International Society for Experimental Hematology"], "authorized_access_point": "Soci\\u00e9t\\u00e9 internationale d'h\\u00e9matologie exp\\u00e9rimentale", "md5": "0e076d211afc013c47a3f6b2e19a9f4c", "$schema": "https://mef.rero.ch/schemas/agents_rero/rero-agent-v0.0.1.json"}	1
2026-03-25 19:53:19.184228+00:00	2026-03-25 19:53:19.184228+00:00	3b89994b-e6cd-4bd2-a8ee-7a47fd8a6698	{"pid": "A000156095", "type": "bf:Organisation", "conference": false, "variant_name": ["Mus\\u00e9es de la Ville de Strasbourg", "Mus\\u00e9es municipaux (Strasbourg)", "Strasbourg. Mus\\u00e9es de la Ville de Strasbourg", "Strasbourg. Mus\\u00e9es municipaux", "Mus\\u00e9es de Strasbourg"], "preferred_name": "Strasbourg. Direction des mus\\u00e9es", "variant_access_point": ["Mus\\u00e9es de la Ville de Strasbourg", "Mus\\u00e9es municipaux (Strasbourg)", "Strasbourg. Mus\\u00e9es de la Ville de Strasbourg", "Strasbourg. Mus\\u00e9es municipaux", "Mus\\u00e9es de Strasbourg"], "authorized_access_point": "Strasbourg. Direction des mus\\u00e9es", "md5": "33234adf8bdbf0e97b3b23c6aa017d78", "$schema": "https://mef.rero.ch/schemas/agents_rero/rero-agent-v0.0.1.json"}	1
2026-03-25 19:53:19.184282+00:00	2026-03-25 19:53:19.184282+00:00	a65e3c03-c177-43b1-87d5-2dbc84f28a8c	{"pid": "A000157703", "type": "bf:Organisation", "conference": false, "variant_name": ["OFEFP (Office f\\u00e9d\\u00e9ral de l'environnement, des for\\u00eats et du paysage : Suisse)", "BUWAL (Bundesamt f\\u00fcr Umwelt, Wald und Landschaft : Suisse)", "Suisse. Bundesamt f\\u00fcr Umwelt, Wald und Landschaft", "UFAFP (Ufficio federale dell'ambiente, delle foreste e del paesaggio : Suisse)", "Suisse. Ufficio federale dell'ambiente, delle foreste e del paesaggio", "Swiss Agency for the Environment, Forests and Landscape", "SAEFL (Swiss Agency for the Environment, Forests and Landscape)", "Suisse. D\\u00e9partement f\\u00e9d\\u00e9ral des transports, des communications et de l'\\u00e9nergie. Bundesamt f\\u00fcr Umwelt, Wald und Landschaft", "Suisse. D\\u00e9partement f\\u00e9d\\u00e9ral des transports, des communications et de l'\\u00e9nergie. Ufficio federale dell'ambiente, delle foreste e del paesaggio", "Suisse. D\\u00e9partement f\\u00e9d\\u00e9ral des transports, des communications et de l'\\u00e9nergie. Uffizi federal d'ambient, guaud e cuntrada", "Suisse. D\\u00e9partement f\\u00e9d\\u00e9ral des transports, des communications et de l'\\u00e9nergie. Office f\\u00e9d\\u00e9ral de l'environnement, des for\\u00eats et du paysage", "Suisse. D\\u00e9partement f\\u00e9d\\u00e9ral des transports, des communications et de l'\\u00e9nergie. Swiss Agency for the Environment, Forests and Landscape", "Suisse. Uffizi federal d'ambient, guaud e cuntrada", "Bundesamt f\\u00fcr Umwelt, Wald und Landschaft (Suisse)", "Office f\\u00e9d\\u00e9ral de l'environnement, des for\\u00eats et du paysage (Suisse)", "UFAGC (Uffizi federal da l'ambient, dals guauds e da la cuntrada : Suisse)", "Ufficio federale dell'ambiente, delle foreste e del paesaggio (Suisse)", "Uffizi federal da l'ambient, dals guauds e da la cuntrada (Suisse)", "Uffizi federal d'ambient, guaud e cuntrada (Suisse)"], "preferred_name": "Suisse. Office f\\u00e9d\\u00e9ral de l'environnement, des for\\u00eats et du paysage", "variant_access_point": ["OFEFP (Office f\\u00e9d\\u00e9ral de l'environnement, des for\\u00eats et du paysage : Suisse)", "BUWAL (Bundesamt f\\u00fcr Umwelt, Wald und Landschaft : Suisse)", "Suisse. Bundesamt f\\u00fcr Umwelt, Wald und Landschaft", "UFAFP (Ufficio federale dell'ambiente, delle foreste e del paesaggio : Suisse)", "Suisse. Ufficio federale dell'ambiente, delle foreste e del paesaggio", "Swiss Agency for the Environment, Forests and Landscape", "SAEFL (Swiss Agency for the Environment, Forests and Landscape)", "Suisse. D\\u00e9partement f\\u00e9d\\u00e9ral des transports, des communications et de l'\\u00e9nergie. Bundesamt f\\u00fcr Umwelt, Wald und Landschaft", "Suisse. D\\u00e9partement f\\u00e9d\\u00e9ral des transports, des communications et de l'\\u00e9nergie. Ufficio federale dell'ambiente, delle foreste e del paesaggio", "Suisse. D\\u00e9partement f\\u00e9d\\u00e9ral des transports, des communications et de l'\\u00e9nergie. Uffizi federal d'ambient, guaud e cuntrada", "Suisse. D\\u00e9partement f\\u00e9d\\u00e9ral des transports, des communications et de l'\\u00e9nergie. Office f\\u00e9d\\u00e9ral de l'environnement, des for\\u00eats et du paysage", "Suisse. D\\u00e9partement f\\u00e9d\\u00e9ral des transports, des communications et de l'\\u00e9nergie. Swiss Agency for the Environment, Forests and Landscape", "Suisse. Uffizi federal d'ambient, guaud e cuntrada", "Bundesamt f\\u00fcr Umwelt, Wald und Landschaft (Suisse)", "Office f\\u00e9d\\u00e9ral de l'environnement, des for\\u00eats et du paysage (Suisse)", "UFAGC (Uffizi federal da l'ambient, dals guauds e da la cuntrada : Suisse)", "Ufficio federale dell'ambiente, delle foreste e del paesaggio (Suisse)", "Uffizi federal da l'ambient, dals guauds e da la cuntrada (Suisse)", "Uffizi federal d'ambient, guaud e cuntrada (Suisse)"], "authorized_access_point": "Suisse. Office f\\u00e9d\\u00e9ral de l'environnement, des for\\u00eats et du paysage", "biographical_information": ["De 1985 \\u00e0 1988, d'une part: Suisse. Office f\\u00e9d\\u00e9ral des for\\u00eats et de la protection du paysage", "De 1971-1988, d'autre part: Suisse. Office f\\u00e9d\\u00e9ral de la protection de l'environnement", "De 1989 \\u00e0 2005, devient par fusion: Suisse. Office f\\u00e9d\\u00e9ral de l'environnement, des for\\u00eats et du paysage", "D\\u00e8s 2006: Suisse. Office f\\u00e9d\\u00e9ral de l'environnement"], "md5": "595ff43b133942231fd33403ed350ef6", "$schema": "https://mef.rero.ch/schemas/agents_rero/rero-agent-v0.0.1.json"}	1
2026-03-25 19:53:19.184343+00:00	2026-03-25 19:53:19.184343+00:00	79562e98-da3e-4088-af64-9afa50805935	{"pid": "A000171374", "type": "bf:Organisation", "conference": false, "variant_name": ["Veneto. Giunta regionale. Dipartimento per l'informazione"], "preferred_name": "Veneto. Dipartimento per l'informazione", "variant_access_point": ["Veneto. Giunta regionale. Dipartimento per l'informazione"], "authorized_access_point": "Veneto. Dipartimento per l'informazione", "md5": "dbcdf2113b7792ef9fb7d9c773c2b434", "$schema": "https://mef.rero.ch/schemas/agents_rero/rero-agent-v0.0.1.json"}	1
2026-03-25 19:53:19.184368+00:00	2026-03-25 19:53:19.184368+00:00	a95715be-2f3d-44d5-b4f7-4443ac9ba6c9	{"pid": "A000176762", "type": "bf:Person", "variant_name": ["Wills, Lourdes", "Rivera, Lourdes Wills"], "preferred_name": "Wills Rivera, Lourdes", "variant_access_point": ["Wills, Lourdes", "Rivera, Lourdes Wills"], "authorized_access_point": "Wills Rivera, Lourdes", "md5": "eff674eb0ca8253e7fff472fc028757e", "$schema": "https://mef.rero.ch/schemas/agents_rero/rero-agent-v0.0.1.json"}	1
2026-03-25 19:53:19.184392+00:00	2026-03-25 19:53:19.184392+00:00	09efb9e0-1a25-45c8-8dce-3bee90ed0151	{"pid": "A000181158", "type": "bf:Person", "variant_name": ["Yiwuo, Zhai"], "preferred_name": "Zhai, Yiwuo", "variant_access_point": ["Yiwuo, Zhai"], "authorized_access_point": "Zhai, Yiwuo", "md5": "685e2f19ceee4fb4209d24e127f258ae", "$schema": "https://mef.rero.ch/schemas/agents_rero/rero-agent-v0.0.1.json"}	1
2026-03-25 19:53:19.184417+00:00	2026-03-25 19:53:19.184417+00:00	d9eecb8c-fb26-4d88-aa54-ca7174bd16b5	{"pid": "A000183008", "type": "bf:Organisation", "conference": false, "variant_name": ["University of California (Berkeley). Regional Oral History Office. Bancroft Library", "University of California (Berkeley). Bancroft Library"], "preferred_name": "Bancroft Library (Berkeley)", "variant_access_point": ["University of California (Berkeley). Regional Oral History Office. Bancroft Library", "University of California (Berkeley). Bancroft Library"], "authorized_access_point": "Bancroft Library (Berkeley)", "md5": "7e35dc0b59fc54553fad004d48414250", "$schema": "https://mef.rero.ch/schemas/agents_rero/rero-agent-v0.0.1.json"}	1
2026-03-25 19:53:19.184447+00:00	2026-03-25 19:53:19.184447+00:00	e2092584-93ef-4bc0-a8b8-6c1f9b6999c2	{"pid": "A000183027", "type": "bf:Organisation", "conference": false, "variant_name": ["Deutsche Staatsbibliothek (DDR)", "Staatsbibliothek (DDR) (Berlin-Ost)", "Staatsbibliothek (DDR)"], "preferred_name": "Deutsche Staatsbibliothek (Berlin)", "variant_access_point": ["Deutsche Staatsbibliothek (DDR)", "Staatsbibliothek (DDR) (Berlin-Ost)", "Staatsbibliothek (DDR)"], "authorized_access_point": "Deutsche Staatsbibliothek (Berlin)", "biographical_information": ["De 1918 \\u00e0 1945: Preussische Staatsbibliothek", "Avant 1918: K\\u00f6nigliche Bibliothek (Preussen)", "De 1945 \\u00e0 1961: Westdeutsche Bibliothek", "De 1954 au 31.12.1991: Deutsche Staatsbibliothek (DDR)", "De 1962 au 31.12.1991: Staatsbibliothek Preussischer Kulturbesitz (BRD)", "De 1945 \\u00e0 1954: \\u00d6ffentliche Wissenschaftliche Bibliothek (DDR)", "D\\u00e8s le 1.1.1992: Staatsbibliothek (Berlin)"], "md5": "ddb982fd9031f861c455ff604f7fe750", "$schema": "https://mef.rero.ch/schemas/agents_rero/rero-agent-v0.0.1.json"}	1
2026-03-25 19:53:19.184474+00:00	2026-03-25 19:53:19.184474+00:00	f12bfafd-92e3-450b-852f-c5c99834a8e3	{"pid": "A000184256", "type": "bf:Organisation", "conference": false, "preferred_name": "Isabella Stewart Gardner Museum (Boston)", "authorized_access_point": "Isabella Stewart Gardner Museum (Boston)", "md5": "93cfdad30e3f051e211f04f8e156c64d", "$schema": "https://mef.rero.ch/schemas/agents_rero/rero-agent-v0.0.1.json"}	1
2026-03-25 19:53:19.184497+00:00	2026-03-25 19:53:19.184497+00:00	8cbe040a-db47-4fe1-9ec5-bf95edaf0eca	{"pid": "A000185690", "type": "bf:Organisation", "conference": false, "preferred_name": "Mus\\u00e9e Crozatier (Puy-en-Velay)", "authorized_access_point": "Mus\\u00e9e Crozatier (Puy-en-Velay)", "md5": "27fb4c0d288ebdcb7a4e6c43233de8ae", "$schema": "https://mef.rero.ch/schemas/agents_rero/rero-agent-v0.0.1.json"}	1
2026-03-25 19:53:19.184521+00:00	2026-03-25 19:53:19.184521+00:00	952a3ee8-73ce-429d-99ee-5178f60ff361	{"pid": "A000187213", "type": "bf:Organisation", "conference": false, "variant_name": ["Institute of East Asian Studies"], "preferred_name": "University of California (Berkeley). Institute of East Asian Studies", "variant_access_point": ["Institute of East Asian Studies"], "authorized_access_point": "University of California (Berkeley). Institute of East Asian Studies", "md5": "595ce4235878f1be40bb9bce752877f1", "$schema": "https://mef.rero.ch/schemas/agents_rero/rero-agent-v0.0.1.json"}	1
2026-03-25 19:53:19.184562+00:00	2026-03-25 19:53:19.184562+00:00	c15c0414-a496-4464-80c1-3a33c8b9c96e	{"pid": "A000187557", "type": "bf:Organisation", "conference": false, "variant_name": ["Istituto di filologia classica (Bologna)"], "preferred_name": "Universit\\u00e0 di Bologna. Istituto di filologia classica", "variant_access_point": ["Istituto di filologia classica (Bologna)"], "authorized_access_point": "Universit\\u00e0 di Bologna. Istituto di filologia classica", "md5": "98c8b636e19e3ebdbf7828cbf2f4e399", "$schema": "https://mef.rero.ch/schemas/agents_rero/rero-agent-v0.0.1.json"}	1
2026-03-25 19:53:19.184591+00:00	2026-03-25 19:53:19.184591+00:00	e01b088a-27df-4df0-b722-b3880ab696f9	{"pid": "A000189570", "type": "bf:Organisation", "conference": false, "variant_name": ["Law of the Sea Institute (University of Hawaii (Honolulu))", "University of Hawaii (Honolulu). William S. Richardson School of Law. Law of the Sea Institute"], "preferred_name": "University of Hawaii (Honolulu). Law of the Sea Institute", "variant_access_point": ["Law of the Sea Institute (University of Hawaii (Honolulu))", "University of Hawaii (Honolulu). William S. Richardson School of Law. Law of the Sea Institute"], "authorized_access_point": "University of Hawaii (Honolulu). Law of the Sea Institute", "biographical_information": ["Law of the Sea Institute fut li\\u00e9 \\u00e0 l'Universit\\u00e9 of Rhode Island jusqu'\\u00e0 1977? et depuis \\u00e0 l'Universit\\u00e9 de Hawaii, William S. Richardson School of Law", "Avant 1977: University of Rhode Island. Law of the Sea Institute", "D\\u00e8s 1977: University of Hawaii. Law of the Sea Institute"], "md5": "d32265a72df6750987c2ce72056ad0d4", "$schema": "https://mef.rero.ch/schemas/agents_rero/rero-agent-v0.0.1.json"}	1
2026-03-25 19:53:19.184620+00:00	2026-03-25 19:53:19.184620+00:00	3e7e00ea-5753-40c4-b378-df371c496eac	{"pid": "A000190495", "type": "bf:Organisation", "conference": false, "variant_name": ["Institute of Obstetrics and Gynaecology (London)"], "preferred_name": "University of London. Institute of Obstetrics and Gynaecology", "variant_access_point": ["Institute of Obstetrics and Gynaecology (London)"], "authorized_access_point": "University of London. Institute of Obstetrics and Gynaecology", "md5": "c0ecb5df676c6bd2d6bb698f961bf572", "$schema": "https://mef.rero.ch/schemas/agents_rero/rero-agent-v0.0.1.json"}	1
2026-03-25 19:53:19.184658+00:00	2026-03-25 19:53:19.184658+00:00	5eddfc8a-1786-46c1-b1c0-3104263760ba	{"pid": "A000193226", "type": "bf:Organisation", "conference": false, "variant_name": ["Universidad Nacional de Rosario. Facultad de Ciencias Exactas e Ingenier\\u00eda. Instituto de Matem\\u00e1tica Beppo Levi", "Instituto de Matem\\u00e1tica Beppo Levi (Rosario, Argentina)"], "preferred_name": "Universidad Nacional de Rosario. Instituto de Matem\\u00e1tica Beppo Levi", "variant_access_point": ["Universidad Nacional de Rosario. Facultad de Ciencias Exactas e Ingenier\\u00eda. Instituto de Matem\\u00e1tica Beppo Levi", "Instituto de Matem\\u00e1tica Beppo Levi (Rosario, Argentina)"], "authorized_access_point": "Universidad Nacional de Rosario. Instituto de Matem\\u00e1tica Beppo Levi", "md5": "8822a275e53db22af830e2f63ebd73f6", "$schema": "https://mef.rero.ch/schemas/agents_rero/rero-agent-v0.0.1.json"}	1
2026-03-25 19:53:19.184685+00:00	2026-03-25 19:53:19.184685+00:00	03e2253c-1393-4745-9dba-311fd35a1130	{"pid": "A000193381", "type": "bf:Organisation", "conference": false, "variant_name": ["Universit\\u00e0 di Salerno"], "preferred_name": "Universit\\u00e0 degli studi di Salerno", "variant_access_point": ["Universit\\u00e0 di Salerno"], "authorized_access_point": "Universit\\u00e0 degli studi di Salerno", "md5": "0e2e26d5ac489306538194975274ea82", "$schema": "https://mef.rero.ch/schemas/agents_rero/rero-agent-v0.0.1.json"}	1
2026-03-25 19:53:19.184714+00:00	2026-03-25 19:53:19.184714+00:00	2aa75c51-d2df-4686-a256-aff401f523ce	{"pid": "A000193605", "type": "bf:Organisation", "conference": false, "variant_name": ["Seminario de Antropolog\\u00eda Americana (Sevilla)", "Universidad de Sevilla. Facultad de Filosof\\u00eda y Letras. Departamento de Antropolog\\u00eda y Etnolog\\u00eda de Am\\u00e9rica. Seminario de Antropolog\\u00eda Americana", "Universidad de Sevilla. Departamento de Antropolog\\u00eda y Etnolog\\u00eda de Am\\u00e9rica. Seminario de Antropolog\\u00eda Americana"], "preferred_name": "Universidad de Sevilla. Seminario de Antropolog\\u00eda Americana", "variant_access_point": ["Seminario de Antropolog\\u00eda Americana (Sevilla)", "Universidad de Sevilla. Facultad de Filosof\\u00eda y Letras. Departamento de Antropolog\\u00eda y Etnolog\\u00eda de Am\\u00e9rica. Seminario de Antropolog\\u00eda Americana", "Universidad de Sevilla. Departamento de Antropolog\\u00eda y Etnolog\\u00eda de Am\\u00e9rica. Seminario de Antropolog\\u00eda Americana"], "authorized_access_point": "Universidad de Sevilla. Seminario de Antropolog\\u00eda Americana", "md5": "c4bee7a10fe822745509ab3b3b8f8144", "$schema": "https://mef.rero.ch/schemas/agents_rero/rero-agent-v0.0.1.json"}	1
2026-03-25 19:53:19.184747+00:00	2026-03-25 19:53:19.184747+00:00	382a5474-6f49-4c7f-94a3-8b218afd9935	{"pid": "A000194499", "type": "bf:Organisation", "conference": false, "variant_name": ["Universidad Veracruzana. Instituto de Investigaciones Human\\u00edsticas. Centro de Investigaciones Lingu\\u0308\\u00edstico-Literarias", "Centro de Investigaciones Lingu\\u0308\\u00edstico-Literarias (Xalapa)", "CILL (Centro de Investigaciones Lingu\\u0308\\u00edstico-Literarias : Xalapa)"], "preferred_name": "Universidad Veracruzana. Centro de Investigaciones Lingu\\u0308\\u00edstico-Literarias", "variant_access_point": ["Universidad Veracruzana. Instituto de Investigaciones Human\\u00edsticas. Centro de Investigaciones Lingu\\u0308\\u00edstico-Literarias", "Centro de Investigaciones Lingu\\u0308\\u00edstico-Literarias (Xalapa)", "CILL (Centro de Investigaciones Lingu\\u0308\\u00edstico-Literarias : Xalapa)"], "authorized_access_point": "Universidad Veracruzana. Centro de Investigaciones Lingu\\u0308\\u00edstico-Literarias", "biographical_information": ["Cannot determine relationship to the University's Instituto de Investigaciones Literarias y Semiolingu\\u0308\\u00edsticas; and to its Instituto de Investigaciones Lingu\\u0308\\u00edstico-Literarias"], "md5": "ecba18dff2940e3889cb66efc9bd0ca3", "$schema": "https://mef.rero.ch/schemas/agents_rero/rero-agent-v0.0.1.json"}	1
2026-03-25 19:53:19.184775+00:00	2026-03-25 19:53:19.184775+00:00	1d12b2af-531c-442e-b316-484903ef0dea	{"pid": "A002910761", "type": "bf:Person", "preferred_name": "Agazzini, Michel", "authorized_access_point": "Agazzini, Michel", "md5": "a3d855803724f265675b3bd7e99a616f", "$schema": "https://mef.rero.ch/schemas/agents_rero/rero-agent-v0.0.1.json"}	1
2026-03-25 19:53:19.184798+00:00	2026-03-25 19:53:19.184798+00:00	d5b458fe-847c-4170-8346-1918622f2d00	{"pid": "A002912942", "type": "bf:Person", "preferred_name": "Aiken, Lewis R", "authorized_access_point": "Aiken, Lewis R", "md5": "50cbf5a307fcfa363f97542fbc307780", "$schema": "https://mef.rero.ch/schemas/agents_rero/rero-agent-v0.0.1.json"}	1
2026-03-25 19:53:19.184820+00:00	2026-03-25 19:53:19.184820+00:00	b71e0787-cb17-4a06-ac5b-2a095525b12f	{"pid": "A002916477", "type": "bf:Person", "preferred_name": "Albuschkat, Harald", "authorized_access_point": "Albuschkat, Harald", "md5": "43a7b1ef22d281bd21593e3a3b4a75d4", "$schema": "https://mef.rero.ch/schemas/agents_rero/rero-agent-v0.0.1.json"}	1
2026-03-25 19:53:19.184842+00:00	2026-03-25 19:53:19.184842+00:00	3194c7c4-2972-44d8-ba17-969672bce9e1	{"pid": "A002922214", "type": "bf:Person", "preferred_name": "Altmeyer, Monika", "authorized_access_point": "Altmeyer, Monika", "md5": "972cade7871dcda81b0421e6157500c1", "$schema": "https://mef.rero.ch/schemas/agents_rero/rero-agent-v0.0.1.json"}	1
2026-03-25 19:53:19.184864+00:00	2026-03-25 19:53:19.184864+00:00	ef3f4198-e711-4508-8068-aad8adfa1937	{"pid": "A002922621", "type": "bf:Person", "preferred_name": "Alver, Bente Gullveig", "authorized_access_point": "Alver, Bente Gullveig", "md5": "7eeb88c4fc7c91f2bf98a47445a9f72f", "$schema": "https://mef.rero.ch/schemas/agents_rero/rero-agent-v0.0.1.json"}	1
2026-03-25 19:53:19.184886+00:00	2026-03-25 19:53:19.184886+00:00	072113ce-f7c1-463c-a8b6-ca3741867505	{"pid": "A002928445", "type": "bf:Person", "preferred_name": "Anderson, Mike", "authorized_access_point": "Anderson, Mike", "md5": "f7164ba97287ffaf6227895613faeded", "$schema": "https://mef.rero.ch/schemas/agents_rero/rero-agent-v0.0.1.json"}	1
2026-03-25 19:53:19.184907+00:00	2026-03-25 19:53:19.184907+00:00	f704474a-eaa5-486f-8a24-0fc92b0dec41	{"pid": "A002929473", "type": "bf:Person", "preferred_name": "Andreu, Rafael", "authorized_access_point": "Andreu, Rafael", "md5": "03ab702c762e192b8f46aa01d6a98c0d", "$schema": "https://mef.rero.ch/schemas/agents_rero/rero-agent-v0.0.1.json"}	1
2026-03-25 19:53:19.184929+00:00	2026-03-25 19:53:19.184929+00:00	69d1d803-3d74-4224-9b69-28d91338b9cb	{"pid": "A002931456", "type": "bf:Person", "preferred_name": "Anjak, Faez", "authorized_access_point": "Anjak, Faez", "md5": "46321d29f968b406be3e55aec738b52d", "$schema": "https://mef.rero.ch/schemas/agents_rero/rero-agent-v0.0.1.json"}	1
2026-03-25 19:53:19.184950+00:00	2026-03-25 19:53:19.184950+00:00	860986a1-2be6-48ce-9d0e-c3864619bc2f	{"pid": "A002933956", "type": "bf:Person", "preferred_name": "Apicella, Vincenzo", "authorized_access_point": "Apicella, Vincenzo", "md5": "dca273edb881f04de2ec3d671ffb96be", "$schema": "https://mef.rero.ch/schemas/agents_rero/rero-agent-v0.0.1.json"}	1
2026-03-25 19:53:19.184981+00:00	2026-03-25 19:53:19.184981+00:00	42e0be57-8e79-4c77-91a0-bd6674809310	{"pid": "A002939215", "type": "bf:Person", "preferred_name": "Arnaud, H\\u00e9l\\u00e8ne", "authorized_access_point": "Arnaud, H\\u00e9l\\u00e8ne", "md5": "a11fd89e0ab92397325442b0830852bc", "$schema": "https://mef.rero.ch/schemas/agents_rero/rero-agent-v0.0.1.json"}	1
2026-03-25 19:53:19.185003+00:00	2026-03-25 19:53:19.185003+00:00	0c7ca8b1-654c-4660-8b4d-fa3300674b82	{"pid": "A002939817", "type": "bf:Person", "preferred_name": "Arnold, Gregory C", "authorized_access_point": "Arnold, Gregory C", "md5": "4a98e7734600801f38f3f251cc32e7af", "$schema": "https://mef.rero.ch/schemas/agents_rero/rero-agent-v0.0.1.json"}	1
2026-03-25 19:53:19.185025+00:00	2026-03-25 19:53:19.185025+00:00	d797780a-c6aa-4cd7-b7c8-71d38eb6dfe2	{"pid": "A002940438", "type": "bf:Person", "preferred_name": "Aronoff, Mark", "authorized_access_point": "Aronoff, Mark", "md5": "db2b06b6425e0bb23b55fcd8a3c6bb07", "$schema": "https://mef.rero.ch/schemas/agents_rero/rero-agent-v0.0.1.json"}	1
2026-03-25 19:53:19.185045+00:00	2026-03-25 19:53:19.185045+00:00	ced4a6a1-5193-481a-95a1-a465847ccb4a	{"pid": "A002940495", "type": "bf:Person", "preferred_name": "Aronson, Robert H", "authorized_access_point": "Aronson, Robert H", "md5": "5b016c861efa04c09d9e570962be8a49", "$schema": "https://mef.rero.ch/schemas/agents_rero/rero-agent-v0.0.1.json"}	1
2026-03-25 19:53:19.185067+00:00	2026-03-25 19:53:19.185067+00:00	db4e5e6b-d983-40ff-8fc5-abe4cbdb11e8	{"pid": "A002941414", "type": "bf:Person", "preferred_name": "Artioli, Umberto", "authorized_access_point": "Artioli, Umberto", "md5": "6e6150ea49ba1d8e959b76bdeb141b6e", "$schema": "https://mef.rero.ch/schemas/agents_rero/rero-agent-v0.0.1.json"}	1
2026-03-25 19:53:19.185087+00:00	2026-03-25 19:53:19.185087+00:00	e2428ec5-cd6c-4e0e-b07f-bc55bb755b97	{"pid": "A002941440", "type": "bf:Person", "preferred_name": "Artl, Gerhard", "authorized_access_point": "Artl, Gerhard", "md5": "e8e4388afe53b207e80aaee94316b334", "$schema": "https://mef.rero.ch/schemas/agents_rero/rero-agent-v0.0.1.json"}	1
2026-03-25 19:53:19.185108+00:00	2026-03-25 19:53:19.185108+00:00	fc1da0dc-57aa-4452-8f19-5bc0e6c26ca2	{"pid": "A002942098", "type": "bf:Person", "preferred_name": "Aschengreen, Franz", "authorized_access_point": "Aschengreen, Franz", "md5": "e20680f1673f4e35f5554bdb86c71f9d", "$schema": "https://mef.rero.ch/schemas/agents_rero/rero-agent-v0.0.1.json"}	1
2026-03-25 19:53:19.185130+00:00	2026-03-25 19:53:19.185130+00:00	19f619d8-2faf-440b-94ac-f89db06a57b8	{"pid": "A002944324", "type": "bf:Organisation", "conference": false, "preferred_name": "Association des amis de Marius Borgeaud (Lausanne)", "authorized_access_point": "Association des amis de Marius Borgeaud (Lausanne)", "md5": "f93a6fbf602d148a94a312984f94f270", "$schema": "https://mef.rero.ch/schemas/agents_rero/rero-agent-v0.0.1.json"}	1
2026-03-25 19:53:19.185152+00:00	2026-03-25 19:53:19.185152+00:00	76c94109-5d1b-49c7-843f-cf321d3b3a81	{"pid": "A002947740", "type": "bf:Organisation", "conference": false, "preferred_name": "Association pyr\\u00e9n\\u00e9enne pour l'\\u00e9change des plantes", "authorized_access_point": "Association pyr\\u00e9n\\u00e9enne pour l'\\u00e9change des plantes", "md5": "7900868262f6d8b126489923cf6bb42a", "$schema": "https://mef.rero.ch/schemas/agents_rero/rero-agent-v0.0.1.json"}	1
2026-03-25 19:53:19.185174+00:00	2026-03-25 19:53:19.185174+00:00	4aeb923d-9df6-497b-812c-e1ece0820c5f	{"pid": "A002953651", "type": "bf:Person", "preferred_name": "Avdotine, L.N", "authorized_access_point": "Avdotine, L.N", "md5": "f86042d6ddf2587e0618bfbf6265a0ba", "$schema": "https://mef.rero.ch/schemas/agents_rero/rero-agent-v0.0.1.json"}	1
2026-03-25 19:53:19.185195+00:00	2026-03-25 19:53:19.185195+00:00	6d975fc0-8688-408c-bb34-345201a6ed3b	{"pid": "A002955901", "type": "bf:Person", "preferred_name": "Babb, Rober", "authorized_access_point": "Babb, Rober", "md5": "f31f3b178e1f57ba50695035893c9760", "$schema": "https://mef.rero.ch/schemas/agents_rero/rero-agent-v0.0.1.json"}	1
2026-03-25 19:53:19.185216+00:00	2026-03-25 19:53:19.185216+00:00	a832a565-3087-4411-b670-ed9e7ac901a9	{"pid": "A002961093", "type": "bf:Person", "preferred_name": "Baillargeon, Guy", "authorized_access_point": "Baillargeon, Guy", "md5": "227910016b365880c6c2b2ff2ffd0c4b", "$schema": "https://mef.rero.ch/schemas/agents_rero/rero-agent-v0.0.1.json"}	1
2026-03-25 19:53:19.185237+00:00	2026-03-25 19:53:19.185237+00:00	e8d25377-6e7c-4a57-b816-dcdbbbfb5a13	{"pid": "A002963001", "type": "bf:Person", "preferred_name": "Baldi, Marialuisa", "authorized_access_point": "Baldi, Marialuisa", "md5": "e69429bc6b3688f6651b004f55d7e092", "$schema": "https://mef.rero.ch/schemas/agents_rero/rero-agent-v0.0.1.json"}	1
2026-03-25 19:53:19.185259+00:00	2026-03-25 19:53:19.185259+00:00	c1b05f60-72b2-4a4c-b83a-c8f155f37a73	{"pid": "A002966255", "type": "bf:Person", "preferred_name": "Banks, Tony", "authorized_access_point": "Banks, Tony", "md5": "c509113d731f54bbab9f4376fe5cdb73", "$schema": "https://mef.rero.ch/schemas/agents_rero/rero-agent-v0.0.1.json"}	1
2026-03-25 19:53:19.185280+00:00	2026-03-25 19:53:19.185280+00:00	b8438ed7-f6e2-4fc1-8e3d-8e775edde161	{"pid": "A002968314", "type": "bf:Person", "preferred_name": "Barbizet, Jacques", "authorized_access_point": "Barbizet, Jacques", "md5": "34fe97127d23d7cc39acd1368e62616e", "$schema": "https://mef.rero.ch/schemas/agents_rero/rero-agent-v0.0.1.json"}	1
2026-03-25 19:53:19.185301+00:00	2026-03-25 19:53:19.185301+00:00	1d3346ff-5922-4626-bbd4-e9b090e92998	{"pid": "A002969933", "type": "bf:Person", "preferred_name": "Barlow, Charles F", "authorized_access_point": "Barlow, Charles F", "md5": "ce8a9525bc2e3e071ca35a82b3e804e6", "$schema": "https://mef.rero.ch/schemas/agents_rero/rero-agent-v0.0.1.json"}	1
2026-03-25 19:53:19.185322+00:00	2026-03-25 19:53:19.185322+00:00	73edccae-2863-48ee-b98c-8dbd419995af	{"pid": "A002971659", "type": "bf:Person", "preferred_name": "Barrett-Ayres, Reginald", "authorized_access_point": "Barrett-Ayres, Reginald", "md5": "03ac707324b5ff7d357676aff123488b", "$schema": "https://mef.rero.ch/schemas/agents_rero/rero-agent-v0.0.1.json"}	1
2026-03-25 19:53:19.185343+00:00	2026-03-25 19:53:19.185343+00:00	863a01ce-e936-4772-944b-59d566ce14b8	{"pid": "A002979038", "type": "bf:Person", "preferred_name": "Baur, J", "authorized_access_point": "Baur, J", "md5": "3b8af9abd9b150bdf19e28b1fe2971ac", "$schema": "https://mef.rero.ch/schemas/agents_rero/rero-agent-v0.0.1.json"}	1
2026-03-25 19:53:19.185377+00:00	2026-03-25 19:53:19.185377+00:00	9228cadd-72ee-4f2a-b43e-1bb884553195	{"pid": "A002979177", "type": "bf:Person", "preferred_name": "Bauschke, Erhard", "authorized_access_point": "Bauschke, Erhard", "md5": "99836ad3987cefbabf5a0fdff6fcc83b", "$schema": "https://mef.rero.ch/schemas/agents_rero/rero-agent-v0.0.1.json"}	1
2026-03-25 19:53:19.185438+00:00	2026-03-25 19:53:19.185438+00:00	b2d06a1a-1158-4c19-ba94-21526ace2388	{"pid": "A002981392", "type": "bf:Person", "preferred_name": "Beaujeu, Claude-Marie", "authorized_access_point": "Beaujeu, Claude-Marie", "md5": "06dc4838e1271ac68e7dd678177b0223", "$schema": "https://mef.rero.ch/schemas/agents_rero/rero-agent-v0.0.1.json"}	1
2026-03-25 19:53:19.186226+00:00	2026-03-25 19:53:19.186226+00:00	cffebb1e-28bb-4856-a77a-4b4ef01699bd	{"pid": "A002981924", "type": "bf:Person", "preferred_name": "Beca\\u00efa, Melchisedec", "authorized_access_point": "Beca\\u00efa, Melchisedec", "md5": "6309fae9780937e690bcf330bb6937b6", "$schema": "https://mef.rero.ch/schemas/agents_rero/rero-agent-v0.0.1.json"}	1
2026-03-25 19:53:19.186270+00:00	2026-03-25 19:53:19.186270+00:00	657a4b88-1cb8-4838-b82c-72fbd1a26cba	{"pid": "A002992084", "type": "bf:Person", "preferred_name": "Benzoni, Gino", "authorized_access_point": "Benzoni, Gino", "md5": "3357eb246044bf2f0e06caed5775415b", "$schema": "https://mef.rero.ch/schemas/agents_rero/rero-agent-v0.0.1.json"}	1
2026-03-25 19:53:19.186299+00:00	2026-03-25 19:53:19.186299+00:00	5b1478ab-2a56-4944-8ba1-0207aa0a1dac	{"pid": "A002992522", "type": "bf:Person", "preferred_name": "Berczy, M", "authorized_access_point": "Berczy, M", "md5": "c001eb9307deb4b2916419aab97f4d77", "$schema": "https://mef.rero.ch/schemas/agents_rero/rero-agent-v0.0.1.json"}	1
2026-03-25 19:53:19.186325+00:00	2026-03-25 19:53:19.186325+00:00	8817dae3-81a6-45a1-a950-8f19e7dbfc6b	{"pid": "A002993107", "type": "bf:Person", "preferred_name": "Berg, Stephan", "authorized_access_point": "Berg, Stephan", "md5": "aaa129494f2b12e8be78b72f49632247", "$schema": "https://mef.rero.ch/schemas/agents_rero/rero-agent-v0.0.1.json"}	1
2026-03-25 19:53:19.186350+00:00	2026-03-25 19:53:19.186350+00:00	7170ef5d-b053-487e-a954-a319412b9c5d	{"pid": "A003003384", "type": "bf:Person", "preferred_name": "Bharucha, Janine", "authorized_access_point": "Bharucha, Janine", "md5": "54b7acf17f9ee05e72e3ca32862fc06c", "$schema": "https://mef.rero.ch/schemas/agents_rero/rero-agent-v0.0.1.json"}	1
2026-03-25 19:53:19.186374+00:00	2026-03-25 19:53:19.186374+00:00	3c8015f2-97ce-418f-91af-43006de0778e	{"pid": "A003005276", "type": "bf:Person", "preferred_name": "Bielfeld, Horst", "authorized_access_point": "Bielfeld, Horst", "md5": "25e15d0ca9153766b56bc8eac73dd954", "$schema": "https://mef.rero.ch/schemas/agents_rero/rero-agent-v0.0.1.json"}	1
2026-03-25 19:53:19.186398+00:00	2026-03-25 19:53:19.186398+00:00	37597196-8072-4a1a-9920-ffccaa67d83d	{"pid": "A003005486", "type": "bf:Person", "preferred_name": "Bienkowski, Mishka", "authorized_access_point": "Bienkowski, Mishka", "md5": "b91ebe5fd0a967388f9b2f93a0cd1736", "$schema": "https://mef.rero.ch/schemas/agents_rero/rero-agent-v0.0.1.json"}	1
2026-03-25 19:53:19.186423+00:00	2026-03-25 19:53:19.186423+00:00	2fd29ee9-7293-4e4f-80ec-bf86ac7f9340	{"pid": "A003010065", "type": "bf:Person", "preferred_name": "Bitat, Amor", "authorized_access_point": "Bitat, Amor", "md5": "a8b5d51b3b90c2f8539ae582727d4c55", "$schema": "https://mef.rero.ch/schemas/agents_rero/rero-agent-v0.0.1.json"}	1
2026-03-25 19:53:19.186446+00:00	2026-03-25 19:53:19.186446+00:00	61f31c9c-804f-4ad0-90fc-c7128788ea74	{"pid": "A003013653", "type": "bf:Person", "preferred_name": "Bleinroth, Heinz-Christel", "authorized_access_point": "Bleinroth, Heinz-Christel", "md5": "22e338786983ff8401f560b381552291", "$schema": "https://mef.rero.ch/schemas/agents_rero/rero-agent-v0.0.1.json"}	1
2026-03-25 19:53:19.186471+00:00	2026-03-25 19:53:19.186471+00:00	2c67c525-2daf-4cc3-903e-2628afcc7c98	{"pid": "A003017126", "type": "bf:Person", "variant_name": ["Meinardus, Dietlind Bock-"], "preferred_name": "Bock-Meinardus, Dietlind", "variant_access_point": ["Meinardus, Dietlind Bock-"], "authorized_access_point": "Bock-Meinardus, Dietlind", "md5": "026b40b9ab01ccb3e264921baf4d2c36", "$schema": "https://mef.rero.ch/schemas/agents_rero/rero-agent-v0.0.1.json"}	1
2026-03-25 19:53:19.186495+00:00	2026-03-25 19:53:19.186495+00:00	3bf8b2ef-1443-4b7e-9754-80b6e9ead303	{"pid": "A003019667", "type": "bf:Person", "preferred_name": "Boillat, Christian", "authorized_access_point": "Boillat, Christian", "md5": "d2a074e730d2612436b4b77b4ee744c2", "$schema": "https://mef.rero.ch/schemas/agents_rero/rero-agent-v0.0.1.json"}	1
2026-03-25 19:53:19.186517+00:00	2026-03-25 19:53:19.186517+00:00	ed9296e7-7d9a-45c6-8b29-fcfc1dd6432f	{"pid": "A003020410", "type": "bf:Person", "preferred_name": "Bokaleff, H\\u00e9l\\u00e8ne", "authorized_access_point": "Bokaleff, H\\u00e9l\\u00e8ne", "md5": "9d6370059dc977c2daf53d19eaa8339e", "$schema": "https://mef.rero.ch/schemas/agents_rero/rero-agent-v0.0.1.json"}	1
2026-03-25 19:53:19.186542+00:00	2026-03-25 19:53:19.186542+00:00	49c4b605-8663-4cb0-826b-81ba06509425	{"pid": "A003021395", "type": "bf:Organisation", "conference": false, "preferred_name": "Bologna. Assessorato alla cultura", "authorized_access_point": "Bologna. Assessorato alla cultura", "md5": "1176cf3ddc5b33358b2558b5b78fbeb4", "$schema": "https://mef.rero.ch/schemas/agents_rero/rero-agent-v0.0.1.json"}	1
2026-03-25 19:53:19.186565+00:00	2026-03-25 19:53:19.186565+00:00	7185a799-9da3-4a6b-901c-797250ccfad4	{"pid": "A003024732", "type": "bf:Person", "preferred_name": "Bon\\u00edn, Jos\\u00e9 Mar\\u00eda", "authorized_access_point": "Bon\\u00edn, Jos\\u00e9 Mar\\u00eda", "md5": "d1dffe696d87791b6d21176627f227bd", "$schema": "https://mef.rero.ch/schemas/agents_rero/rero-agent-v0.0.1.json"}	1
2026-03-25 19:53:19.186588+00:00	2026-03-25 19:53:19.186588+00:00	5f4c47f3-fbe5-4454-89c7-719c621fd616	{"pid": "A003028730", "type": "bf:Person", "preferred_name": "Bosshard, Heinrich", "authorized_access_point": "Bosshard, Heinrich", "md5": "17f7966ea7fc4ed7d352f846da3b31e9", "$schema": "https://mef.rero.ch/schemas/agents_rero/rero-agent-v0.0.1.json"}	1
2026-03-25 19:53:19.186610+00:00	2026-03-25 19:53:19.186610+00:00	a970a7f3-e0ef-4bfe-8d18-547829ff219c	{"pid": "A003031223", "type": "bf:Person", "preferred_name": "Bouligand, Yves", "authorized_access_point": "Bouligand, Yves", "md5": "4b141582e5708c62f3a9c58a2cf6b4b1", "$schema": "https://mef.rero.ch/schemas/agents_rero/rero-agent-v0.0.1.json"}	1
2026-03-25 19:53:19.186655+00:00	2026-03-25 19:53:19.186655+00:00	40bd79c4-387b-47e2-a5e2-70ea9c2e20b1	{"pid": "A003037757", "type": "bf:Person", "preferred_name": "Brandes-Druba, Bernd", "authorized_access_point": "Brandes-Druba, Bernd", "md5": "09d765037a3e88733eea824c68f255cb", "$schema": "https://mef.rero.ch/schemas/agents_rero/rero-agent-v0.0.1.json"}	1
2026-03-25 19:53:19.186679+00:00	2026-03-25 19:53:19.186679+00:00	d02bf7f6-ed13-4c32-ace0-52a23191fe82	{"pid": "A003037886", "type": "bf:Person", "preferred_name": "Brandolin, Mario", "authorized_access_point": "Brandolin, Mario", "md5": "878c0d7bc3f9a44eec2be6e8ba72befa", "$schema": "https://mef.rero.ch/schemas/agents_rero/rero-agent-v0.0.1.json"}	1
2026-03-25 19:53:19.186701+00:00	2026-03-25 19:53:19.186701+00:00	5b5d5a2f-19a2-4da5-842e-198b80acb1f1	{"pid": "A003042099", "type": "bf:Person", "preferred_name": "Bret\\u00e9cher, Claire", "authorized_access_point": "Bret\\u00e9cher, Claire", "md5": "9ec939f88c5cf44ece5ac4440c18d2f5", "$schema": "https://mef.rero.ch/schemas/agents_rero/rero-agent-v0.0.1.json"}	1
2026-03-25 19:53:19.186725+00:00	2026-03-25 19:53:19.186725+00:00	c59fd174-50ce-4abe-ad4f-16e3ebe3c906	{"pid": "A003042520", "type": "bf:Person", "preferred_name": "Breznitz, Sholomo", "authorized_access_point": "Breznitz, Sholomo", "md5": "28b19926285a494df9db81892bf77f8a", "$schema": "https://mef.rero.ch/schemas/agents_rero/rero-agent-v0.0.1.json"}	1
2026-03-25 19:53:19.186749+00:00	2026-03-25 19:53:19.186749+00:00	98ae9072-7af5-4184-92d8-65779919ed6b	{"pid": "A003048129", "type": "bf:Person", "preferred_name": "Brown, George Isaac", "authorized_access_point": "Brown, George Isaac", "md5": "bfecd0c27f1e329ad417d9a43fafc93b", "$schema": "https://mef.rero.ch/schemas/agents_rero/rero-agent-v0.0.1.json"}	1
2026-03-25 19:53:19.186771+00:00	2026-03-25 19:53:19.186771+00:00	c464bc78-a179-47e5-a4ed-6f3efd836a88	{"pid": "A003050459", "type": "bf:Person", "preferred_name": "Brunel, Bernard", "authorized_access_point": "Brunel, Bernard", "md5": "42729e2e64af0f1ec2aec422984933d4", "$schema": "https://mef.rero.ch/schemas/agents_rero/rero-agent-v0.0.1.json"}	1
2026-03-25 19:53:19.186792+00:00	2026-03-25 19:53:19.186792+00:00	687567bb-368a-405b-b2eb-72e5f7ac32ff	{"pid": "A003055215", "type": "bf:Person", "preferred_name": "Buenemann, Gerd", "authorized_access_point": "Buenemann, Gerd", "md5": "8dc5e93787ed079bbefce4cbb56b79b6", "$schema": "https://mef.rero.ch/schemas/agents_rero/rero-agent-v0.0.1.json"}	1
2026-03-25 19:53:19.186814+00:00	2026-03-25 19:53:19.186814+00:00	fe50d7ee-a36d-4ecd-b4b3-1dbdbabb645d	{"pid": "A003055423", "type": "bf:Person", "preferred_name": "Bufalino, Gesualdo", "authorized_access_point": "Bufalino, Gesualdo", "md5": "6e42443efba3a036454af4a37ef86cad", "$schema": "https://mef.rero.ch/schemas/agents_rero/rero-agent-v0.0.1.json"}	1
2026-03-25 19:53:19.186835+00:00	2026-03-25 19:53:19.186835+00:00	3720f299-b969-419c-829c-04a057318e4a	{"pid": "A003061439", "type": "bf:Person", "preferred_name": "Buss, Samuel R", "authorized_access_point": "Buss, Samuel R", "md5": "cd4ebfcac7aad00d7ef9c78b5f63e927", "$schema": "https://mef.rero.ch/schemas/agents_rero/rero-agent-v0.0.1.json"}	1
2026-03-25 19:53:19.186857+00:00	2026-03-25 19:53:19.186857+00:00	497d4594-1b6d-41ee-b38e-25a81f520f29	{"pid": "A003061455", "type": "bf:Person", "preferred_name": "Bussani, Giacomo Francesco", "authorized_access_point": "Bussani, Giacomo Francesco", "md5": "48e9f73e8111f0520789d12d3ac9ee63", "$schema": "https://mef.rero.ch/schemas/agents_rero/rero-agent-v0.0.1.json"}	1
2026-03-25 19:53:19.186879+00:00	2026-03-25 19:53:19.186879+00:00	10415fb2-6516-4605-9bec-54367fa43315	{"pid": "A003063890", "type": "bf:Person", "preferred_name": "B\\u00f6ckmann, Ludwig", "authorized_access_point": "B\\u00f6ckmann, Ludwig", "md5": "da4ab8c053e0f34a93e7480217bf133b", "$schema": "https://mef.rero.ch/schemas/agents_rero/rero-agent-v0.0.1.json"}	1
2026-03-25 19:53:19.186901+00:00	2026-03-25 19:53:19.186901+00:00	c07e89fc-5280-4d84-a106-5df1c8b7bdae	{"pid": "A003064605", "type": "bf:Person", "preferred_name": "B\\u00f6ttcher, Albrecht", "authorized_access_point": "B\\u00f6ttcher, Albrecht", "md5": "8b7a9ad03acc957473722cc11a9159fa", "$schema": "https://mef.rero.ch/schemas/agents_rero/rero-agent-v0.0.1.json"}	1
2026-03-25 19:53:19.186924+00:00	2026-03-25 19:53:19.186924+00:00	cee82b6a-5b6c-4e50-998e-807052d2f19e	{"pid": "A003065345", "type": "bf:Person", "preferred_name": "B\\u00fcrer, Catherine", "authorized_access_point": "B\\u00fcrer, Catherine", "md5": "86a9776f082745d5f2cd4e2f166e8f0a", "$schema": "https://mef.rero.ch/schemas/agents_rero/rero-agent-v0.0.1.json"}	1
2026-03-25 19:53:19.186966+00:00	2026-03-25 19:53:19.186966+00:00	8d86259d-dae1-4dce-af95-97d85ab0e45a	{"pid": "A003066204", "type": "bf:Person", "preferred_name": "B\\u00e9guin, Christine", "authorized_access_point": "B\\u00e9guin, Christine", "md5": "730f17aef710756bebc5afa4bea9b5f1", "$schema": "https://mef.rero.ch/schemas/agents_rero/rero-agent-v0.0.1.json"}	1
2026-03-25 19:53:19.186989+00:00	2026-03-25 19:53:19.186989+00:00	37b22c98-a907-4052-87df-0dfffe374b31	{"pid": "A003077749", "type": "bf:Person", "preferred_name": "Carlson, Sven H", "authorized_access_point": "Carlson, Sven H", "md5": "b2922bb7aa7aff0c9c50442785608d15", "$schema": "https://mef.rero.ch/schemas/agents_rero/rero-agent-v0.0.1.json"}	1
2026-03-25 19:53:19.187011+00:00	2026-03-25 19:53:19.187011+00:00	94502da7-eb28-40bf-8563-2711135403a2	{"pid": "A003080186", "type": "bf:Person", "preferred_name": "Carter, Bob", "authorized_access_point": "Carter, Bob", "md5": "de03de7e691db5ae8b96dd696f99c31c", "$schema": "https://mef.rero.ch/schemas/agents_rero/rero-agent-v0.0.1.json"}	1
2026-03-25 19:53:19.187032+00:00	2026-03-25 19:53:19.187032+00:00	2ab45971-0596-4758-b466-6287fc853a32	{"pid": "A003082787", "type": "bf:Person", "preferred_name": "Castella, Georges", "authorized_access_point": "Castella, Georges", "md5": "32fa695d05105f566f6673b8b55c274b", "$schema": "https://mef.rero.ch/schemas/agents_rero/rero-agent-v0.0.1.json"}	1
2026-03-25 19:53:19.187054+00:00	2026-03-25 19:53:19.187054+00:00	47197d8b-1457-44f9-91f9-3c0b47c8baf8	{"pid": "A003084316", "type": "bf:Person", "preferred_name": "Cattaneo, Aldo", "authorized_access_point": "Cattaneo, Aldo", "md5": "50307a62385f321c2fc7d3e43c6ab1ca", "$schema": "https://mef.rero.ch/schemas/agents_rero/rero-agent-v0.0.1.json"}	1
2026-03-25 19:53:19.187087+00:00	2026-03-25 19:53:19.187087+00:00	1bdeff16-cd19-4975-a159-586da3605cf9	{"pid": "A003085874", "type": "bf:Person", "preferred_name": "Cazenave, Philippe", "authorized_access_point": "Cazenave, Philippe", "md5": "d57d67fb6a08e3cf6a29ac6fdc2e0c99", "$schema": "https://mef.rero.ch/schemas/agents_rero/rero-agent-v0.0.1.json"}	1
2026-03-25 19:53:19.187109+00:00	2026-03-25 19:53:19.187109+00:00	3937426e-9437-419f-9133-4d67dc9c4271	{"pid": "A003086097", "type": "bf:Person", "preferred_name": "Ceccaroni, Sandro", "authorized_access_point": "Ceccaroni, Sandro", "md5": "6c56a7e1602ac048e1af57587c20f4c2", "$schema": "https://mef.rero.ch/schemas/agents_rero/rero-agent-v0.0.1.json"}	1
2026-03-25 19:53:19.187132+00:00	2026-03-25 19:53:19.187132+00:00	b3ec148e-b045-49f8-9478-c4e230ba7e7d	{"pid": "A003086874", "type": "bf:Organisation", "conference": false, "preferred_name": "Center for International Media Research (Netherlands)", "authorized_access_point": "Center for International Media Research (Netherlands)", "md5": "840aa1510199c127cf195f704acce64e", "$schema": "https://mef.rero.ch/schemas/agents_rero/rero-agent-v0.0.1.json"}	1
2026-03-25 19:53:19.187155+00:00	2026-03-25 19:53:19.187155+00:00	66f83245-ae74-4d02-8e61-1f3839e805e4	{"pid": "A003089906", "type": "bf:Organisation", "conference": false, "preferred_name": "Centro di cultura e storia amalfitana (Amalfi)", "authorized_access_point": "Centro di cultura e storia amalfitana (Amalfi)", "md5": "53815ece4d313dffaf39cadfb350c28b", "$schema": "https://mef.rero.ch/schemas/agents_rero/rero-agent-v0.0.1.json"}	1
2026-03-25 19:53:19.187178+00:00	2026-03-25 19:53:19.187178+00:00	5dcdc099-8454-4b17-9c1c-c8cd8eed1334	{"pid": "A003093098", "type": "bf:Person", "preferred_name": "Chalmers, Deirdre", "authorized_access_point": "Chalmers, Deirdre", "md5": "5abf101564a3b6baf35ae7af95476cb6", "$schema": "https://mef.rero.ch/schemas/agents_rero/rero-agent-v0.0.1.json"}	1
2026-03-25 19:53:19.187202+00:00	2026-03-25 19:53:19.187202+00:00	a404483a-2bb7-4b7f-ad37-ac774d8b5e77	{"pid": "A003093717", "type": "bf:Organisation", "conference": false, "preferred_name": "Chambre syndicale des soci\\u00e9t\\u00e9s d'\\u00e9tudes et de conseils. Section Organisation et formation (Paris)", "authorized_access_point": "Chambre syndicale des soci\\u00e9t\\u00e9s d'\\u00e9tudes et de conseils. Section Organisation et formation (Paris)", "md5": "0eb5d28f9baeaa201005742243ae5756", "$schema": "https://mef.rero.ch/schemas/agents_rero/rero-agent-v0.0.1.json"}	1
2026-03-25 19:53:19.187225+00:00	2026-03-25 19:53:19.187225+00:00	cfcf7bfa-63e6-4445-a09b-d572def6e2a5	{"pid": "A003094768", "type": "bf:Person", "preferred_name": "Chang, Tien Ming", "authorized_access_point": "Chang, Tien Ming", "md5": "1ffa7522aa7a1bea62125cfc0483eb9c", "$schema": "https://mef.rero.ch/schemas/agents_rero/rero-agent-v0.0.1.json"}	1
2026-03-25 19:53:19.187246+00:00	2026-03-25 19:53:19.187246+00:00	8f66a9b8-6283-4eaf-803e-d66b5fb5ef62	{"pid": "A003094880", "type": "bf:Person", "preferred_name": "Chansler, John F", "authorized_access_point": "Chansler, John F", "md5": "50fd5f764880138ae6ddedad6bb047f0", "$schema": "https://mef.rero.ch/schemas/agents_rero/rero-agent-v0.0.1.json"}	1
2026-03-25 19:53:19.187268+00:00	2026-03-25 19:53:19.187268+00:00	f01b4fd5-96c5-4a8e-97c0-2b7546acfbf7	{"pid": "A003096778", "type": "bf:Person", "preferred_name": "Charnin Mueller, Rena", "authorized_access_point": "Charnin Mueller, Rena", "md5": "04996f668e28df5460feb2ae665220f2", "$schema": "https://mef.rero.ch/schemas/agents_rero/rero-agent-v0.0.1.json"}	1
2026-03-25 19:53:19.187290+00:00	2026-03-25 19:53:19.187290+00:00	10b546a5-6f12-4c6a-8545-c555dae5b04b	{"pid": "A003098919", "type": "bf:Person", "preferred_name": "Chavance, Ren\\u00e9", "authorized_access_point": "Chavance, Ren\\u00e9", "md5": "fd629bdd4e04af2018aa5a5ecc37c2b0", "$schema": "https://mef.rero.ch/schemas/agents_rero/rero-agent-v0.0.1.json"}	1
2026-03-25 19:53:19.187311+00:00	2026-03-25 19:53:19.187311+00:00	33e0bca0-0d4d-4d3b-b011-8740d970a484	{"pid": "A003099881", "type": "bf:Person", "preferred_name": "Chen, Selma Shu-Mei", "authorized_access_point": "Chen, Selma Shu-Mei", "md5": "556cec3040fcf48904f1beac66fb29c5", "$schema": "https://mef.rero.ch/schemas/agents_rero/rero-agent-v0.0.1.json"}	1
2026-03-25 19:53:19.187333+00:00	2026-03-25 19:53:19.187333+00:00	3685efa2-9067-4e1e-b786-d0ce0efddb5d	{"pid": "A003100597", "type": "bf:Person", "preferred_name": "Cherry, Steven", "authorized_access_point": "Cherry, Steven", "md5": "a8710a0d2abed0d6d258a9189694f0bd", "$schema": "https://mef.rero.ch/schemas/agents_rero/rero-agent-v0.0.1.json"}	1
2026-03-25 19:53:19.187354+00:00	2026-03-25 19:53:19.187354+00:00	46d9facf-6e3f-45a3-a644-4087cf715443	{"pid": "A003101806", "type": "bf:Person", "preferred_name": "Chiarini, Claude", "authorized_access_point": "Chiarini, Claude", "md5": "c0181973dab3d056b161bd086ae4274d", "$schema": "https://mef.rero.ch/schemas/agents_rero/rero-agent-v0.0.1.json"}	1
2026-03-25 19:53:19.187375+00:00	2026-03-25 19:53:19.187375+00:00	cfe02854-76e3-4471-8c36-e08cb27ffe51	{"pid": "A003103435", "type": "bf:Person", "preferred_name": "Choate, Joseph H", "authorized_access_point": "Choate, Joseph H", "md5": "b369cbbc0ee51fa45405e2fb1f389d5f", "$schema": "https://mef.rero.ch/schemas/agents_rero/rero-agent-v0.0.1.json"}	1
2026-03-25 19:53:19.187398+00:00	2026-03-25 19:53:19.187398+00:00	6fe6a696-a84a-44fa-a092-55b5d019775d	{"pid": "A003103659", "type": "bf:Organisation", "conference": false, "variant_name": ["Choeur mixte (Estavayer-le-Gibloux)"], "preferred_name": "Choeur mixte paroissial (Estavayer-le-Gibloux)", "variant_access_point": ["Choeur mixte (Estavayer-le-Gibloux)"], "authorized_access_point": "Choeur mixte paroissial (Estavayer-le-Gibloux)", "md5": "5e5ae76b96213a7a9e65eea86e1cd014", "$schema": "https://mef.rero.ch/schemas/agents_rero/rero-agent-v0.0.1.json"}	1
2026-03-25 19:53:19.187422+00:00	2026-03-25 19:53:19.187422+00:00	0ebd1f7b-83ec-4f2e-a628-5243331574ac	{"pid": "A003104849", "type": "bf:Person", "preferred_name": "Christ, Isabelle", "authorized_access_point": "Christ, Isabelle", "md5": "523ee0be62b6b3cf34ecd5b129a8faba", "$schema": "https://mef.rero.ch/schemas/agents_rero/rero-agent-v0.0.1.json"}	1
2026-03-25 19:53:19.187443+00:00	2026-03-25 19:53:19.187443+00:00	d5691680-93b1-47dd-8617-1d0fb10f0af4	{"pid": "A003111864", "type": "bf:Person", "preferred_name": "Cloonan, Mich\\u00e8le Valerie", "authorized_access_point": "Cloonan, Mich\\u00e8le Valerie", "md5": "e017ae13f3299ed2682695bb1616c2cb", "$schema": "https://mef.rero.ch/schemas/agents_rero/rero-agent-v0.0.1.json"}	1
2026-03-25 19:53:19.187478+00:00	2026-03-25 19:53:19.187478+00:00	03ecf23a-8775-4e38-b9cb-9f056fe0af14	{"pid": "A003112356", "type": "bf:Organisation", "conference": false, "preferred_name": "Club suisse des chefs de vente et de marketing. Gruppo Ticino", "authorized_access_point": "Club suisse des chefs de vente et de marketing. Gruppo Ticino", "md5": "159fec3c88700596eae3fca64bd9e86e", "$schema": "https://mef.rero.ch/schemas/agents_rero/rero-agent-v0.0.1.json"}	1
2026-03-25 19:53:19.187501+00:00	2026-03-25 19:53:19.187501+00:00	ea76c6b7-0f13-4181-adfd-f1549ff433b3	{"pid": "A003113657", "type": "bf:Person", "preferred_name": "Codrington, Oliver", "authorized_access_point": "Codrington, Oliver", "md5": "735dba414e8e8c5038a8cd4ddceff207", "$schema": "https://mef.rero.ch/schemas/agents_rero/rero-agent-v0.0.1.json"}	1
2026-03-25 19:53:19.187522+00:00	2026-03-25 19:53:19.187522+00:00	50edf26e-2e50-43ab-aa05-950f3c440b88	{"pid": "A003114032", "type": "bf:Person", "preferred_name": "Coghlan, Ronan", "authorized_access_point": "Coghlan, Ronan", "md5": "1d5e443aae120f6a476bb0321baad6c6", "$schema": "https://mef.rero.ch/schemas/agents_rero/rero-agent-v0.0.1.json"}	1
2026-03-25 19:53:19.187544+00:00	2026-03-25 19:53:19.187544+00:00	594fdf39-7abd-4413-ae7a-7a3318a5c25d	{"pid": "A003114105", "type": "bf:Person", "preferred_name": "Cogo, Annalisa", "authorized_access_point": "Cogo, Annalisa", "md5": "87f858214d7c6ba2720c827d39fe5332", "$schema": "https://mef.rero.ch/schemas/agents_rero/rero-agent-v0.0.1.json"}	1
2026-03-25 19:53:19.187566+00:00	2026-03-25 19:53:19.187566+00:00	84940226-cd3d-4be7-8fcf-592b23a83393	{"pid": "A003114110", "type": "bf:Person", "preferred_name": "Cogotti, Marina", "authorized_access_point": "Cogotti, Marina", "md5": "49ca38874e4f997665de0000aa047fd3", "$schema": "https://mef.rero.ch/schemas/agents_rero/rero-agent-v0.0.1.json"}	1
2026-03-25 19:53:19.187588+00:00	2026-03-25 19:53:19.187588+00:00	150d123d-23d2-408d-b11b-3bc1805a2978	{"pid": "A003116989", "type": "bf:Person", "preferred_name": "Collins, Joseph Burns", "authorized_access_point": "Collins, Joseph Burns", "md5": "803d597104ad7f7202080ea4ecf21a2c", "$schema": "https://mef.rero.ch/schemas/agents_rero/rero-agent-v0.0.1.json"}	1
2026-03-25 19:53:19.187609+00:00	2026-03-25 19:53:19.187609+00:00	28f5f9ec-cd80-471a-a777-5a043c2b8477	{"pid": "A003121026", "type": "bf:Person", "preferred_name": "Combray, Richard de", "authorized_access_point": "Combray, Richard de", "md5": "76fd1c9cd8a1ba6cf1c04ec2d1c4b3cc", "$schema": "https://mef.rero.ch/schemas/agents_rero/rero-agent-v0.0.1.json"}	1
2026-03-25 19:53:19.187632+00:00	2026-03-25 19:53:19.187632+00:00	82c06ae6-b791-4cdd-bfa5-39e2276181c0	{"pid": "A003121313", "type": "bf:Organisation", "conference": false, "preferred_name": "Comitato nazionale italiano per le arti popolari", "authorized_access_point": "Comitato nazionale italiano per le arti popolari", "md5": "48b655fdf614ef3e25987fe376450b5d", "$schema": "https://mef.rero.ch/schemas/agents_rero/rero-agent-v0.0.1.json"}	1
2026-03-25 19:53:19.187655+00:00	2026-03-25 19:53:19.187655+00:00	d54f22d3-4b97-4acd-a2c8-dac7688f5fa6	{"pid": "A003122042", "type": "bf:Organisation", "conference": false, "preferred_name": "Comit\\u00e9 pour la sauvegarde de l'Ariana (Gen\\u00e8ve)", "authorized_access_point": "Comit\\u00e9 pour la sauvegarde de l'Ariana (Gen\\u00e8ve)", "md5": "9c4500994274383852e2fe0fe7b16579", "$schema": "https://mef.rero.ch/schemas/agents_rero/rero-agent-v0.0.1.json"}	1
2026-03-25 19:53:19.187679+00:00	2026-03-25 19:53:19.187679+00:00	673ed042-1e21-4c99-9978-1e7d94cdeefe	{"pid": "A003122713", "type": "bf:Organisation", "conference": false, "preferred_name": "Committee on Urban Public Economics (USA). Conference (1977?)", "authorized_access_point": "Committee on Urban Public Economics (USA). Conference (1977?)", "md5": "8ee4c24eda3c310e675333f3716ff0c9", "$schema": "https://mef.rero.ch/schemas/agents_rero/rero-agent-v0.0.1.json"}	1
2026-03-25 19:53:19.187702+00:00	2026-03-25 19:53:19.187702+00:00	6ed3873d-e9ad-4635-924d-79a6869cf2e8	{"pid": "A003123930", "type": "bf:Organisation", "conference": false, "preferred_name": "Concertgebouw Orkest (Amsterdam). Koor", "authorized_access_point": "Concertgebouw Orkest (Amsterdam). Koor", "md5": "f602d7328b82cb37da2145cc6412362c", "$schema": "https://mef.rero.ch/schemas/agents_rero/rero-agent-v0.0.1.json"}	1
2026-03-25 19:53:19.187724+00:00	2026-03-25 19:53:19.187724+00:00	1584debb-ce68-4a63-8d97-1394f85b85af	{"pid": "A003131969", "type": "bf:Person", "preferred_name": "Continati, Dolores", "authorized_access_point": "Continati, Dolores", "md5": "c6c7d04c80c5382ab81342b39e5e8776", "$schema": "https://mef.rero.ch/schemas/agents_rero/rero-agent-v0.0.1.json"}	1
2026-03-25 19:53:19.187745+00:00	2026-03-25 19:53:19.187745+00:00	9591c20b-0b83-435a-b2d2-0a01a19cfa9f	{"pid": "A003132079", "type": "bf:Person", "preferred_name": "Contri, Giacomo", "authorized_access_point": "Contri, Giacomo", "md5": "d5ba3d6080405cbb1d2534fd1178cae9", "$schema": "https://mef.rero.ch/schemas/agents_rero/rero-agent-v0.0.1.json"}	1
2026-03-25 19:53:19.187767+00:00	2026-03-25 19:53:19.187767+00:00	d6063e21-1fc7-4e67-8279-95d88be1975c	{"pid": "A003134703", "type": "bf:Person", "preferred_name": "Corbaz, Etienne", "authorized_access_point": "Corbaz, Etienne", "md5": "9c614f668790f467e4b3bf2382275e31", "$schema": "https://mef.rero.ch/schemas/agents_rero/rero-agent-v0.0.1.json"}	1
2026-03-25 19:53:19.187789+00:00	2026-03-25 19:53:19.187789+00:00	caf1cafd-ddee-4b71-b01b-d1eb2bc359dc	{"pid": "A003136891", "type": "bf:Organisation", "conference": false, "preferred_name": "Corse (r\\u00e9gion). Direction r\\u00e9gionale des antiquit\\u00e9s", "authorized_access_point": "Corse (r\\u00e9gion). Direction r\\u00e9gionale des antiquit\\u00e9s", "md5": "a1bad6e599a6ff9cef79c66cd2d1e112", "$schema": "https://mef.rero.ch/schemas/agents_rero/rero-agent-v0.0.1.json"}	1
2026-03-25 19:53:19.187812+00:00	2026-03-25 19:53:19.187812+00:00	68f78f94-eea7-4ce2-ae69-cf117be71304	{"pid": "A003141286", "type": "bf:Person", "preferred_name": "Coward, Harold G", "authorized_access_point": "Coward, Harold G", "md5": "8eda1aaecb060f0a41e0162e53060693", "$schema": "https://mef.rero.ch/schemas/agents_rero/rero-agent-v0.0.1.json"}	1
2026-03-25 19:53:19.187833+00:00	2026-03-25 19:53:19.187833+00:00	341856c5-66a4-4d93-afba-7c40bc30c117	{"pid": "A003141352", "type": "bf:Person", "preferred_name": "Cowen, Philip A", "authorized_access_point": "Cowen, Philip A", "md5": "dafec2f55544dbeeed2595e235632107", "$schema": "https://mef.rero.ch/schemas/agents_rero/rero-agent-v0.0.1.json"}	1
2026-03-25 19:53:19.187867+00:00	2026-03-25 19:53:19.187867+00:00	196c49b6-c644-479d-b0b4-d488a2cc8270	{"pid": "A003142207", "type": "bf:Person", "date_of_birth": "1959", "preferred_name": "Cramatte, Jean-Luc,", "authorized_access_point": "Cramatte, Jean-Luc, 1959-", "biographical_information": ["Photographe suisse, fondateur de l'agence Freenews"], "md5": "cf8fba25900bf2e8e919ae0350872cf2", "$schema": "https://mef.rero.ch/schemas/agents_rero/rero-agent-v0.0.1.json"}	1
2026-03-25 19:53:19.187890+00:00	2026-03-25 19:53:19.187890+00:00	7900e13a-ccce-47f8-90c5-dae2f25dd70a	{"pid": "A003145194", "type": "bf:Person", "preferred_name": "Croubalian, M\\u00e9lanie", "authorized_access_point": "Croubalian, M\\u00e9lanie", "md5": "a2b26b78387890ceb4850264966d29d4", "$schema": "https://mef.rero.ch/schemas/agents_rero/rero-agent-v0.0.1.json"}	1
2026-03-25 19:53:19.187912+00:00	2026-03-25 19:53:19.187912+00:00	99ed9154-10ce-480e-ae54-b86c1ca28d53	{"pid": "A003145393", "type": "bf:Organisation", "conference": false, "preferred_name": "Crowell [and] Moring", "authorized_access_point": "Crowell [and] Moring", "md5": "70ef3825d54ff5cb3f8acb7558d4d5c4", "$schema": "https://mef.rero.ch/schemas/agents_rero/rero-agent-v0.0.1.json"}	1
2026-03-25 19:53:19.187934+00:00	2026-03-25 19:53:19.187934+00:00	4d2f7e32-4d12-4e76-ba08-94ea7fdd983b	{"pid": "A003146897", "type": "bf:Person", "preferred_name": "Cullen, Gordon", "authorized_access_point": "Cullen, Gordon", "md5": "53de721c39153e15828e7854f7eb8ceb", "$schema": "https://mef.rero.ch/schemas/agents_rero/rero-agent-v0.0.1.json"}	1
2026-03-25 19:53:19.187956+00:00	2026-03-25 19:53:19.187956+00:00	fc082148-e602-41d5-b10f-c57adbf31aca	{"pid": "A003149155", "type": "bf:Organisation", "conference": false, "preferred_name": "Czechoslovak Society for Science and Technique", "authorized_access_point": "Czechoslovak Society for Science and Technique", "md5": "ace7e8adb92ab8e52e35d5724833670c", "$schema": "https://mef.rero.ch/schemas/agents_rero/rero-agent-v0.0.1.json"}	1
2026-03-25 19:53:19.187978+00:00	2026-03-25 19:53:19.187978+00:00	904b714f-18ac-4132-82c1-f9889790d58b	{"pid": "A003149182", "type": "bf:Person", "preferred_name": "Czempin, Thomas", "authorized_access_point": "Czempin, Thomas", "md5": "8504d034961c2effa553abab2c01b2f0", "$schema": "https://mef.rero.ch/schemas/agents_rero/rero-agent-v0.0.1.json"}	1
2026-03-25 19:53:19.188000+00:00	2026-03-25 19:53:19.188000+00:00	8cf9279d-2de3-4cb1-b32d-8ac1880e7c8c	{"pid": "A003149832", "type": "bf:Person", "preferred_name": "C\\u0103pu\\u015fe, Iosif", "authorized_access_point": "C\\u0103pu\\u015fe, Iosif", "md5": "acfea4cb2e5a2ba79f5be149e872786d", "$schema": "https://mef.rero.ch/schemas/agents_rero/rero-agent-v0.0.1.json"}	1
2026-03-25 19:53:19.188021+00:00	2026-03-25 19:53:19.188021+00:00	273856af-7bcc-4d11-86ff-7e206d4f8f10	{"pid": "A003150269", "type": "bf:Person", "preferred_name": "D'Egmond, Balthasar", "authorized_access_point": "D'Egmond, Balthasar", "md5": "2daca9918211c45ff047c3c06381df59", "$schema": "https://mef.rero.ch/schemas/agents_rero/rero-agent-v0.0.1.json"}	1
2026-03-25 19:53:19.188042+00:00	2026-03-25 19:53:19.188042+00:00	75b12294-d11f-4cf3-90eb-85c0ab1accd5	{"pid": "A003151816", "type": "bf:Person", "preferred_name": "Daka, Marie", "authorized_access_point": "Daka, Marie", "md5": "82e6ba1cb727c041db2fbdba88373a7e", "$schema": "https://mef.rero.ch/schemas/agents_rero/rero-agent-v0.0.1.json"}	1
2026-03-25 19:53:19.188064+00:00	2026-03-25 19:53:19.188064+00:00	2d95af45-7aa3-4ad8-84c4-16d476c1afd8	{"pid": "A003154955", "type": "bf:Person", "preferred_name": "Darcy, Henry-Philibert-Gaspard", "authorized_access_point": "Darcy, Henry-Philibert-Gaspard", "md5": "1060561223558aeac32f0b77c8cc4a60", "$schema": "https://mef.rero.ch/schemas/agents_rero/rero-agent-v0.0.1.json"}	1
2026-03-25 19:53:19.188086+00:00	2026-03-25 19:53:19.188086+00:00	cb4d39d4-36d4-4fa1-93da-82202e669a69	{"pid": "A003155460", "type": "bf:Person", "preferred_name": "Darrieux, Jessa", "authorized_access_point": "Darrieux, Jessa", "md5": "fe386f0007bbcaee295b73d430d6cfd3", "$schema": "https://mef.rero.ch/schemas/agents_rero/rero-agent-v0.0.1.json"}	1
2026-03-25 19:53:19.188107+00:00	2026-03-25 19:53:19.188107+00:00	c6a98881-5548-4240-bf4c-6d8cb3543978	{"pid": "A003155524", "type": "bf:Person", "preferred_name": "Darst, Melanie", "authorized_access_point": "Darst, Melanie", "md5": "543db0b13ad383f579bfb0a94506fed1", "$schema": "https://mef.rero.ch/schemas/agents_rero/rero-agent-v0.0.1.json"}	1
2026-03-25 19:53:19.188128+00:00	2026-03-25 19:53:19.188128+00:00	2abf1a1f-f567-41a5-b64b-1fb5bad4709a	{"pid": "A003159779", "type": "bf:Person", "preferred_name": "De Faveri, Lydia", "authorized_access_point": "De Faveri, Lydia", "md5": "9fbc24b2c9692f64ef9812d307896038", "$schema": "https://mef.rero.ch/schemas/agents_rero/rero-agent-v0.0.1.json"}	1
2026-03-25 19:53:19.188149+00:00	2026-03-25 19:53:19.188149+00:00	a8c67fcd-936f-4b61-a09f-5f50970cb0cd	{"pid": "A003162783", "type": "bf:Person", "preferred_name": "Dechartres, Charles", "authorized_access_point": "Dechartres, Charles", "md5": "9ac94ded14cd3262820903521a1bab9c", "$schema": "https://mef.rero.ch/schemas/agents_rero/rero-agent-v0.0.1.json"}	1
2026-03-25 19:53:19.188170+00:00	2026-03-25 19:53:19.188170+00:00	60295bc4-615c-4f34-9737-0c9dddc8ccbd	{"pid": "A003170262", "type": "bf:Person", "preferred_name": "Depelchin, Jacques", "authorized_access_point": "Depelchin, Jacques", "md5": "cd38cb3ae55f05162beae10ac53ee15b", "$schema": "https://mef.rero.ch/schemas/agents_rero/rero-agent-v0.0.1.json"}	1
2026-03-25 19:53:19.188194+00:00	2026-03-25 19:53:19.188194+00:00	fb6cad35-dfe8-486a-a097-d66ecf80166c	{"pid": "A003171170", "type": "bf:Person", "preferred_name": "Dertouzos, James N", "authorized_access_point": "Dertouzos, James N", "md5": "43424992c438337b58e79ee25073a0ae", "$schema": "https://mef.rero.ch/schemas/agents_rero/rero-agent-v0.0.1.json"}	1
2026-03-25 19:53:19.188215+00:00	2026-03-25 19:53:19.188215+00:00	99e0856d-825a-4e65-bfb0-3a34a127ffec	{"pid": "A003172151", "type": "bf:Person", "preferred_name": "DeSeve, G. Edward", "authorized_access_point": "DeSeve, G. Edward", "md5": "fc153a55137652d63ad50aba8cbc7920", "$schema": "https://mef.rero.ch/schemas/agents_rero/rero-agent-v0.0.1.json"}	1
2026-03-25 19:53:19.188237+00:00	2026-03-25 19:53:19.188237+00:00	ac115a1d-2fa0-40a9-ae92-ba96157ca735	{"pid": "A003172474", "type": "bf:Person", "preferred_name": "Deslarzes, B\\u00e9atrice", "authorized_access_point": "Deslarzes, B\\u00e9atrice", "md5": "081d1078c095f6d7dad0ef145f1c3a9b", "$schema": "https://mef.rero.ch/schemas/agents_rero/rero-agent-v0.0.1.json"}	1
2026-03-25 19:53:19.188268+00:00	2026-03-25 19:53:19.188268+00:00	6d144194-f2b4-4720-be31-4a1ed00346fe	{"pid": "A003173240", "type": "bf:Person", "preferred_name": "Dessoulavy, Denis", "authorized_access_point": "Dessoulavy, Denis", "md5": "a72e03f852ccce0bb6ba0c3754a5392b", "$schema": "https://mef.rero.ch/schemas/agents_rero/rero-agent-v0.0.1.json"}	1
2026-03-25 19:53:19.188290+00:00	2026-03-25 19:53:19.188290+00:00	93629428-8276-42aa-b374-f484a668c80e	{"pid": "A003177980", "type": "bf:Person", "preferred_name": "Di Sarro, Thierry", "authorized_access_point": "Di Sarro, Thierry", "md5": "5fcf5fa0155a8dba2e5a62cfc7768818", "$schema": "https://mef.rero.ch/schemas/agents_rero/rero-agent-v0.0.1.json"}	1
2026-03-25 19:53:19.188311+00:00	2026-03-25 19:53:19.188311+00:00	827d4fd1-1d2e-43b3-8a25-99acfa356ce0	{"pid": "A003178146", "type": "bf:Person", "preferred_name": "Diagne, Mouhamadou", "authorized_access_point": "Diagne, Mouhamadou", "md5": "d3c1f3575e6a2e4b050b15cd04485164", "$schema": "https://mef.rero.ch/schemas/agents_rero/rero-agent-v0.0.1.json"}	1
2026-03-25 19:53:19.188333+00:00	2026-03-25 19:53:19.188333+00:00	0e7b8a3c-b9f6-47c0-b764-b407853445a0	{"pid": "A003179452", "type": "bf:Person", "preferred_name": "Diedrichs, Raffaella", "authorized_access_point": "Diedrichs, Raffaella", "md5": "110ef7a8058c8df988a520235e349408", "$schema": "https://mef.rero.ch/schemas/agents_rero/rero-agent-v0.0.1.json"}	1
2026-03-25 19:53:19.188357+00:00	2026-03-25 19:53:19.188357+00:00	06156ce9-c8d6-49ce-ae50-1bb6a9e6b81c	{"pid": "A003182838", "type": "bf:Organisation", "conference": false, "preferred_name": "Divertimento Vocale (Fribourg)", "authorized_access_point": "Divertimento Vocale (Fribourg)", "md5": "39cc24fa82c187b134a17e4423c03337", "$schema": "https://mef.rero.ch/schemas/agents_rero/rero-agent-v0.0.1.json"}	1
2026-03-25 19:53:19.188379+00:00	2026-03-25 19:53:19.188379+00:00	02ef6357-e914-4f5e-9f4c-e6acdd7685c0	{"pid": "A003184655", "type": "bf:Person", "preferred_name": "Dohrn, Cathy", "authorized_access_point": "Dohrn, Cathy", "md5": "478c22c18ea6bd726dfea6ec925972e1", "$schema": "https://mef.rero.ch/schemas/agents_rero/rero-agent-v0.0.1.json"}	1
2026-03-25 19:53:19.188400+00:00	2026-03-25 19:53:19.188400+00:00	14603bbe-e516-4b64-84c5-493430e255aa	{"pid": "A003185209", "type": "bf:Person", "preferred_name": "Doly, Guy", "authorized_access_point": "Doly, Guy", "md5": "01d88948f8a4b68a1940c8189df76ebf", "$schema": "https://mef.rero.ch/schemas/agents_rero/rero-agent-v0.0.1.json"}	1
2026-03-25 19:53:19.188422+00:00	2026-03-25 19:53:19.188422+00:00	d2ab51b7-a86f-4108-8b9b-c4927dbef5ea	{"pid": "A003188796", "type": "bf:Person", "preferred_name": "Douglas, Claire", "authorized_access_point": "Douglas, Claire", "md5": "f9dad0bc2b80f75bc687d73f1fb0d45e", "$schema": "https://mef.rero.ch/schemas/agents_rero/rero-agent-v0.0.1.json"}	1
2026-03-25 19:53:19.188458+00:00	2026-03-25 19:53:19.188458+00:00	5fe989db-5436-4f49-883b-2ea000873560	{"pid": "A003192212", "type": "bf:Person", "preferred_name": "Druto, Maciej", "authorized_access_point": "Druto, Maciej", "md5": "d9927602d63888dc9131ec9fdf443d0f", "$schema": "https://mef.rero.ch/schemas/agents_rero/rero-agent-v0.0.1.json"}	1
2026-03-25 19:53:19.188480+00:00	2026-03-25 19:53:19.188480+00:00	6c208391-02d7-4dbf-86a6-d39c8eff1c1e	{"pid": "A003194582", "type": "bf:Person", "preferred_name": "Duchesne, Gaston", "authorized_access_point": "Duchesne, Gaston", "md5": "1c11c55a2a9eee86bd1c86bf8a23d388", "$schema": "https://mef.rero.ch/schemas/agents_rero/rero-agent-v0.0.1.json"}	1
2026-03-25 19:53:19.188502+00:00	2026-03-25 19:53:19.188502+00:00	e3bc0586-5533-4cd7-a512-c60909ac904e	{"pid": "A003196110", "type": "bf:Person", "preferred_name": "Dugarte Balza, Marbella", "authorized_access_point": "Dugarte Balza, Marbella", "md5": "1fc1c08b5b2839d01562c80072cf5dca", "$schema": "https://mef.rero.ch/schemas/agents_rero/rero-agent-v0.0.1.json"}	1
2026-03-25 19:53:19.188524+00:00	2026-03-25 19:53:19.188524+00:00	efcad09c-48cf-4689-bed0-c9b3475525a7	{"pid": "A003197536", "type": "bf:Person", "preferred_name": "Dunand, Georges", "authorized_access_point": "Dunand, Georges", "md5": "3f02f115edcadfe8bf17df1c5b3a603a", "$schema": "https://mef.rero.ch/schemas/agents_rero/rero-agent-v0.0.1.json"}	1
2026-03-25 19:53:19.188545+00:00	2026-03-25 19:53:19.188545+00:00	43d0021d-79c0-49a2-b7aa-117af551e0e8	{"pid": "A003198713", "type": "bf:Person", "preferred_name": "Dupong, Lucy", "authorized_access_point": "Dupong, Lucy", "md5": "ffc802be849d0832cada6173b219619a", "$schema": "https://mef.rero.ch/schemas/agents_rero/rero-agent-v0.0.1.json"}	1
2026-03-25 19:53:19.188567+00:00	2026-03-25 19:53:19.188567+00:00	0cfa1257-b0bf-4ed9-acfd-ba55c8459305	{"pid": "A003199994", "type": "bf:Person", "preferred_name": "Durel, Bernard", "authorized_access_point": "Durel, Bernard", "md5": "8bae8180aadaaa6ed61ccb20eb4bd113", "$schema": "https://mef.rero.ch/schemas/agents_rero/rero-agent-v0.0.1.json"}	1
2026-03-25 19:53:19.188588+00:00	2026-03-25 19:53:19.188588+00:00	ff6b7208-dfcd-45ff-b6a8-f0ba9b600594	{"pid": "A003201589", "type": "bf:Person", "preferred_name": "Duviard, Dominique", "authorized_access_point": "Duviard, Dominique", "md5": "08e66c1965301a6d4289836d7c18330d", "$schema": "https://mef.rero.ch/schemas/agents_rero/rero-agent-v0.0.1.json"}	1
2026-03-25 19:53:19.188610+00:00	2026-03-25 19:53:19.188610+00:00	f0036ea6-ebd3-465c-ac5b-56d4cdc084e6	{"pid": "A003203987", "type": "bf:Person", "preferred_name": "D\\u00edaz, Janet Winecoff", "authorized_access_point": "D\\u00edaz, Janet Winecoff", "md5": "fe29fd61cd3974a87cc48c433af381c0", "$schema": "https://mef.rero.ch/schemas/agents_rero/rero-agent-v0.0.1.json"}	1
2026-03-25 19:53:19.188632+00:00	2026-03-25 19:53:19.188632+00:00	b9a0a3a7-0fe6-45b2-87c4-27116fd1bf36	{"pid": "A003206780", "type": "bf:Person", "preferred_name": "Echard, William E", "authorized_access_point": "Echard, William E", "md5": "c2e0ffe4d99fe6785875124a1c7c9266", "$schema": "https://mef.rero.ch/schemas/agents_rero/rero-agent-v0.0.1.json"}	1
2026-03-25 19:53:19.188654+00:00	2026-03-25 19:53:19.188654+00:00	0f45ee44-1621-45bd-85cb-6884a13988c1	{"pid": "A003217486", "type": "bf:Person", "preferred_name": "Engelhard, Hermann", "authorized_access_point": "Engelhard, Hermann", "md5": "63a77e92c0c630aa2ae93dc8c80f9287", "$schema": "https://mef.rero.ch/schemas/agents_rero/rero-agent-v0.0.1.json"}	1
2026-03-25 19:53:19.188685+00:00	2026-03-25 19:53:19.188685+00:00	867c0416-9c9a-4cd4-938d-a76038f937b7	{"pid": "A003218658", "type": "bf:Organisation", "conference": false, "preferred_name": "Ensemble vocal Audite Nova (Paris)", "authorized_access_point": "Ensemble vocal Audite Nova (Paris)", "md5": "f0c262fb646d08b52bb761d5a7ef28f1", "$schema": "https://mef.rero.ch/schemas/agents_rero/rero-agent-v0.0.1.json"}	1
2026-03-25 19:53:19.188708+00:00	2026-03-25 19:53:19.188708+00:00	1975b497-4f36-4578-b22d-cc5b83b982cb	{"pid": "A003218686", "type": "bf:Organisation", "conference": false, "preferred_name": "Ensemble Wien-Berlin", "authorized_access_point": "Ensemble Wien-Berlin", "md5": "8f7ef0f7751e42516789e5d18afbb560", "$schema": "https://mef.rero.ch/schemas/agents_rero/rero-agent-v0.0.1.json"}	1
2026-03-25 19:53:19.188730+00:00	2026-03-25 19:53:19.188730+00:00	60e27fae-9056-4bf2-b6a1-3618d0fa22a7	{"pid": "A003223430", "type": "bf:Person", "preferred_name": "Estle, Thomas Leo", "authorized_access_point": "Estle, Thomas Leo", "md5": "f5b2fbcb8eb283355a1903c39241e471", "$schema": "https://mef.rero.ch/schemas/agents_rero/rero-agent-v0.0.1.json"}	1
2026-03-25 19:53:19.188751+00:00	2026-03-25 19:53:19.188751+00:00	a09be51c-ee91-4502-af69-1073183df67c	{"pid": "A003230887", "type": "bf:Person", "preferred_name": "Fankhauser, Hans F", "authorized_access_point": "Fankhauser, Hans F", "md5": "819b0696ae250f9291d6ecd11bca2ea7", "$schema": "https://mef.rero.ch/schemas/agents_rero/rero-agent-v0.0.1.json"}	1
2026-03-25 19:53:19.188773+00:00	2026-03-25 19:53:19.188773+00:00	04cb5ac5-e447-4b99-b8e6-eb88081c1e1c	{"pid": "A003235750", "type": "bf:Person", "preferred_name": "Fehlmann, Ruedi", "authorized_access_point": "Fehlmann, Ruedi", "md5": "b90dd9d0fc9575c1aec27e7a24208a10", "$schema": "https://mef.rero.ch/schemas/agents_rero/rero-agent-v0.0.1.json"}	1
2026-03-25 19:53:19.188794+00:00	2026-03-25 19:53:19.188794+00:00	01e4593c-eb24-4a2f-bece-5f295bed2855	{"pid": "A003235825", "type": "bf:Person", "preferred_name": "Fehr, Regula", "authorized_access_point": "Fehr, Regula", "md5": "07f8e881840807b52a8107ee1a5e2401", "$schema": "https://mef.rero.ch/schemas/agents_rero/rero-agent-v0.0.1.json"}	1
2026-03-25 19:53:19.188815+00:00	2026-03-25 19:53:19.188815+00:00	903f3683-3a21-4f8d-9300-38fd89e948b6	{"pid": "A003236665", "type": "bf:Person", "preferred_name": "Feldman, Stanley A", "authorized_access_point": "Feldman, Stanley A", "md5": "a77bee6367a7811ec4f40bce9dc963b0", "$schema": "https://mef.rero.ch/schemas/agents_rero/rero-agent-v0.0.1.json"}	1
2026-03-25 19:53:19.188836+00:00	2026-03-25 19:53:19.188836+00:00	9f2ec315-4984-413c-82dd-579fa9f5d79f	{"pid": "A003237696", "type": "bf:Person", "preferred_name": "Fenton, Terry", "authorized_access_point": "Fenton, Terry", "md5": "3f7615bce81f8fd6644b620a6d150ed5", "$schema": "https://mef.rero.ch/schemas/agents_rero/rero-agent-v0.0.1.json"}	1
2026-03-25 19:53:19.188857+00:00	2026-03-25 19:53:19.188857+00:00	9e7b4327-8a16-4518-b96a-7f9d6aa758e1	{"pid": "A003240957", "type": "bf:Person", "preferred_name": "Feuardent, Ren\\u00e9", "authorized_access_point": "Feuardent, Ren\\u00e9", "md5": "d8d7404bc516dd2f92664be4454fbba3", "$schema": "https://mef.rero.ch/schemas/agents_rero/rero-agent-v0.0.1.json"}	1
2026-03-25 19:53:19.188878+00:00	2026-03-25 19:53:19.188878+00:00	31f82eda-9d48-4a2d-a0db-caacc8258361	{"pid": "A003242452", "type": "bf:Person", "preferred_name": "Figurey, Ernest", "authorized_access_point": "Figurey, Ernest", "md5": "c16b0742d273318c580299aaab695de6", "$schema": "https://mef.rero.ch/schemas/agents_rero/rero-agent-v0.0.1.json"}	1
2026-03-25 19:53:19.188899+00:00	2026-03-25 19:53:19.188899+00:00	171f2d2d-725a-489b-8288-64c7ed01ec31	{"pid": "A003243348", "type": "bf:Person", "preferred_name": "Findlay, William", "authorized_access_point": "Findlay, William", "md5": "3a3cada7bf48e25cffcfce746e43cbd6", "$schema": "https://mef.rero.ch/schemas/agents_rero/rero-agent-v0.0.1.json"}	1
2026-03-25 19:53:19.188923+00:00	2026-03-25 19:53:19.188923+00:00	0c085b35-2219-4129-983a-4c1dc36fe7b7	{"pid": "A003245434", "type": "bf:Person", "qualifier": "entomologue", "variant_name": ["Fischer, Maximilian, entomologue"], "preferred_name": "Fischer, Max, entomologue", "variant_access_point": ["Fischer, Maximilian, entomologue"], "authorized_access_point": "Fischer, Max, entomologue", "md5": "3193bc18cb4b24d47efe7db8d85fdb78", "$schema": "https://mef.rero.ch/schemas/agents_rero/rero-agent-v0.0.1.json"}	1
2026-03-25 19:53:19.188946+00:00	2026-03-25 19:53:19.188946+00:00	0a296a60-4fc9-4249-bf31-ec8f131cd80b	{"pid": "A003246832", "type": "bf:Person", "preferred_name": "Flaction, Rosette", "authorized_access_point": "Flaction, Rosette", "md5": "0c5aa3e22ecef7ad6763606640890a6f", "$schema": "https://mef.rero.ch/schemas/agents_rero/rero-agent-v0.0.1.json"}	1
2026-03-25 19:53:19.188968+00:00	2026-03-25 19:53:19.188968+00:00	0a13d623-266c-4334-84b2-b9972040d55a	{"pid": "A003250020", "type": "bf:Person", "preferred_name": "Foglar-Deinhardstein, Harald", "authorized_access_point": "Foglar-Deinhardstein, Harald", "md5": "591f0653eb71908c90588accf2e23948", "$schema": "https://mef.rero.ch/schemas/agents_rero/rero-agent-v0.0.1.json"}	1
2026-03-25 19:53:19.188992+00:00	2026-03-25 19:53:19.188992+00:00	314ed481-5b4d-465c-9b70-815f1fc21210	{"pid": "A003250278", "type": "bf:Person", "variant_name": ["Foletti, Giovanni Battista"], "preferred_name": "Foletti, Giovanni", "variant_access_point": ["Foletti, Giovanni Battista"], "authorized_access_point": "Foletti, Giovanni", "md5": "2dd74a62ae3a8a634d6b7150209fdfa8", "$schema": "https://mef.rero.ch/schemas/agents_rero/rero-agent-v0.0.1.json"}	1
2026-03-25 19:53:19.189014+00:00	2026-03-25 19:53:19.189014+00:00	134f0b7b-3e9c-4803-8fe8-6645f13719b0	{"pid": "A003250343", "type": "bf:Person", "preferred_name": "Folger, Robert", "authorized_access_point": "Folger, Robert", "md5": "b2aa33d22c887bab1fb588ae7b8f3877", "$schema": "https://mef.rero.ch/schemas/agents_rero/rero-agent-v0.0.1.json"}	1
2026-03-25 19:53:19.189035+00:00	2026-03-25 19:53:19.189035+00:00	b63ca5b4-9c2b-496b-a91b-8ca17285f6b3	{"pid": "A003250353", "type": "bf:Person", "preferred_name": "Folie, Jacqueline", "authorized_access_point": "Folie, Jacqueline", "md5": "f9706291557c397635237935ada0655f", "$schema": "https://mef.rero.ch/schemas/agents_rero/rero-agent-v0.0.1.json"}	1
2026-03-25 19:53:19.189056+00:00	2026-03-25 19:53:19.189056+00:00	fa16fdf3-cce5-4691-b1d2-24b840893877	{"pid": "A003251379", "type": "bf:Organisation", "conference": false, "preferred_name": "Fondazione Cariplo per la ricerca scientifica (Milano)", "authorized_access_point": "Fondazione Cariplo per la ricerca scientifica (Milano)", "md5": "10aba2bcbfcf9ec025a31a62eeffbf27", "$schema": "https://mef.rero.ch/schemas/agents_rero/rero-agent-v0.0.1.json"}	1
2026-03-25 19:53:19.189086+00:00	2026-03-25 19:53:19.189086+00:00	c7be9bb9-91b0-4e3c-88cb-71ef5496e96c	{"pid": "A003256978", "type": "bf:Person", "preferred_name": "Frager, Robert", "authorized_access_point": "Frager, Robert", "md5": "c41bc5e20ffef0ca8cd59cc9cd288147", "$schema": "https://mef.rero.ch/schemas/agents_rero/rero-agent-v0.0.1.json"}	1
2026-03-25 19:53:19.189107+00:00	2026-03-25 19:53:19.189107+00:00	8663ac74-dd77-41d8-911b-6ee2dff0d68c	{"pid": "A003259324", "type": "bf:Person", "preferred_name": "Frangou, S.A", "authorized_access_point": "Frangou, S.A", "md5": "6e9c340a244465614afbe53c8509e460", "$schema": "https://mef.rero.ch/schemas/agents_rero/rero-agent-v0.0.1.json"}	1
2026-03-25 19:53:19.189128+00:00	2026-03-25 19:53:19.189128+00:00	049830cc-225b-40bf-ac6b-d02640deb4f6	{"pid": "A003259363", "type": "bf:Person", "preferred_name": "Frank, Benjamen Simon", "authorized_access_point": "Frank, Benjamen Simon", "md5": "c543a381b6c5a49ca2c14643e80945b1", "$schema": "https://mef.rero.ch/schemas/agents_rero/rero-agent-v0.0.1.json"}	1
2026-03-25 19:53:19.189150+00:00	2026-03-25 19:53:19.189150+00:00	c29a05b1-d3c8-4c4c-b29e-457d8b6af0bd	{"pid": "A003261984", "type": "bf:Person", "preferred_name": "Freeze, Paul D", "authorized_access_point": "Freeze, Paul D", "md5": "b056dcaf95309a01b1cf9bc4384c1998", "$schema": "https://mef.rero.ch/schemas/agents_rero/rero-agent-v0.0.1.json"}	1
2026-03-25 19:53:19.189171+00:00	2026-03-25 19:53:19.189171+00:00	b790940e-8b5d-4bfc-873c-549395af6ecd	{"pid": "A003262188", "type": "bf:Person", "preferred_name": "Frei-Borer, Ursula", "authorized_access_point": "Frei-Borer, Ursula", "md5": "fb88a7c8cfcfddaf4fd606b1ead29ded", "$schema": "https://mef.rero.ch/schemas/agents_rero/rero-agent-v0.0.1.json"}	1
2026-03-25 19:53:19.189193+00:00	2026-03-25 19:53:19.189193+00:00	3665f9b2-f1eb-4a55-9b62-cb043547ae9e	{"pid": "A003263551", "type": "bf:Person", "preferred_name": "Frey, Markus", "authorized_access_point": "Frey, Markus", "md5": "602462bbd7ee749ddd99a08cd5422ade", "$schema": "https://mef.rero.ch/schemas/agents_rero/rero-agent-v0.0.1.json"}	1
2026-03-25 19:53:19.189215+00:00	2026-03-25 19:53:19.189215+00:00	927292c5-6db1-405f-87df-be4f3fae7f4c	{"pid": "A003264908", "type": "bf:Person", "preferred_name": "Friedman, William Frederick", "authorized_access_point": "Friedman, William Frederick", "md5": "f73d063ae9571f72ff61a962b6708210", "$schema": "https://mef.rero.ch/schemas/agents_rero/rero-agent-v0.0.1.json"}	1
2026-03-25 19:53:19.189237+00:00	2026-03-25 19:53:19.189237+00:00	7da3b7b4-e7b1-4910-816f-bb7d463c8cc6	{"pid": "A003265730", "type": "bf:Person", "preferred_name": "Frisch, Christine", "authorized_access_point": "Frisch, Christine", "md5": "8ff1a64875683e26a5386b2f969e5ccb", "$schema": "https://mef.rero.ch/schemas/agents_rero/rero-agent-v0.0.1.json"}	1
2026-03-25 19:53:19.189258+00:00	2026-03-25 19:53:19.189258+00:00	fa4309e6-095f-4cdc-a265-9117507c2501	{"pid": "A003267103", "type": "bf:Person", "preferred_name": "Frost, Wolfgang", "authorized_access_point": "Frost, Wolfgang", "md5": "49f15599f62a79a303a3c272cf22d5b2", "$schema": "https://mef.rero.ch/schemas/agents_rero/rero-agent-v0.0.1.json"}	1
2026-03-25 19:53:19.189279+00:00	2026-03-25 19:53:19.189279+00:00	b9e0a1d6-8413-4530-96dd-b4951f57bb46	{"pid": "A003267500", "type": "bf:Person", "preferred_name": "Fryer, K.D", "authorized_access_point": "Fryer, K.D", "md5": "5e2219d9792555aefefaf0032098663f", "$schema": "https://mef.rero.ch/schemas/agents_rero/rero-agent-v0.0.1.json"}	1
2026-03-25 19:53:19.189300+00:00	2026-03-25 19:53:19.189300+00:00	449b8767-7e96-4acc-a091-f7e5ad1ebf71	{"pid": "A003268129", "type": "bf:Person", "preferred_name": "Fuchino, Saka\\u00e9", "authorized_access_point": "Fuchino, Saka\\u00e9", "md5": "83f3c3d2a55b22c794fec51a0387406c", "$schema": "https://mef.rero.ch/schemas/agents_rero/rero-agent-v0.0.1.json"}	1
2026-03-25 19:53:19.189323+00:00	2026-03-25 19:53:19.189323+00:00	521a0600-4ce2-4930-bc43-e3cafa9bc82d	{"pid": "A003272218", "type": "bf:Organisation", "conference": false, "preferred_name": "F\\u00e9d\\u00e9ration suisse des travailleurs du commerce, des transports et de l'alimentation. Section de Gen\\u00e8ve", "authorized_access_point": "F\\u00e9d\\u00e9ration suisse des travailleurs du commerce, des transports et de l'alimentation. Section de Gen\\u00e8ve", "md5": "c008ee99de4d9bf9781120eaa78ccf6c", "$schema": "https://mef.rero.ch/schemas/agents_rero/rero-agent-v0.0.1.json"}	1
2026-03-25 19:53:19.189346+00:00	2026-03-25 19:53:19.189346+00:00	4b3436a2-5623-414f-8743-4d1753375f93	{"pid": "A003272478", "type": "bf:Person", "preferred_name": "F\\u00e9vret, Charles", "authorized_access_point": "F\\u00e9vret, Charles", "md5": "67ff92b1e080350a600453c39960850e", "$schema": "https://mef.rero.ch/schemas/agents_rero/rero-agent-v0.0.1.json"}	1
2026-03-25 19:53:19.189369+00:00	2026-03-25 19:53:19.189369+00:00	d0152bfc-86a8-422e-be8c-1cdf3b3a9c12	{"pid": "A003272492", "type": "bf:Organisation", "conference": false, "preferred_name": "F\\u00eate cantonale des accord\\u00e9onistes fribourgeois", "authorized_access_point": "F\\u00eate cantonale des accord\\u00e9onistes fribourgeois", "md5": "8ad100359e3fba21ad382edbd0b18b54", "$schema": "https://mef.rero.ch/schemas/agents_rero/rero-agent-v0.0.1.json"}	1
2026-03-25 19:53:19.189391+00:00	2026-03-25 19:53:19.189391+00:00	0028d97f-a5f0-4417-8c1b-b9f8cba00b0f	{"pid": "A003274907", "type": "bf:Person", "preferred_name": "Gal, Nathalie", "authorized_access_point": "Gal, Nathalie", "md5": "ed307206dc51d4b2cab6ccd76a65b7be", "$schema": "https://mef.rero.ch/schemas/agents_rero/rero-agent-v0.0.1.json"}	1
2026-03-25 19:53:19.189412+00:00	2026-03-25 19:53:19.189412+00:00	e910d1e8-7814-47ce-bbc9-35ff13628fb8	{"pid": "A003275937", "type": "bf:Person", "preferred_name": "Gallahue, David L", "authorized_access_point": "Gallahue, David L", "md5": "f4534a86f79af35525b2a5d4075eda98", "$schema": "https://mef.rero.ch/schemas/agents_rero/rero-agent-v0.0.1.json"}	1
2026-03-25 19:53:19.189433+00:00	2026-03-25 19:53:19.189433+00:00	bb7c18ad-6d88-44c0-a00f-e4529ffbbb02	{"pid": "A003276590", "type": "bf:Person", "preferred_name": "Gallinger, Fritz", "authorized_access_point": "Gallinger, Fritz", "md5": "d32c82333b117fefe5ad1e9f89e0bc17", "$schema": "https://mef.rero.ch/schemas/agents_rero/rero-agent-v0.0.1.json"}	1
2026-03-25 19:53:19.189454+00:00	2026-03-25 19:53:19.189454+00:00	d3601a62-1780-4fa2-bd04-63fbecaa52a3	{"pid": "A003278829", "type": "bf:Person", "preferred_name": "Garb\\u00e9, A", "authorized_access_point": "Garb\\u00e9, A", "md5": "cbc0da603bc38a971a24dd6ed1ebc9bb", "$schema": "https://mef.rero.ch/schemas/agents_rero/rero-agent-v0.0.1.json"}	1
2026-03-25 19:53:19.189486+00:00	2026-03-25 19:53:19.189486+00:00	1dfaa53e-4c86-475d-8123-ad6aae816603	{"pid": "A003281452", "type": "bf:Person", "preferred_name": "Garzetti, Albino", "authorized_access_point": "Garzetti, Albino", "md5": "c4922be069047ee05245a8923028c584", "$schema": "https://mef.rero.ch/schemas/agents_rero/rero-agent-v0.0.1.json"}	1
2026-03-25 19:53:19.189508+00:00	2026-03-25 19:53:19.189508+00:00	ecbcf850-57aa-4aa9-95b4-df8480cadfbf	{"pid": "A003283186", "type": "bf:Person", "preferred_name": "Gaufridi, Jean Fran\\u00e7ois de", "authorized_access_point": "Gaufridi, Jean Fran\\u00e7ois de", "md5": "0dc5fad155a8be03119ffed1e68a8b1d", "$schema": "https://mef.rero.ch/schemas/agents_rero/rero-agent-v0.0.1.json"}	1
2026-03-25 19:53:19.189532+00:00	2026-03-25 19:53:19.189532+00:00	d90f7ee3-e174-41d8-b41f-ff58ec5218be	{"pid": "A003288318", "type": "bf:Organisation", "conference": false, "preferred_name": "Gen\\u00e8ve (canton). Office d'orientation et de formation professionnelle. Service des supports de l'information", "authorized_access_point": "Gen\\u00e8ve (canton). Office d'orientation et de formation professionnelle. Service des supports de l'information", "md5": "3ab1165b93c7e107537fe1df341993f8", "$schema": "https://mef.rero.ch/schemas/agents_rero/rero-agent-v0.0.1.json"}	1
2026-03-25 19:53:19.189555+00:00	2026-03-25 19:53:19.189555+00:00	37031644-cf87-4ff8-bcba-5cb6fda8d260	{"pid": "A003293538", "type": "bf:Person", "preferred_name": "Ghose, Partha", "authorized_access_point": "Ghose, Partha", "md5": "48df9a356259d5bebeb38bc2f129b98a", "$schema": "https://mef.rero.ch/schemas/agents_rero/rero-agent-v0.0.1.json"}	1
2026-03-25 19:53:19.189577+00:00	2026-03-25 19:53:19.189577+00:00	6301f633-f259-47a0-8cef-c20f4bcf4d14	{"pid": "A003299867", "type": "bf:Person", "preferred_name": "Gisler, Nicole", "authorized_access_point": "Gisler, Nicole", "md5": "2fcb42a216aa7d980dcd3d7507302fbc", "$schema": "https://mef.rero.ch/schemas/agents_rero/rero-agent-v0.0.1.json"}	1
2026-03-25 19:53:19.189599+00:00	2026-03-25 19:53:19.189599+00:00	7918b7b3-a7fd-4452-99d9-f87c7fc3816c	{"pid": "A003300349", "type": "bf:Person", "preferred_name": "Giusti, Giambattista", "authorized_access_point": "Giusti, Giambattista", "md5": "627f37384b689cca4379c9aac454dcef", "$schema": "https://mef.rero.ch/schemas/agents_rero/rero-agent-v0.0.1.json"}	1
2026-03-25 19:53:19.189621+00:00	2026-03-25 19:53:19.189621+00:00	49e5ebd5-7e25-400a-8733-094ed54273f0	{"pid": "A003301693", "type": "bf:Person", "preferred_name": "Gleitman, Henry", "authorized_access_point": "Gleitman, Henry", "md5": "da05810df70f1b0bd2adc47ea160667b", "$schema": "https://mef.rero.ch/schemas/agents_rero/rero-agent-v0.0.1.json"}	1
2026-03-25 19:53:19.189643+00:00	2026-03-25 19:53:19.189643+00:00	605e760b-4134-417c-98f0-6e8959677108	{"pid": "A003302604", "type": "bf:Person", "preferred_name": "Glynn, Prudence", "authorized_access_point": "Glynn, Prudence", "md5": "6e1f3cfba2775ed527000b66d5b6804f", "$schema": "https://mef.rero.ch/schemas/agents_rero/rero-agent-v0.0.1.json"}	1
2026-03-25 19:53:19.189664+00:00	2026-03-25 19:53:19.189664+00:00	27bb6058-b45d-4d47-bd68-23c0e4117589	{"pid": "A003303466", "type": "bf:Person", "preferred_name": "Godefroy, Christian H", "authorized_access_point": "Godefroy, Christian H", "md5": "7c1b9a0467576f2e9a3d79f1e0aca2f3", "$schema": "https://mef.rero.ch/schemas/agents_rero/rero-agent-v0.0.1.json"}	1
2026-03-25 19:53:19.189685+00:00	2026-03-25 19:53:19.189685+00:00	e25a564e-e4bc-45eb-af35-bb02165faaa8	{"pid": "A003303830", "type": "bf:Person", "preferred_name": "Godwin, Harry", "authorized_access_point": "Godwin, Harry", "md5": "83d5c59bdb11161a1932ef0ff073910a", "$schema": "https://mef.rero.ch/schemas/agents_rero/rero-agent-v0.0.1.json"}	1
2026-03-25 19:53:19.189706+00:00	2026-03-25 19:53:19.189706+00:00	4a5472e3-018e-4693-bcc9-25247ab63b30	{"pid": "A003307504", "type": "bf:Person", "preferred_name": "Gonthier-Pesic, Brana", "authorized_access_point": "Gonthier-Pesic, Brana", "md5": "87899a557af773deed0a49ef260aa763", "$schema": "https://mef.rero.ch/schemas/agents_rero/rero-agent-v0.0.1.json"}	1
2026-03-25 19:53:19.189727+00:00	2026-03-25 19:53:19.189727+00:00	b81490df-658d-4ecc-b79c-97542634219b	{"pid": "A003308819", "type": "bf:Person", "preferred_name": "Gorboff, Marina", "authorized_access_point": "Gorboff, Marina", "md5": "d09bc1e8df3cf6a800405721ae21620c", "$schema": "https://mef.rero.ch/schemas/agents_rero/rero-agent-v0.0.1.json"}	1
2026-03-25 19:53:19.189749+00:00	2026-03-25 19:53:19.189749+00:00	6f5d1ba9-dccc-4a76-90be-a781b6ea4160	{"pid": "A003312980", "type": "bf:Person", "preferred_name": "Graf, Arnim", "authorized_access_point": "Graf, Arnim", "md5": "367fdcb3153b84ad07041b99f87a969e", "$schema": "https://mef.rero.ch/schemas/agents_rero/rero-agent-v0.0.1.json"}	1
2026-03-25 19:53:19.189770+00:00	2026-03-25 19:53:19.189770+00:00	521ce752-39ea-4567-8ea4-e851e3c43e37	{"pid": "A003314705", "type": "bf:Person", "preferred_name": "Granito, Angelo", "authorized_access_point": "Granito, Angelo", "md5": "cc26d8ebf10693fb605ab5b9dfb452fe", "$schema": "https://mef.rero.ch/schemas/agents_rero/rero-agent-v0.0.1.json"}	1
2026-03-25 19:53:19.189794+00:00	2026-03-25 19:53:19.189794+00:00	a0ab8572-1942-45da-b3b3-76e875760375	{"pid": "A003316151", "type": "bf:Person", "preferred_name": "Gray, K. St Clair", "authorized_access_point": "Gray, K. St Clair", "md5": "135d6507cef6c529fa4089b9ae623701", "$schema": "https://mef.rero.ch/schemas/agents_rero/rero-agent-v0.0.1.json"}	1
2026-03-25 19:53:19.189816+00:00	2026-03-25 19:53:19.189816+00:00	487a0bd1-5e3f-40b8-a2fb-8a8447172001	{"pid": "A003319632", "type": "bf:Person", "preferred_name": "Griepentrog, Wolfgang", "authorized_access_point": "Griepentrog, Wolfgang", "md5": "2763bf540072b9c5cf3db27fc6a034e3", "$schema": "https://mef.rero.ch/schemas/agents_rero/rero-agent-v0.0.1.json"}	1
2026-03-25 19:53:19.189840+00:00	2026-03-25 19:53:19.189840+00:00	67171cda-543c-4819-accd-8d567b309c58	{"pid": "A003320872", "type": "bf:Person", "preferred_name": "Grimson, William Eric Leifur", "authorized_access_point": "Grimson, William Eric Leifur", "md5": "d20d8c9b9b6f060bd4ed5c4e15f44f17", "$schema": "https://mef.rero.ch/schemas/agents_rero/rero-agent-v0.0.1.json"}	1
2026-03-25 19:53:19.189862+00:00	2026-03-25 19:53:19.189862+00:00	cc37dfd1-6f7b-46d8-a58c-487a81bad037	{"pid": "A003324081", "type": "bf:Organisation", "conference": false, "preferred_name": "Groupe interprofessionnel contre les abus sexuels sur l'enfant (Fribourg)", "authorized_access_point": "Groupe interprofessionnel contre les abus sexuels sur l'enfant (Fribourg)", "md5": "ddc6610f6bcd5dbc7743fb5d6df83eef", "$schema": "https://mef.rero.ch/schemas/agents_rero/rero-agent-v0.0.1.json"}	1
2026-03-25 19:53:19.189898+00:00	2026-03-25 19:53:19.189898+00:00	8020c6a9-47dd-4c8e-b659-9b6f5dacb972	{"pid": "A003328096", "type": "bf:Person", "preferred_name": "Guerrero Zamora, Juan", "authorized_access_point": "Guerrero Zamora, Juan", "md5": "cbef7c44052bd88ad9dc0d54d5d16f15", "$schema": "https://mef.rero.ch/schemas/agents_rero/rero-agent-v0.0.1.json"}	1
2026-03-25 19:53:19.189932+00:00	2026-03-25 19:53:19.189932+00:00	7fe1a61a-c4cf-40ec-93c6-63b043595ac9	{"pid": "A003331851", "type": "bf:Organisation", "conference": false, "preferred_name": "Guojia Dang'an Ju", "authorized_access_point": "Guojia Dang'an Ju", "md5": "3da7d0a6a862daf41f5640c7f8d2cbba", "$schema": "https://mef.rero.ch/schemas/agents_rero/rero-agent-v0.0.1.json"}	1
2026-03-25 19:53:19.189954+00:00	2026-03-25 19:53:19.189954+00:00	8ad732b5-199a-4f1d-811d-c7fe8dbe04bb	{"pid": "A003334623", "type": "bf:Person", "preferred_name": "G\\u00e4nzl, Kurt", "authorized_access_point": "G\\u00e4nzl, Kurt", "md5": "4294afd13dce27d50bbafd0add932fe3", "$schema": "https://mef.rero.ch/schemas/agents_rero/rero-agent-v0.0.1.json"}	1
2026-03-25 19:53:19.189975+00:00	2026-03-25 19:53:19.189975+00:00	deb927f5-dfad-44cf-ae60-8bdfaf5f6312	{"pid": "A003337947", "type": "bf:Person", "preferred_name": "Habib, Michel", "authorized_access_point": "Habib, Michel", "md5": "071117b6701e130707d151535b5255be", "$schema": "https://mef.rero.ch/schemas/agents_rero/rero-agent-v0.0.1.json"}	1
2026-03-25 19:53:19.189997+00:00	2026-03-25 19:53:19.189997+00:00	ff8e76ef-1873-4972-aec4-059a6f1d8b51	{"pid": "A003351113", "type": "bf:Person", "preferred_name": "Hartung, Jo", "authorized_access_point": "Hartung, Jo", "md5": "099c0d4e50647141d2423fda40ffcc2a", "$schema": "https://mef.rero.ch/schemas/agents_rero/rero-agent-v0.0.1.json"}	1
2026-03-25 19:53:19.190019+00:00	2026-03-25 19:53:19.190019+00:00	ee7228fa-0efa-4fc4-a359-5b17009b0339	{"pid": "A003352968", "type": "bf:Person", "preferred_name": "Haudry, Jean", "authorized_access_point": "Haudry, Jean", "md5": "e765d9808c9141cf6fa7ed0f33f02917", "$schema": "https://mef.rero.ch/schemas/agents_rero/rero-agent-v0.0.1.json"}	1
2026-03-25 19:53:19.190040+00:00	2026-03-25 19:53:19.190040+00:00	d0f6b527-15c5-4b02-9bcc-9cef86953d58	{"pid": "A003357999", "type": "bf:Person", "preferred_name": "Hegglin, Richard", "authorized_access_point": "Hegglin, Richard", "md5": "7c66e6ccd0d7d36480363862d8facd11", "$schema": "https://mef.rero.ch/schemas/agents_rero/rero-agent-v0.0.1.json"}	1
2026-03-25 19:53:19.190060+00:00	2026-03-25 19:53:19.190060+00:00	c917224d-f718-4f6f-be3f-3efab46d801c	{"pid": "A003359260", "type": "bf:Person", "preferred_name": "Heinecke, H", "authorized_access_point": "Heinecke, H", "md5": "cb264a8258b9a0d149baed943e58a9c2", "$schema": "https://mef.rero.ch/schemas/agents_rero/rero-agent-v0.0.1.json"}	1
2026-03-25 19:53:19.190081+00:00	2026-03-25 19:53:19.190081+00:00	8473cb9a-7e77-44b3-9716-9fe613eeb02f	{"pid": "A003360509", "type": "bf:Person", "preferred_name": "Helbich, Wolfgang J", "authorized_access_point": "Helbich, Wolfgang J", "md5": "13d8f1f7142cc4a89b2366b7cd44b6e7", "$schema": "https://mef.rero.ch/schemas/agents_rero/rero-agent-v0.0.1.json"}	1
2026-03-25 19:53:19.190105+00:00	2026-03-25 19:53:19.190105+00:00	2ba2cbcc-9b07-41c0-9d84-ed60191d0693	{"pid": "A003361845", "type": "bf:Organisation", "conference": false, "variant_name": ["Helsingborg Symphony Orchestra"], "preferred_name": "Helsingborgs Symfoniorkester", "variant_access_point": ["Helsingborg Symphony Orchestra"], "authorized_access_point": "Helsingborgs Symfoniorkester", "md5": "05aa4058434b35910063af9d23ecdac2", "$schema": "https://mef.rero.ch/schemas/agents_rero/rero-agent-v0.0.1.json"}	1
2026-03-25 19:53:19.190128+00:00	2026-03-25 19:53:19.190128+00:00	1a4005a6-e3a5-4914-813f-c5444d56afc1	{"pid": "A003362103", "type": "bf:Person", "preferred_name": "Hemmer, Jean", "authorized_access_point": "Hemmer, Jean", "md5": "d5774b32a0817d5180a0706695926a2e", "$schema": "https://mef.rero.ch/schemas/agents_rero/rero-agent-v0.0.1.json"}	1
2026-03-25 19:53:19.190149+00:00	2026-03-25 19:53:19.190149+00:00	1b0046a2-02d4-49e4-97fe-8bbf4629e045	{"pid": "A003363900", "type": "bf:Person", "preferred_name": "Henriot, Jean-Claude", "authorized_access_point": "Henriot, Jean-Claude", "md5": "51786d270d2fc3d2ce6ba1d6f1abbb26", "$schema": "https://mef.rero.ch/schemas/agents_rero/rero-agent-v0.0.1.json"}	1
2026-03-25 19:53:19.190174+00:00	2026-03-25 19:53:19.190174+00:00	8b7e49d6-4ce6-44dd-83fe-12901262e988	{"pid": "A003364295", "type": "bf:Person", "variant_name": ["Henschel, G.A.L.,", "Henschel,"], "date_of_birth": "1806", "date_of_death": "1852", "preferred_name": "Henschel, G.A. Louis,", "variant_access_point": ["Henschel, G.A.L., 1806-1852", "Henschel, 1806-1852"], "authorized_access_point": "Henschel, G.A. Louis, 1806-1852", "biographical_information": ["Philologue et lexicographe. - N\\u00e9 \\u00e0 Minden (Allemagne), mort \\u00e0 Paris. - A aussi \\u00e9crit en allemand et en latin"], "md5": "66e8ca9905f9c962be6dfff079ba3a73", "$schema": "https://mef.rero.ch/schemas/agents_rero/rero-agent-v0.0.1.json"}	1
2026-03-25 19:53:19.190202+00:00	2026-03-25 19:53:19.190202+00:00	23049275-a77f-46d6-8638-6dac3fe660f4	{"pid": "A003370921", "type": "bf:Person", "variant_name": ["Higham, Robin D.S.,", "Higham, Robin David Stewart,"], "date_of_birth": "1925", "preferred_name": "Higham, Robin,", "variant_access_point": ["Higham, Robin D.S., 1925-", "Higham, Robin David Stewart, 1925-"], "authorized_access_point": "Higham, Robin, 1925-", "md5": "ee3e334fd0d7b934c2516917e9fd5f85", "$schema": "https://mef.rero.ch/schemas/agents_rero/rero-agent-v0.0.1.json"}	1
2026-03-25 19:53:19.190225+00:00	2026-03-25 19:53:19.190225+00:00	17957df9-15be-4caa-8abe-8cacfe750fae	{"pid": "A003375801", "type": "bf:Person", "preferred_name": "Hocks, Richard A", "authorized_access_point": "Hocks, Richard A", "md5": "3aacfc650ecaa64e652b9c42fdd1a129", "$schema": "https://mef.rero.ch/schemas/agents_rero/rero-agent-v0.0.1.json"}	1
2026-03-25 19:53:19.190246+00:00	2026-03-25 19:53:19.190246+00:00	c33a7723-fb6b-4160-8feb-65dd122ed600	{"pid": "A003378379", "type": "bf:Person", "preferred_name": "Hogan, Maurice P", "authorized_access_point": "Hogan, Maurice P", "md5": "6fd52531cefda2626a4bd17050cd11eb", "$schema": "https://mef.rero.ch/schemas/agents_rero/rero-agent-v0.0.1.json"}	1
2026-03-25 19:53:19.190267+00:00	2026-03-25 19:53:19.190267+00:00	68006c72-8303-43f5-8c73-7728f089cfde	{"pid": "A003378581", "type": "bf:Person", "preferred_name": "Hohenberger, Adam", "authorized_access_point": "Hohenberger, Adam", "md5": "4dbc1f93c6e4394549d520fe630e5125", "$schema": "https://mef.rero.ch/schemas/agents_rero/rero-agent-v0.0.1.json"}	1
2026-03-25 19:53:19.190296+00:00	2026-03-25 19:53:19.190296+00:00	8e67c8a5-ace8-4581-9252-48d23f358dd3	{"pid": "A003378837", "type": "bf:Person", "preferred_name": "Hoijer, Harry", "authorized_access_point": "Hoijer, Harry", "md5": "f0228c4351a7b12d94b442a4f1d85b0c", "$schema": "https://mef.rero.ch/schemas/agents_rero/rero-agent-v0.0.1.json"}	1
2026-03-25 19:53:19.190366+00:00	2026-03-25 19:53:19.190366+00:00	aec97a59-5d58-4a5e-a3a8-84dcc331c119	{"pid": "A003379503", "type": "bf:Person", "preferred_name": "Hollander, John", "authorized_access_point": "Hollander, John", "md5": "71251d24a8635261ea02ef83d827a46a", "$schema": "https://mef.rero.ch/schemas/agents_rero/rero-agent-v0.0.1.json"}	1
2026-03-25 19:53:19.190930+00:00	2026-03-25 19:53:19.190930+00:00	3845bfb0-4219-4fdd-acc7-76c108b4b339	{"pid": "A003381861", "type": "bf:Person", "preferred_name": "Hong, Seong Jo", "authorized_access_point": "Hong, Seong Jo", "md5": "b7d99852398de1d56c6977d85c5cc892", "$schema": "https://mef.rero.ch/schemas/agents_rero/rero-agent-v0.0.1.json"}	1
2026-03-25 19:53:19.190963+00:00	2026-03-25 19:53:19.190963+00:00	bec2d8ff-0f4b-4c5f-b677-23f151cefc64	{"pid": "A003383105", "type": "bf:Person", "variant_name": ["Regius, Heinrich,", "H\\u00f4rqheimer, M.,", "Chorkchajmer, Maks,", "H\\u016brkh\\u0101ymir, M\\u0101ks,", "Horkhajmer, Maks,", "Huokehaimo, Makesi,", "Horkheimers, Makss,"], "date_of_birth": "1895", "date_of_death": "1973", "preferred_name": "Horkheimer, Max,", "variant_access_point": ["Regius, Heinrich, 1895-1973", "H\\u00f4rqheimer, M., 1895-1973", "Chorkchajmer, Maks, 1895-1973", "H\\u016brkh\\u0101ymir, M\\u0101ks, 1895-1973", "Horkhajmer, Maks, 1895-1973", "Huokehaimo, Makesi, 1895-1973", "Horkheimers, Makss, 1895-1973"], "authorized_access_point": "Horkheimer, Max, 1895-1973", "biographical_information": ["Philosophe et sociologue", "Heinrich Regius est le pseud. occasionnel de Max Horkheimer"], "md5": "0c2ab57324a2d6e05895018c58c056c5", "$schema": "https://mef.rero.ch/schemas/agents_rero/rero-agent-v0.0.1.json"}	1
2026-03-25 19:53:19.190993+00:00	2026-03-25 19:53:19.190993+00:00	96a307b8-8ad4-443e-9da8-7bc9ae86f27e	{"pid": "A003385342", "type": "bf:Person", "preferred_name": "Houtman, Irene", "authorized_access_point": "Houtman, Irene", "md5": "267f248e07ccde411fb555eb66bcbdd7", "$schema": "https://mef.rero.ch/schemas/agents_rero/rero-agent-v0.0.1.json"}	1
2026-03-25 19:53:19.191016+00:00	2026-03-25 19:53:19.191016+00:00	eaed0e86-f73b-4637-81e9-e5c024212450	{"pid": "A003386566", "type": "bf:Person", "preferred_name": "Hua, Pai", "authorized_access_point": "Hua, Pai", "md5": "157cf38aa56547956d1bd20345a1d564", "$schema": "https://mef.rero.ch/schemas/agents_rero/rero-agent-v0.0.1.json"}	1
2026-03-25 19:53:19.191038+00:00	2026-03-25 19:53:19.191038+00:00	a0d749e8-7aa9-43ce-878a-42ab52b544b4	{"pid": "A003388636", "type": "bf:Person", "preferred_name": "Hughes, Ann N", "authorized_access_point": "Hughes, Ann N", "md5": "e43e94853a16b808a8332ca4fe8ae52b", "$schema": "https://mef.rero.ch/schemas/agents_rero/rero-agent-v0.0.1.json"}	1
2026-03-25 19:53:19.191060+00:00	2026-03-25 19:53:19.191060+00:00	1d9e5ec8-8174-469b-bfda-d87b4fd9b326	{"pid": "A003389309", "type": "bf:Person", "preferred_name": "Hugues-Hallett, Penelope", "authorized_access_point": "Hugues-Hallett, Penelope", "md5": "b7bc1e9e50f957bb90dcce8931297737", "$schema": "https://mef.rero.ch/schemas/agents_rero/rero-agent-v0.0.1.json"}	1
2026-03-25 19:53:19.191081+00:00	2026-03-25 19:53:19.191081+00:00	a361f4d6-b82c-4666-a4c5-33d1713ebd67	{"pid": "A003389620", "type": "bf:Person", "preferred_name": "Hull, Richard W", "authorized_access_point": "Hull, Richard W", "md5": "519a5f70b1613384c5735856dd5c85ac", "$schema": "https://mef.rero.ch/schemas/agents_rero/rero-agent-v0.0.1.json"}	1
2026-03-25 19:53:19.191103+00:00	2026-03-25 19:53:19.191103+00:00	ef0ae292-5d0b-46db-8773-3ccf0a0f74d6	{"pid": "A003389663", "type": "bf:Person", "preferred_name": "Hulme, David", "authorized_access_point": "Hulme, David", "md5": "4df0ace9b13fa9bf109f3de7eb7533c4", "$schema": "https://mef.rero.ch/schemas/agents_rero/rero-agent-v0.0.1.json"}	1
2026-03-25 19:53:19.191126+00:00	2026-03-25 19:53:19.191126+00:00	d6cb49ec-d766-47a2-a8aa-dab7a8c3b6b2	{"pid": "A003395338", "type": "bf:Person", "date_of_birth": "1958", "preferred_name": "H\\u00fctter, Reinhard,", "authorized_access_point": "H\\u00fctter, Reinhard, 1958-", "biographical_information": ["Th\\u00e9ologien. - Professeur en th\\u00e9ologie fondamentale et en dogmatique \\u00e0 l'Universit\\u00e9 catholique d'Am\\u00e9rique \\u00e0 Washington (2019)"], "md5": "869e8a2b21d10eaf387b98941bf5a91c", "$schema": "https://mef.rero.ch/schemas/agents_rero/rero-agent-v0.0.1.json"}	1
2026-03-25 19:53:19.191151+00:00	2026-03-25 19:53:19.191151+00:00	cf45274b-18ed-47b8-8857-4e2f15d61fec	{"pid": "A003398237", "type": "bf:Person", "preferred_name": "Ihori, Toshihiro", "authorized_access_point": "Ihori, Toshihiro", "md5": "f87ed6258ef82788cb8813e1fdc661ec", "$schema": "https://mef.rero.ch/schemas/agents_rero/rero-agent-v0.0.1.json"}	1
2026-03-25 19:53:19.191172+00:00	2026-03-25 19:53:19.191172+00:00	f4b4737e-210e-4f37-a3f9-4f7488b73b65	{"pid": "A003399031", "type": "bf:Person", "preferred_name": "Imbert, Jean-Louis", "authorized_access_point": "Imbert, Jean-Louis", "md5": "30f06fb0241d8a4c45a588e6579273bb", "$schema": "https://mef.rero.ch/schemas/agents_rero/rero-agent-v0.0.1.json"}	1
2026-03-25 19:53:19.191194+00:00	2026-03-25 19:53:19.191194+00:00	a9948798-b3b0-409e-9d82-6422aaede26d	{"pid": "A003399240", "type": "bf:Person", "preferred_name": "Imhof, Urs", "authorized_access_point": "Imhof, Urs", "md5": "dfddf937069e2a3b7ee640a3908ed3d5", "$schema": "https://mef.rero.ch/schemas/agents_rero/rero-agent-v0.0.1.json"}	1
2026-03-25 19:53:19.191216+00:00	2026-03-25 19:53:19.191216+00:00	40e50b85-9fbb-4e87-99d0-d9a111e83667	{"pid": "A003399386", "type": "bf:Person", "preferred_name": "Imobersteg, E", "authorized_access_point": "Imobersteg, E", "md5": "5cff5c65facf4c8e16c0d11f1aa4e2b5", "$schema": "https://mef.rero.ch/schemas/agents_rero/rero-agent-v0.0.1.json"}	1
2026-03-25 19:53:19.191237+00:00	2026-03-25 19:53:19.191237+00:00	255cc244-ed26-4e59-9cc7-dad816a50aee	{"pid": "A003399601", "type": "bf:Person", "preferred_name": "Inamoto, Noboru", "authorized_access_point": "Inamoto, Noboru", "md5": "1a484463b320dee43f7a53da31387609", "$schema": "https://mef.rero.ch/schemas/agents_rero/rero-agent-v0.0.1.json"}	1
2026-03-25 19:53:19.191259+00:00	2026-03-25 19:53:19.191259+00:00	a4a06b80-6dd3-4802-b389-4a5eb8ef81ad	{"pid": "A003401536", "type": "bf:Organisation", "conference": false, "preferred_name": "Institut de Recherches Sociologiques Appliqu\\u00e9es (Paris)", "authorized_access_point": "Institut de Recherches Sociologiques Appliqu\\u00e9es (Paris)", "md5": "d90d460698dc6361bcd8ae223249b310", "$schema": "https://mef.rero.ch/schemas/agents_rero/rero-agent-v0.0.1.json"}	1
2026-03-25 19:53:19.191292+00:00	2026-03-25 19:53:19.191292+00:00	0888a9a9-57e7-4c9b-af59-5e72fa2e0942	{"pid": "A003402056", "type": "bf:Organisation", "conference": false, "preferred_name": "Institut f\\u00fcr Jugendkunde (Bremen)", "authorized_access_point": "Institut f\\u00fcr Jugendkunde (Bremen)", "md5": "67249aecbce1ebcf3c89e61cec26d7f7", "$schema": "https://mef.rero.ch/schemas/agents_rero/rero-agent-v0.0.1.json"}	1
2026-03-25 19:53:19.191316+00:00	2026-03-25 19:53:19.191316+00:00	5613f6fe-9b9a-45ce-9bb0-fcba709277e2	{"pid": "A003403470", "type": "bf:Organisation", "conference": false, "preferred_name": "Institute of Cost and Management Accountants (London)", "authorized_access_point": "Institute of Cost and Management Accountants (London)", "md5": "6de1097b4b66bef59dcc2d4f2833c2a9", "$schema": "https://mef.rero.ch/schemas/agents_rero/rero-agent-v0.0.1.json"}	1
2026-03-25 19:53:19.191339+00:00	2026-03-25 19:53:19.191339+00:00	a77cf2c1-f844-45e3-8766-ef53327dd0d2	{"pid": "A003404800", "type": "bf:Organisation", "conference": false, "preferred_name": "International Catholic-Jewish Liaison Committee", "authorized_access_point": "International Catholic-Jewish Liaison Committee", "md5": "4112802ddc4ff1d19525bdd60a168ced", "$schema": "https://mef.rero.ch/schemas/agents_rero/rero-agent-v0.0.1.json"}	1
2026-03-25 19:53:19.191364+00:00	2026-03-25 19:53:19.191364+00:00	b92eb125-241a-4c78-b580-1b0809369f0e	{"pid": "A003406290", "type": "bf:Organisation", "conference": true, "variant_name": ["Provo International Conference on the Dead Sea Scrolls"], "preferred_name": "International Conference on the Dead Sea Scrolls (1996 :", "variant_access_point": ["Provo International Conference on the Dead Sea Scrolls"], "authorized_access_point": "International Conference on the Dead Sea Scrolls (1996 : Provo)", "md5": "9231dee90a9701792e8054884939fc82", "$schema": "https://mef.rero.ch/schemas/agents_rero/rero-agent-v0.0.1.json"}	1
2026-03-25 19:53:19.191388+00:00	2026-03-25 19:53:19.191388+00:00	cde8adc1-8b07-48dd-871f-627669e63e7b	{"pid": "A003411195", "type": "bf:Person", "preferred_name": "Irimie-Fota, Rodica", "authorized_access_point": "Irimie-Fota, Rodica", "md5": "fac386535a79412611d92bf98860eaa6", "$schema": "https://mef.rero.ch/schemas/agents_rero/rero-agent-v0.0.1.json"}	1
2026-03-25 19:53:19.191411+00:00	2026-03-25 19:53:19.191411+00:00	90fd987c-e254-4915-a55e-3d8ee89d646f	{"pid": "A003413213", "type": "bf:Organisation", "conference": false, "preferred_name": "Istituto per la storia del Mezzogiorno (Roma / Lecce)", "authorized_access_point": "Istituto per la storia del Mezzogiorno (Roma / Lecce)", "md5": "ebaf7fb3f5e2032bfb18b3d1c8aeb069", "$schema": "https://mef.rero.ch/schemas/agents_rero/rero-agent-v0.0.1.json"}	1
2026-03-25 19:53:19.191434+00:00	2026-03-25 19:53:19.191434+00:00	1a6e0719-5d2f-4a31-9370-650be4c1cf7a	{"pid": "A003413435", "type": "bf:Organisation", "conference": false, "preferred_name": "Istituto universitario orientale (Napoli). Dipartimento di studi del mondo classico e del Mediterraneo antico. Sezione linguistica", "authorized_access_point": "Istituto universitario orientale (Napoli). Dipartimento di studi del mondo classico e del Mediterraneo antico. Sezione linguistica", "md5": "11fefa34358aa55ff10009deff7221c7", "$schema": "https://mef.rero.ch/schemas/agents_rero/rero-agent-v0.0.1.json"}	1
2026-03-25 19:53:19.191457+00:00	2026-03-25 19:53:19.191457+00:00	71fc612a-a944-49bc-b0a2-92e112bbe8de	{"pid": "A003416346", "type": "bf:Person", "preferred_name": "Jacobsen, Thorkild", "authorized_access_point": "Jacobsen, Thorkild", "md5": "03a4c244797e2734df156869a103e7f8", "$schema": "https://mef.rero.ch/schemas/agents_rero/rero-agent-v0.0.1.json"}	1
2026-03-25 19:53:19.191479+00:00	2026-03-25 19:53:19.191479+00:00	7a06059d-6194-41b8-9deb-ad779c3a6f3a	{"pid": "A003418109", "type": "bf:Person", "preferred_name": "Jain, Mahendra Kumar", "authorized_access_point": "Jain, Mahendra Kumar", "md5": "70894f93d1c88c7aa9430056c3a6c92a", "$schema": "https://mef.rero.ch/schemas/agents_rero/rero-agent-v0.0.1.json"}	1
2026-03-25 19:53:19.191500+00:00	2026-03-25 19:53:19.191500+00:00	715057c2-2069-449e-a366-63b1cb7f5c3b	{"pid": "A003418336", "type": "bf:Person", "preferred_name": "Jakoby, Richard", "authorized_access_point": "Jakoby, Richard", "md5": "4441416f033910b2295b48c2c6d2c855", "$schema": "https://mef.rero.ch/schemas/agents_rero/rero-agent-v0.0.1.json"}	1
2026-03-25 19:53:19.191522+00:00	2026-03-25 19:53:19.191522+00:00	7776622f-9ba1-4d46-b085-2487833d2287	{"pid": "A003421420", "type": "bf:Person", "preferred_name": "Jarre-Chardin, Paule", "authorized_access_point": "Jarre-Chardin, Paule", "md5": "11e61970adc494250122ab3f52ce56fa", "$schema": "https://mef.rero.ch/schemas/agents_rero/rero-agent-v0.0.1.json"}	1
2026-03-25 19:53:19.191544+00:00	2026-03-25 19:53:19.191544+00:00	528347d3-ac70-40fa-bf76-4d09e31b35e1	{"pid": "A003421797", "type": "bf:Person", "preferred_name": "Jastrz\\u0119biec-Zielonka, Ludwik", "authorized_access_point": "Jastrz\\u0119biec-Zielonka, Ludwik", "md5": "3ec252091fa37e58796ef01a3a3bba01", "$schema": "https://mef.rero.ch/schemas/agents_rero/rero-agent-v0.0.1.json"}	1
2026-03-25 19:53:19.191566+00:00	2026-03-25 19:53:19.191566+00:00	60cfe9fd-bb0e-4923-a5f2-73fd8b1fd073	{"pid": "A003422794", "type": "bf:Person", "preferred_name": "Jeanneret, Jean-Gustave", "authorized_access_point": "Jeanneret, Jean-Gustave", "md5": "0a29f42a3087831a70af2d27e417cf78", "$schema": "https://mef.rero.ch/schemas/agents_rero/rero-agent-v0.0.1.json"}	1
2026-03-25 19:53:19.191587+00:00	2026-03-25 19:53:19.191587+00:00	a4c064dc-04b3-4032-8403-2f9bf8e69a49	{"pid": "A003427813", "type": "bf:Person", "preferred_name": "Johnson, John F", "authorized_access_point": "Johnson, John F", "md5": "185ac0e4d752bf897695805e1cb73f24", "$schema": "https://mef.rero.ch/schemas/agents_rero/rero-agent-v0.0.1.json"}	1
2026-03-25 19:53:19.191609+00:00	2026-03-25 19:53:19.191609+00:00	f6400ecc-d979-4c82-bc6b-ca1a487c6dc9	{"pid": "A003428330", "type": "bf:Person", "preferred_name": "Johnston, Howard", "authorized_access_point": "Johnston, Howard", "md5": "d9b76940221418f758005360a3248a82", "$schema": "https://mef.rero.ch/schemas/agents_rero/rero-agent-v0.0.1.json"}	1
2026-03-25 19:53:19.191630+00:00	2026-03-25 19:53:19.191630+00:00	e38436ae-79a4-474d-b5f4-880a0ca4f276	{"pid": "A003428443", "type": "bf:Person", "preferred_name": "Johnstone, Christopher Lyle", "authorized_access_point": "Johnstone, Christopher Lyle", "md5": "d81a3e143989526822a44fe54ada422c", "$schema": "https://mef.rero.ch/schemas/agents_rero/rero-agent-v0.0.1.json"}	1
2026-03-25 19:53:19.191658+00:00	2026-03-25 19:53:19.191658+00:00	4a91fa84-5428-4a61-aba3-3e210bcc47a3	{"pid": "A003435187", "type": "bf:Person", "preferred_name": "Jungkuntz, Theodore Robert", "authorized_access_point": "Jungkuntz, Theodore Robert", "md5": "994e95248877ae7172b337aaa7f21337", "$schema": "https://mef.rero.ch/schemas/agents_rero/rero-agent-v0.0.1.json"}	1
2026-03-25 19:53:19.191680+00:00	2026-03-25 19:53:19.191680+00:00	cc1c4bec-30c1-4972-b433-3d6373bebd68	{"pid": "A003435467", "type": "bf:Person", "preferred_name": "Junod, Samuel", "authorized_access_point": "Junod, Samuel", "md5": "94e5f3577f70a20e1fba75933ea71961", "$schema": "https://mef.rero.ch/schemas/agents_rero/rero-agent-v0.0.1.json"}	1
2026-03-25 19:53:19.191702+00:00	2026-03-25 19:53:19.191702+00:00	d949eecb-1a19-4860-998c-cb0aff1828e7	{"pid": "A003436041", "type": "bf:Person", "preferred_name": "Juteau, Danielle", "authorized_access_point": "Juteau, Danielle", "md5": "f1fb0678ed2242505c867d0da5d7da19", "$schema": "https://mef.rero.ch/schemas/agents_rero/rero-agent-v0.0.1.json"}	1
2026-03-25 19:53:19.191723+00:00	2026-03-25 19:53:19.191723+00:00	d7c0f2f6-4a48-4f59-b30d-26bdbd73f489	{"pid": "A003441673", "type": "bf:Person", "preferred_name": "Kaplan, Robert B", "authorized_access_point": "Kaplan, Robert B", "md5": "031f5ddc3cacc98b8cf47959757bebba", "$schema": "https://mef.rero.ch/schemas/agents_rero/rero-agent-v0.0.1.json"}	1
2026-03-25 19:53:19.191745+00:00	2026-03-25 19:53:19.191745+00:00	5294b167-7c1e-451c-960b-1615ed0adbd1	{"pid": "A003449705", "type": "bf:Organisation", "conference": false, "preferred_name": "Kent Archaeological Rescue Unit", "authorized_access_point": "Kent Archaeological Rescue Unit", "md5": "571361f637b6f13b92fde11d4e0fc5fb", "$schema": "https://mef.rero.ch/schemas/agents_rero/rero-agent-v0.0.1.json"}	1
2026-03-25 19:53:19.191766+00:00	2026-03-25 19:53:19.191766+00:00	7dbabb0f-835c-4117-a25b-08d6f7eb856e	{"pid": "A003449812", "type": "bf:Person", "preferred_name": "Kenton, Susannah", "authorized_access_point": "Kenton, Susannah", "md5": "f8b4116e658c986476e2f03000e666cb", "$schema": "https://mef.rero.ch/schemas/agents_rero/rero-agent-v0.0.1.json"}	1
2026-03-25 19:53:19.191788+00:00	2026-03-25 19:53:19.191788+00:00	55f60a4c-bb08-49aa-ac2b-8a18bd718a5e	{"pid": "A003450257", "type": "bf:Person", "preferred_name": "Kerlor, Anne", "authorized_access_point": "Kerlor, Anne", "md5": "b686254afc99a8cadd6818d370e62a23", "$schema": "https://mef.rero.ch/schemas/agents_rero/rero-agent-v0.0.1.json"}	1
2026-03-25 19:53:19.191809+00:00	2026-03-25 19:53:19.191809+00:00	18dcda1f-116b-4e5b-8e3e-84a15bf00828	{"pid": "A003451220", "type": "bf:Person", "preferred_name": "Kessler, Herbert", "authorized_access_point": "Kessler, Herbert", "md5": "6aa21425857edf7e503e8300989f8631", "$schema": "https://mef.rero.ch/schemas/agents_rero/rero-agent-v0.0.1.json"}	1
2026-03-25 19:53:19.191830+00:00	2026-03-25 19:53:19.191830+00:00	84684776-0c90-4a6b-a441-ac5d81bd5393	{"pid": "A003453966", "type": "bf:Person", "preferred_name": "Kim, Il-Su", "authorized_access_point": "Kim, Il-Su", "md5": "787885e2f4295d121181d170796eed6b", "$schema": "https://mef.rero.ch/schemas/agents_rero/rero-agent-v0.0.1.json"}	1
2026-03-25 19:53:19.191852+00:00	2026-03-25 19:53:19.191852+00:00	5e7a92c1-99b1-4f1d-9a28-a2bf17212582	{"pid": "A003454418", "type": "bf:Person", "preferred_name": "Kind, Norbert", "authorized_access_point": "Kind, Norbert", "md5": "aff5768265ff108a444b987df2368d63", "$schema": "https://mef.rero.ch/schemas/agents_rero/rero-agent-v0.0.1.json"}	1
2026-03-25 19:53:19.191872+00:00	2026-03-25 19:53:19.191872+00:00	d5c037d8-5dfb-4392-8906-987506065eb6	{"pid": "A003454993", "type": "bf:Person", "preferred_name": "Kingma, J", "authorized_access_point": "Kingma, J", "md5": "7745b429ad63909cbb3de75cdc29d07c", "$schema": "https://mef.rero.ch/schemas/agents_rero/rero-agent-v0.0.1.json"}	1
2026-03-25 19:53:19.191894+00:00	2026-03-25 19:53:19.191894+00:00	a5ac75f5-4ab1-4f64-bd3c-68470088ca9a	{"pid": "A003462661", "type": "bf:Person", "preferred_name": "Knudsen, Robert D", "authorized_access_point": "Knudsen, Robert D", "md5": "b623e6eb277ad63d6b83fd52adb87c6a", "$schema": "https://mef.rero.ch/schemas/agents_rero/rero-agent-v0.0.1.json"}	1
2026-03-25 19:53:19.191915+00:00	2026-03-25 19:53:19.191915+00:00	5a786de4-a189-4132-9f2b-f560e5300782	{"pid": "A003469619", "type": "bf:Person", "preferred_name": "Kossmann, Ernst Heinrich", "authorized_access_point": "Kossmann, Ernst Heinrich", "md5": "bf6c517aebefd0cce6f23f091eebaefe", "$schema": "https://mef.rero.ch/schemas/agents_rero/rero-agent-v0.0.1.json"}	1
2026-03-25 19:53:19.191936+00:00	2026-03-25 19:53:19.191936+00:00	05b1b134-d3d6-4fde-b938-60414b9b888e	{"pid": "A003471135", "type": "bf:Person", "preferred_name": "Kozlowski, Richard", "authorized_access_point": "Kozlowski, Richard", "md5": "70c4819d1dc7e358221def30d010ef61", "$schema": "https://mef.rero.ch/schemas/agents_rero/rero-agent-v0.0.1.json"}	1
2026-03-25 19:53:19.191957+00:00	2026-03-25 19:53:19.191957+00:00	bc885734-c58c-429a-9708-985ea9472a1c	{"pid": "A003471767", "type": "bf:Person", "preferred_name": "Kraft, Roger", "authorized_access_point": "Kraft, Roger", "md5": "455bcd3cd5dad9072665e406762fd419", "$schema": "https://mef.rero.ch/schemas/agents_rero/rero-agent-v0.0.1.json"}	1
2026-03-25 19:53:19.191978+00:00	2026-03-25 19:53:19.191978+00:00	b8c1acd4-3f80-4062-b37e-6a6271de203f	{"pid": "A003477398", "type": "bf:Person", "preferred_name": "Kr\\u00fcger, Sabine", "authorized_access_point": "Kr\\u00fcger, Sabine", "md5": "3aa861f1232c3bc940c97c531b973e45", "$schema": "https://mef.rero.ch/schemas/agents_rero/rero-agent-v0.0.1.json"}	1
2026-03-25 19:53:19.192011+00:00	2026-03-25 19:53:19.192011+00:00	2e7d1f9b-7a1d-4152-b269-ffae80eb430d	{"pid": "A003483779", "type": "bf:Person", "preferred_name": "K\\u00fcbler, E", "authorized_access_point": "K\\u00fcbler, E", "md5": "33d7728eb5c9131287f623f2f200bb8a", "$schema": "https://mef.rero.ch/schemas/agents_rero/rero-agent-v0.0.1.json"}	1
2026-03-25 19:53:19.192033+00:00	2026-03-25 19:53:19.192033+00:00	111b8caa-3b85-4780-bfe0-7c22d23f1f5d	{"pid": "A003483806", "type": "bf:Person", "preferred_name": "K\\u00fcbler, W", "authorized_access_point": "K\\u00fcbler, W", "md5": "1a521644f2bda602e288917239874aa5", "$schema": "https://mef.rero.ch/schemas/agents_rero/rero-agent-v0.0.1.json"}	1
2026-03-25 19:53:19.192055+00:00	2026-03-25 19:53:19.192055+00:00	28ab4132-bb51-44ef-81a0-e2af06d8867f	{"pid": "A003484799", "type": "bf:Person", "preferred_name": "K\\u00e9ry, Bertalan", "authorized_access_point": "K\\u00e9ry, Bertalan", "md5": "2fa7dadce75ec853d69ccf8f127563e6", "$schema": "https://mef.rero.ch/schemas/agents_rero/rero-agent-v0.0.1.json"}	1
2026-03-25 19:53:19.192084+00:00	2026-03-25 19:53:19.192084+00:00	6ef09293-faa2-4eba-8a08-6d49cae8fd8b	{"pid": "A003488727", "type": "bf:Person", "preferred_name": "Laffont, Pierre", "authorized_access_point": "Laffont, Pierre", "md5": "efaaf203d93cfc05723d52f803b1db37", "$schema": "https://mef.rero.ch/schemas/agents_rero/rero-agent-v0.0.1.json"}	1
2026-03-25 19:53:19.192105+00:00	2026-03-25 19:53:19.192105+00:00	9e47c9df-0e80-46f7-860a-b696ac2f44e1	{"pid": "A003489212", "type": "bf:Person", "preferred_name": "Lagerberg, Eric", "authorized_access_point": "Lagerberg, Eric", "md5": "da521dfb2ce0c1d3c1c16c3d3e8a27a9", "$schema": "https://mef.rero.ch/schemas/agents_rero/rero-agent-v0.0.1.json"}	1
2026-03-25 19:53:19.192126+00:00	2026-03-25 19:53:19.192126+00:00	fa7fbd13-e041-4a51-a76e-ed9fd400b6fe	{"pid": "A003489450", "type": "bf:Person", "preferred_name": "Lagowski, Jeanne M", "authorized_access_point": "Lagowski, Jeanne M", "md5": "db184a5a07bf0f7534c0a9b61b57a4c7", "$schema": "https://mef.rero.ch/schemas/agents_rero/rero-agent-v0.0.1.json"}	1
2026-03-25 19:53:19.192147+00:00	2026-03-25 19:53:19.192147+00:00	44024a87-68ea-4fc9-81f4-c73594bd00f9	{"pid": "A003490603", "type": "bf:Person", "preferred_name": "Lalonde, M", "authorized_access_point": "Lalonde, M", "md5": "be4985d876685d76473623f18831eedd", "$schema": "https://mef.rero.ch/schemas/agents_rero/rero-agent-v0.0.1.json"}	1
2026-03-25 19:53:19.192170+00:00	2026-03-25 19:53:19.192170+00:00	2b689239-93e1-4c98-8c19-ba2fd8b5a028	{"pid": "A003491429", "type": "bf:Person", "variant_name": ["Lambert, William Wilson"], "preferred_name": "Lambert, William W", "variant_access_point": ["Lambert, William Wilson"], "authorized_access_point": "Lambert, William W", "md5": "111dfa2dbd1bf5f758f1169e0692370e", "$schema": "https://mef.rero.ch/schemas/agents_rero/rero-agent-v0.0.1.json"}	1
2026-03-25 19:53:19.192192+00:00	2026-03-25 19:53:19.192192+00:00	514a2bad-9dc4-44c5-a9ef-d2153143baad	{"pid": "A003491460", "type": "bf:Person", "preferred_name": "Lamberti, Franco", "authorized_access_point": "Lamberti, Franco", "md5": "f66c580f59b91a498a8296b562071084", "$schema": "https://mef.rero.ch/schemas/agents_rero/rero-agent-v0.0.1.json"}	1
2026-03-25 19:53:19.192213+00:00	2026-03-25 19:53:19.192213+00:00	23259398-d8ec-40b9-9dd9-19da2262e7ab	{"pid": "A003491484", "type": "bf:Person", "preferred_name": "Lamberton, Ch", "authorized_access_point": "Lamberton, Ch", "md5": "b4d770a4a902ebfe57ca75e82eae5f4a", "$schema": "https://mef.rero.ch/schemas/agents_rero/rero-agent-v0.0.1.json"}	1
2026-03-25 19:53:19.192234+00:00	2026-03-25 19:53:19.192234+00:00	9b6e4f40-9daa-4ee2-83d0-ea88f7b727d2	{"pid": "A003492458", "type": "bf:Person", "preferred_name": "Lanati, Barbara", "authorized_access_point": "Lanati, Barbara", "md5": "89467f19f49d23a1ac1a7667d1b1d2a7", "$schema": "https://mef.rero.ch/schemas/agents_rero/rero-agent-v0.0.1.json"}	1
2026-03-25 19:53:19.192255+00:00	2026-03-25 19:53:19.192255+00:00	b65d3b66-ec44-4568-bcae-4d1535fd1abb	{"pid": "A003494285", "type": "bf:Person", "preferred_name": "Lange, Bastian", "authorized_access_point": "Lange, Bastian", "md5": "c515067c9de1029059275f6d492c9794", "$schema": "https://mef.rero.ch/schemas/agents_rero/rero-agent-v0.0.1.json"}	1
2026-03-25 19:53:19.192277+00:00	2026-03-25 19:53:19.192277+00:00	2f43bf43-64b3-4b29-863c-f1c10d814a5b	{"pid": "A003497728", "type": "bf:Person", "preferred_name": "Lascarides, Emanuel", "authorized_access_point": "Lascarides, Emanuel", "md5": "bce3c3097256ed23956b6ba3c8505a7f", "$schema": "https://mef.rero.ch/schemas/agents_rero/rero-agent-v0.0.1.json"}	1
2026-03-25 19:53:19.192298+00:00	2026-03-25 19:53:19.192298+00:00	119dce1b-a3b8-4ce5-afeb-832af504f478	{"pid": "A003501142", "type": "bf:Person", "preferred_name": "Lavenarde, J", "authorized_access_point": "Lavenarde, J", "md5": "92b209ccffe023dafec3ccc5431bce9d", "$schema": "https://mef.rero.ch/schemas/agents_rero/rero-agent-v0.0.1.json"}	1
2026-03-25 19:53:19.192319+00:00	2026-03-25 19:53:19.192319+00:00	29895c09-3778-4b75-bcd4-9053e9d40e49	{"pid": "A003507812", "type": "bf:Person", "preferred_name": "Leeson, Frank", "authorized_access_point": "Leeson, Frank", "md5": "9529bb6d19b9d1f3624ab3820638730e", "$schema": "https://mef.rero.ch/schemas/agents_rero/rero-agent-v0.0.1.json"}	1
2026-03-25 19:53:19.192341+00:00	2026-03-25 19:53:19.192341+00:00	01ec486d-6874-4f2c-8d44-ab6ea009b719	{"pid": "A003508662", "type": "bf:Person", "preferred_name": "Legorjus, Philippe", "authorized_access_point": "Legorjus, Philippe", "md5": "ba3bd5984712571598c78544a1322f07", "$schema": "https://mef.rero.ch/schemas/agents_rero/rero-agent-v0.0.1.json"}	1
2026-03-25 19:53:19.192362+00:00	2026-03-25 19:53:19.192362+00:00	089722c5-239a-4731-8c18-7f5a275f3eb4	{"pid": "A003510150", "type": "bf:Person", "preferred_name": "Leimberg, Inge", "authorized_access_point": "Leimberg, Inge", "md5": "3e18a486524679d597d6be8d9e88f970", "$schema": "https://mef.rero.ch/schemas/agents_rero/rero-agent-v0.0.1.json"}	1
2026-03-25 19:53:19.192383+00:00	2026-03-25 19:53:19.192383+00:00	82194f5f-97aa-4cb3-a7be-30cc435881a7	{"pid": "A003511981", "type": "bf:Person", "preferred_name": "Lenaz, Luciano", "authorized_access_point": "Lenaz, Luciano", "md5": "33ff7ab791366dbfdadbd3c492aaa772", "$schema": "https://mef.rero.ch/schemas/agents_rero/rero-agent-v0.0.1.json"}	1
2026-03-25 19:53:19.192404+00:00	2026-03-25 19:53:19.192404+00:00	9651ed03-404b-4269-8201-05d0721c08be	{"pid": "A003514292", "type": "bf:Person", "preferred_name": "Leron, Uri", "authorized_access_point": "Leron, Uri", "md5": "02dbe58f5f977bba8f44cf23afc0df41", "$schema": "https://mef.rero.ch/schemas/agents_rero/rero-agent-v0.0.1.json"}	1
2026-03-25 19:53:19.192427+00:00	2026-03-25 19:53:19.192427+00:00	015dd59e-a483-46ec-829f-1b1f8fc17738	{"pid": "A003516733", "type": "bf:Person", "date_of_birth": "1839", "date_of_death": "1900", "preferred_name": "Levi, Hermann,", "authorized_access_point": "Levi, Hermann, 1839-1900", "md5": "1d0058068817545de945eb1a300368df", "$schema": "https://mef.rero.ch/schemas/agents_rero/rero-agent-v0.0.1.json"}	1
2026-03-25 19:53:19.192449+00:00	2026-03-25 19:53:19.192449+00:00	c20e6444-aa34-4c2a-b2e3-b7e8877445bb	{"pid": "A003517040", "type": "bf:Person", "preferred_name": "Levine, Daniel U", "authorized_access_point": "Levine, Daniel U", "md5": "67503a9abe3299ed28122a3dc3f526ad", "$schema": "https://mef.rero.ch/schemas/agents_rero/rero-agent-v0.0.1.json"}	1
2026-03-25 19:53:19.192476+00:00	2026-03-25 19:53:19.192476+00:00	8e560fec-ee31-4896-8033-50a2938b1519	{"pid": "A003517060", "type": "bf:Person", "preferred_name": "Levine, Gemma", "authorized_access_point": "Levine, Gemma", "md5": "17623e7aa1abc45c5069303c1644b0be", "$schema": "https://mef.rero.ch/schemas/agents_rero/rero-agent-v0.0.1.json"}	1
2026-03-25 19:53:19.192498+00:00	2026-03-25 19:53:19.192498+00:00	ec820b09-a9e7-4fce-88c2-60bcb4f5d2c1	{"pid": "A003518724", "type": "bf:Person", "preferred_name": "Le\\u00f3n Rey, Jos\\u00e9 Antonio", "authorized_access_point": "Le\\u00f3n Rey, Jos\\u00e9 Antonio", "md5": "0cd48d979b0d8a6a4dd3aee8b6b531c9", "$schema": "https://mef.rero.ch/schemas/agents_rero/rero-agent-v0.0.1.json"}	1
2026-03-25 19:53:19.192520+00:00	2026-03-25 19:53:19.192520+00:00	47b39a69-33ec-4b99-bb9a-5315ab4ce292	{"pid": "A003520958", "type": "bf:Person", "preferred_name": "Liesegang, Helmuth", "authorized_access_point": "Liesegang, Helmuth", "md5": "93a350d0761122d2548635ea7b61e8ca", "$schema": "https://mef.rero.ch/schemas/agents_rero/rero-agent-v0.0.1.json"}	1
2026-03-25 19:53:19.192541+00:00	2026-03-25 19:53:19.192541+00:00	47002c90-a17f-402f-aca6-754337b82ea0	{"pid": "A003531526", "type": "bf:Person", "preferred_name": "Lornell, Kip", "authorized_access_point": "Lornell, Kip", "md5": "5bff7f8fd17013154830c8db820bb577", "$schema": "https://mef.rero.ch/schemas/agents_rero/rero-agent-v0.0.1.json"}	1
2026-03-25 19:53:19.192567+00:00	2026-03-25 19:53:19.192567+00:00	dced8f3e-7283-4372-bbe7-be0c50b3d0ca	{"pid": "A003531595", "type": "bf:Person", "variant_name": ["Jacob, Bernard Lortat-,"], "date_of_birth": "1941", "preferred_name": "Lortat-Jacob, Bernard,", "variant_access_point": ["Jacob, Bernard Lortat-, 1941-"], "authorized_access_point": "Lortat-Jacob, Bernard, 1941-", "biographical_information": ["Ethnomusicologue. - Directeur de recherche au CNRS et responsable du Laboratoire d'ethnomusicologie CBRS du Mus\\u00e9e de l'homme, Paris (en 2001)"], "md5": "8c454e905d2da8b3577a4ef911489f4d", "$schema": "https://mef.rero.ch/schemas/agents_rero/rero-agent-v0.0.1.json"}	1
2026-03-25 19:53:19.192591+00:00	2026-03-25 19:53:19.192591+00:00	23f6e913-719b-471d-8912-05557e4d0a8d	{"pid": "A003531943", "type": "bf:Person", "preferred_name": "Lot, Fernand", "authorized_access_point": "Lot, Fernand", "md5": "40a9dda9057ff1ab93bff0b5f07ef0cb", "$schema": "https://mef.rero.ch/schemas/agents_rero/rero-agent-v0.0.1.json"}	1
2026-03-25 19:53:19.192613+00:00	2026-03-25 19:53:19.192613+00:00	61b1e181-e866-46b0-8db7-8b5672b2a01a	{"pid": "A003538407", "type": "bf:Person", "preferred_name": "Lye, Kare Arnstein", "authorized_access_point": "Lye, Kare Arnstein", "md5": "1fea74e622d72d0a9b0791025a7272a3", "$schema": "https://mef.rero.ch/schemas/agents_rero/rero-agent-v0.0.1.json"}	1
2026-03-25 19:53:19.192634+00:00	2026-03-25 19:53:19.192634+00:00	5b17cdad-f824-425a-8b21-6b5f6430ec6a	{"pid": "A003542278", "type": "bf:Person", "preferred_name": "MacBeth, Brian S", "authorized_access_point": "MacBeth, Brian S", "md5": "11d36d293bdd2e14ae7ffa4236061402", "$schema": "https://mef.rero.ch/schemas/agents_rero/rero-agent-v0.0.1.json"}	1
2026-03-25 19:53:19.192657+00:00	2026-03-25 19:53:19.192657+00:00	016824f5-894b-483f-b5b8-b897b6154e28	{"pid": "A003543183", "type": "bf:Person", "preferred_name": "Macconnell, R.A", "authorized_access_point": "Macconnell, R.A", "md5": "051ec09a6cace0150ffc9b0c97963258", "$schema": "https://mef.rero.ch/schemas/agents_rero/rero-agent-v0.0.1.json"}	1
2026-03-25 19:53:19.192681+00:00	2026-03-25 19:53:19.192681+00:00	f45b1602-0678-4e21-8b41-c988e01ec240	{"pid": "A003544201", "type": "bf:Person", "variant_name": ["MacEachern, Claire,", "Mac Eachern, Claire,", "Mc Eachern, Claire,"], "date_of_birth": "1963", "preferred_name": "McEachern, Claire,", "variant_access_point": ["MacEachern, Claire, 1963-", "Mac Eachern, Claire, 1963-", "Mc Eachern, Claire, 1963-"], "authorized_access_point": "McEachern, Claire, 1963-", "md5": "c800d3cf59a24219457ba0127b19f796", "$schema": "https://mef.rero.ch/schemas/agents_rero/rero-agent-v0.0.1.json"}	1
2026-03-25 19:53:19.192705+00:00	2026-03-25 19:53:19.192705+00:00	18c10f52-eb26-44e0-8b3e-37bc517efa85	{"pid": "A003546689", "type": "bf:Person", "preferred_name": "MacLaughlin, John A", "authorized_access_point": "MacLaughlin, John A", "md5": "a2ae3b67c9a839d335851881aea9e7c0", "$schema": "https://mef.rero.ch/schemas/agents_rero/rero-agent-v0.0.1.json"}	1
2026-03-25 19:53:19.192726+00:00	2026-03-25 19:53:19.192726+00:00	b82658b9-50c2-46dd-bd32-212dfcf69ebb	{"pid": "A003550856", "type": "bf:Person", "preferred_name": "Mahlow, Georg Heinrich", "authorized_access_point": "Mahlow, Georg Heinrich", "md5": "c6bf1989bc03e7ea3a42776ab47a3dae", "$schema": "https://mef.rero.ch/schemas/agents_rero/rero-agent-v0.0.1.json"}	1
2026-03-25 19:53:19.192748+00:00	2026-03-25 19:53:19.192748+00:00	129fa8b9-1acc-4822-802a-5ab06f071219	{"pid": "A003552034", "type": "bf:Person", "preferred_name": "Maini\\u00e9, Philippe", "authorized_access_point": "Maini\\u00e9, Philippe", "md5": "1f6793550fe0f4002367934cb6586d3e", "$schema": "https://mef.rero.ch/schemas/agents_rero/rero-agent-v0.0.1.json"}	1
2026-03-25 19:53:19.192769+00:00	2026-03-25 19:53:19.192769+00:00	a5de27c8-f4d2-4eaf-b581-ae9ab8c04e98	{"pid": "A003552475", "type": "bf:Person", "preferred_name": "Maister, David H", "authorized_access_point": "Maister, David H", "md5": "4594d75367e68668d29ae43736b5afc8", "$schema": "https://mef.rero.ch/schemas/agents_rero/rero-agent-v0.0.1.json"}	1
2026-03-25 19:53:19.192790+00:00	2026-03-25 19:53:19.192790+00:00	280af61d-f5fb-4b95-bde1-609af75bf8f3	{"pid": "A003556987", "type": "bf:Person", "preferred_name": "Maniguet, Xavier", "authorized_access_point": "Maniguet, Xavier", "md5": "ef73a8e632a7b9b7ce88ca2db8431905", "$schema": "https://mef.rero.ch/schemas/agents_rero/rero-agent-v0.0.1.json"}	1
2026-03-25 19:53:19.192815+00:00	2026-03-25 19:53:19.192815+00:00	be5af9df-1866-402c-8f47-ee592bf4838a	{"pid": "A003557648", "type": "bf:Person", "qualifier": "marquise", "variant_name": ["Coeur-Br\\u00fblant, vicomtesse de", "Manoury, H. de", "Ectot, H. de Mannoury d'", "Nicolas Le Blanc, H", "Le Blanc, H. Nicolas"], "preferred_name": "Mannoury d'Ectot, H. de, marquise", "variant_access_point": ["Coeur-Br\\u00fblant, vicomtesse de", "Manoury, H. de", "Ectot, H. de Mannoury d'", "Nicolas Le Blanc, H", "Le Blanc, H. Nicolas"], "authorized_access_point": "Mannoury d'Ectot, H. de, marquise", "md5": "934e42b0926729d12e47858bdbd9efa6", "$schema": "https://mef.rero.ch/schemas/agents_rero/rero-agent-v0.0.1.json"}	1
2026-03-25 19:53:19.192851+00:00	2026-03-25 19:53:19.192851+00:00	69a400f4-9faa-4c14-8ad3-f18890a0d66c	{"pid": "A003557956", "type": "bf:Person", "preferred_name": "Mansi, Mensi Nouri", "authorized_access_point": "Mansi, Mensi Nouri", "md5": "e94c89ea4abded970fc9097419d82831", "$schema": "https://mef.rero.ch/schemas/agents_rero/rero-agent-v0.0.1.json"}	1
2026-03-25 19:53:19.192872+00:00	2026-03-25 19:53:19.192872+00:00	e45fc136-10ea-4272-b192-7d22bb1668f6	{"pid": "A003561750", "type": "bf:Person", "preferred_name": "Mariani, Jean", "authorized_access_point": "Mariani, Jean", "md5": "967978db6393d2ec16195f6d46762143", "$schema": "https://mef.rero.ch/schemas/agents_rero/rero-agent-v0.0.1.json"}	1
2026-03-25 19:53:19.192894+00:00	2026-03-25 19:53:19.192894+00:00	420cb891-87f5-41da-8d31-317ac4fb936f	{"pid": "A003562973", "type": "bf:Person", "preferred_name": "Markham, Adam", "authorized_access_point": "Markham, Adam", "md5": "261091bd747ee52b85fa053d5bf3a4d0", "$schema": "https://mef.rero.ch/schemas/agents_rero/rero-agent-v0.0.1.json"}	1
2026-03-25 19:53:19.192919+00:00	2026-03-25 19:53:19.192919+00:00	1743fd5c-11e9-41ef-a1d7-f97defe2a7af	{"pid": "A003564111", "type": "bf:Person", "preferred_name": "Marquis, Jean-Fran\\u00e7ois", "authorized_access_point": "Marquis, Jean-Fran\\u00e7ois", "md5": "3d41f6d017710e9c07cc3e5c17eb816d", "$schema": "https://mef.rero.ch/schemas/agents_rero/rero-agent-v0.0.1.json"}	1
2026-03-25 19:53:19.192941+00:00	2026-03-25 19:53:19.192941+00:00	ad0b4b01-95bc-4c99-be22-e703a3e18a30	{"pid": "A003566329", "type": "bf:Person", "preferred_name": "Martin, James G", "authorized_access_point": "Martin, James G", "md5": "de9dcdacba8f6d21ab978976073e237a", "$schema": "https://mef.rero.ch/schemas/agents_rero/rero-agent-v0.0.1.json"}	1
2026-03-25 19:53:19.192962+00:00	2026-03-25 19:53:19.192962+00:00	98fb6233-7dd7-4a44-a68e-d082e08ad48c	{"pid": "A003568779", "type": "bf:Person", "preferred_name": "Marvelli, Sergio", "authorized_access_point": "Marvelli, Sergio", "md5": "e10af85061675e7950954a985ad21f9e", "$schema": "https://mef.rero.ch/schemas/agents_rero/rero-agent-v0.0.1.json"}	1
2026-03-25 19:53:19.192984+00:00	2026-03-25 19:53:19.192984+00:00	c19aa837-4ff7-452d-a27d-f223edb978bd	{"pid": "A003569699", "type": "bf:Person", "preferred_name": "Masera, Carlo", "authorized_access_point": "Masera, Carlo", "md5": "6c21e0995128fc554123b8c152acd2fb", "$schema": "https://mef.rero.ch/schemas/agents_rero/rero-agent-v0.0.1.json"}	1
2026-03-25 19:53:19.193004+00:00	2026-03-25 19:53:19.193004+00:00	6daa8fcc-4d2c-45e5-aa2a-3a25bdc4a7e9	{"pid": "A003572511", "type": "bf:Person", "preferred_name": "Matko, Dubravko J.I", "authorized_access_point": "Matko, Dubravko J.I", "md5": "6f939b39c6df2eb6816e0380783c197a", "$schema": "https://mef.rero.ch/schemas/agents_rero/rero-agent-v0.0.1.json"}	1
2026-03-25 19:53:19.193026+00:00	2026-03-25 19:53:19.193026+00:00	c44d3cee-044b-4a4b-88f5-e6d7c5ba3154	{"pid": "A003572877", "type": "bf:Person", "preferred_name": "Matteaccioli, Andr\\u00e9e", "authorized_access_point": "Matteaccioli, Andr\\u00e9e", "md5": "8406f8b8a029fb9fc856290eb5355408", "$schema": "https://mef.rero.ch/schemas/agents_rero/rero-agent-v0.0.1.json"}	1
2026-03-25 19:53:19.193047+00:00	2026-03-25 19:53:19.193047+00:00	a02d7d0f-da6b-4ecf-8df9-34e4cf8d31d9	{"pid": "A003575662", "type": "bf:Person", "preferred_name": "Mavituna, Ferda", "authorized_access_point": "Mavituna, Ferda", "md5": "87b9f5132805e7fcc1b4503f62bf1047", "$schema": "https://mef.rero.ch/schemas/agents_rero/rero-agent-v0.0.1.json"}	1
2026-03-25 19:53:19.193069+00:00	2026-03-25 19:53:19.193069+00:00	efca50a5-aa19-4160-84a7-5f81c1369450	{"pid": "A003578228", "type": "bf:Person", "preferred_name": "Maz\\u00e9, Philippe", "authorized_access_point": "Maz\\u00e9, Philippe", "md5": "31d0d9891e298d3bac50dd5ed01c6819", "$schema": "https://mef.rero.ch/schemas/agents_rero/rero-agent-v0.0.1.json"}	1
2026-03-25 19:53:19.193090+00:00	2026-03-25 19:53:19.193090+00:00	6b3c0963-709b-4751-989a-d87d49da8927	{"pid": "A003582881", "type": "bf:Person", "preferred_name": "Menakaya, Clara Ogugua Ch. Nwabufo", "authorized_access_point": "Menakaya, Clara Ogugua Ch. Nwabufo", "md5": "49cda225a17e181e8cd8d1d85aeb3b1e", "$schema": "https://mef.rero.ch/schemas/agents_rero/rero-agent-v0.0.1.json"}	1
2026-03-25 19:53:19.193112+00:00	2026-03-25 19:53:19.193112+00:00	ef304d96-86bc-4840-95fa-a0a787d2f9f4	{"pid": "A003588222", "type": "bf:Person", "preferred_name": "Metzger, Othmar", "authorized_access_point": "Metzger, Othmar", "md5": "2e174150e33f72690a4d543b545322ce", "$schema": "https://mef.rero.ch/schemas/agents_rero/rero-agent-v0.0.1.json"}	1
2026-03-25 19:53:19.193134+00:00	2026-03-25 19:53:19.193134+00:00	644a9332-d0d0-4ed2-82a9-ee616085dc3a	{"pid": "A003588933", "type": "bf:Person", "preferred_name": "Meyer, Armand", "authorized_access_point": "Meyer, Armand", "md5": "23f2fb59f0707466833e0f18d61fe776", "$schema": "https://mef.rero.ch/schemas/agents_rero/rero-agent-v0.0.1.json"}	1
2026-03-25 19:53:19.193156+00:00	2026-03-25 19:53:19.193156+00:00	33e0a31e-f27a-4dff-a3b0-9ad877c5604a	{"pid": "A003594199", "type": "bf:Person", "preferred_name": "Milanowski, W\\u0142odzimierz", "authorized_access_point": "Milanowski, W\\u0142odzimierz", "md5": "ad48b40baa7444ae66dbe3a0e9c1483d", "$schema": "https://mef.rero.ch/schemas/agents_rero/rero-agent-v0.0.1.json"}	1
2026-03-25 19:53:19.193178+00:00	2026-03-25 19:53:19.193178+00:00	59554b23-92ce-439a-8229-93095e559465	{"pid": "A003596440", "type": "bf:Person", "preferred_name": "Milne, Herbert John Mansfield", "authorized_access_point": "Milne, Herbert John Mansfield", "md5": "f6220cce9db5b2e06e6a4e9327c3cf3d", "$schema": "https://mef.rero.ch/schemas/agents_rero/rero-agent-v0.0.1.json"}	1
2026-03-25 19:53:19.193200+00:00	2026-03-25 19:53:19.193200+00:00	95ab5e39-431a-49dd-847f-6a2a6839b1d7	{"pid": "A003597080", "type": "bf:Person", "preferred_name": "Mineo, Ennio Igor", "authorized_access_point": "Mineo, Ennio Igor", "md5": "2ddc796161603045c49ab4bdbb8fbf73", "$schema": "https://mef.rero.ch/schemas/agents_rero/rero-agent-v0.0.1.json"}	1
2026-03-25 19:53:19.193221+00:00	2026-03-25 19:53:19.193221+00:00	da0d557f-494b-419d-a80e-d03cfb80e118	{"pid": "A003600525", "type": "bf:Organisation", "conference": false, "preferred_name": "Modern Critical Theory Group (Cambridge)", "authorized_access_point": "Modern Critical Theory Group (Cambridge)", "md5": "cfb14937df1e102a49f8d6e7a493fdf9", "$schema": "https://mef.rero.ch/schemas/agents_rero/rero-agent-v0.0.1.json"}	1
2026-03-25 19:53:19.193258+00:00	2026-03-25 19:53:19.193258+00:00	24cfff25-5a29-4c78-bd52-d12382959f83	{"pid": "A003600526", "type": "bf:Organisation", "conference": false, "preferred_name": "Modern Foreign Language Study", "authorized_access_point": "Modern Foreign Language Study", "md5": "82e1af5b7a44e02555dbf1dab54e9004", "$schema": "https://mef.rero.ch/schemas/agents_rero/rero-agent-v0.0.1.json"}	1
2026-03-25 19:53:19.193280+00:00	2026-03-25 19:53:19.193280+00:00	4baaea29-4782-46da-ba54-6b6abab0c631	{"pid": "A003604534", "type": "bf:Person", "preferred_name": "Monroe, Burt L", "authorized_access_point": "Monroe, Burt L", "md5": "c4a0ab28f54246e9a1ac6e8469dc86b4", "$schema": "https://mef.rero.ch/schemas/agents_rero/rero-agent-v0.0.1.json"}	1
2026-03-25 19:53:19.193301+00:00	2026-03-25 19:53:19.193301+00:00	1e9dd961-c024-4660-93bd-bfb8f0eda230	{"pid": "A003610796", "type": "bf:Person", "preferred_name": "Morozzi, Cristina", "authorized_access_point": "Morozzi, Cristina", "md5": "7a1f3252c7ec8e057c9210b68097dfef", "$schema": "https://mef.rero.ch/schemas/agents_rero/rero-agent-v0.0.1.json"}	1
2026-03-25 19:53:19.193322+00:00	2026-03-25 19:53:19.193322+00:00	4cdeafae-e1fa-4f93-a459-4940a9a8d864	{"pid": "A003611548", "type": "bf:Person", "preferred_name": "Morse, Marston", "authorized_access_point": "Morse, Marston", "md5": "434ef18e65ec9072970d49e9bcaaa3c5", "$schema": "https://mef.rero.ch/schemas/agents_rero/rero-agent-v0.0.1.json"}	1
2026-03-25 19:53:19.193344+00:00	2026-03-25 19:53:19.193344+00:00	d12a6dd7-bc61-4456-9b5d-f46280ea8e59	{"pid": "A003613760", "type": "bf:Person", "preferred_name": "Mouch\\u00e9, Maman dan", "authorized_access_point": "Mouch\\u00e9, Maman dan", "md5": "d0f1b1314ee814c31cd14e9ab4e21ada", "$schema": "https://mef.rero.ch/schemas/agents_rero/rero-agent-v0.0.1.json"}	1
2026-03-25 19:53:19.193365+00:00	2026-03-25 19:53:19.193365+00:00	4c19b31b-1d60-4bf3-a3d6-068bc8722ae1	{"pid": "A003618731", "type": "bf:Person", "preferred_name": "Munro, J.L", "authorized_access_point": "Munro, J.L", "md5": "5e4a6349f909beb2ef383f157df1d4dc", "$schema": "https://mef.rero.ch/schemas/agents_rero/rero-agent-v0.0.1.json"}	1
2026-03-25 19:53:19.193386+00:00	2026-03-25 19:53:19.193386+00:00	8a8c069b-d69a-428e-91d5-2d62eede8ecf	{"pid": "A003618791", "type": "bf:Person", "preferred_name": "Munsinger, Harry", "authorized_access_point": "Munsinger, Harry", "md5": "a3d13369624fee76a407bcfb5ffba6e0", "$schema": "https://mef.rero.ch/schemas/agents_rero/rero-agent-v0.0.1.json"}	1
2026-03-25 19:53:19.193407+00:00	2026-03-25 19:53:19.193407+00:00	3fcb9d1b-d9e0-43d5-8938-8e7d11ddcdcf	{"pid": "A003618794", "type": "bf:Person", "preferred_name": "Munslow, Alun", "authorized_access_point": "Munslow, Alun", "md5": "d04eed9aac3e366e7708c34b5f9c4f7f", "$schema": "https://mef.rero.ch/schemas/agents_rero/rero-agent-v0.0.1.json"}	1
2026-03-25 19:53:19.193428+00:00	2026-03-25 19:53:19.193428+00:00	4bb6b751-4923-4677-81ab-35462b362207	{"pid": "A003619989", "type": "bf:Person", "preferred_name": "Murray, Kate", "authorized_access_point": "Murray, Kate", "md5": "ac49f50e74cc45780c3e123cdba76a33", "$schema": "https://mef.rero.ch/schemas/agents_rero/rero-agent-v0.0.1.json"}	1
2026-03-25 19:53:19.193449+00:00	2026-03-25 19:53:19.193449+00:00	b614f568-1470-4d9a-8a00-3ff66af654ab	{"pid": "A003620019", "type": "bf:Person", "preferred_name": "Murray, Mike", "authorized_access_point": "Murray, Mike", "md5": "b06f881bf22d80795208382551c26a34", "$schema": "https://mef.rero.ch/schemas/agents_rero/rero-agent-v0.0.1.json"}	1
2026-03-25 19:53:19.193483+00:00	2026-03-25 19:53:19.193483+00:00	119cd49d-6ce7-4d30-9386-8cc2a925dfde	{"pid": "A003620351", "type": "bf:Person", "preferred_name": "Muschallik, Thomas", "authorized_access_point": "Muschallik, Thomas", "md5": "1ed826fec03f392ea99850ae261a9049", "$schema": "https://mef.rero.ch/schemas/agents_rero/rero-agent-v0.0.1.json"}	1
2026-03-25 19:53:19.193504+00:00	2026-03-25 19:53:19.193504+00:00	141f1104-8199-4a2a-9a0f-b7b56b3efa0b	{"pid": "A003621449", "type": "bf:Person", "preferred_name": "Muzzioli, Maria Pia", "authorized_access_point": "Muzzioli, Maria Pia", "md5": "f7dda33701a8bd9c110890766e68ee8d", "$schema": "https://mef.rero.ch/schemas/agents_rero/rero-agent-v0.0.1.json"}	1
2026-03-25 19:53:19.193526+00:00	2026-03-25 19:53:19.193526+00:00	0215a7e0-15ab-4647-ba97-16210c836ee3	{"pid": "A003625161", "type": "bf:Person", "preferred_name": "M\\u00fcnichsdorfer, Friedrich", "authorized_access_point": "M\\u00fcnichsdorfer, Friedrich", "md5": "6f9e171d599b2fcf0d77e58f0159e178", "$schema": "https://mef.rero.ch/schemas/agents_rero/rero-agent-v0.0.1.json"}	1
2026-03-25 19:53:19.193549+00:00	2026-03-25 19:53:19.193549+00:00	5f880342-43d7-4b88-8f21-7780c3ef09fa	{"pid": "A003630712", "type": "bf:Organisation", "conference": false, "preferred_name": "Nations Unies. Comit\\u00e9 de l'habitation, de la construction et de la planification", "authorized_access_point": "Nations Unies. Comit\\u00e9 de l'habitation, de la construction et de la planification", "md5": "2f49146aa7ff890655e89087a859eae8", "$schema": "https://mef.rero.ch/schemas/agents_rero/rero-agent-v0.0.1.json"}	1
2026-03-25 19:53:19.193571+00:00	2026-03-25 19:53:19.193571+00:00	93f158eb-1b21-4c86-bfdc-ee76205f5790	{"pid": "A003632361", "type": "bf:Person", "preferred_name": "Navacelle, Geoffroy de", "authorized_access_point": "Navacelle, Geoffroy de", "md5": "36099648cdd63f14979c38a5009c41a4", "$schema": "https://mef.rero.ch/schemas/agents_rero/rero-agent-v0.0.1.json"}	1
2026-03-25 19:53:19.193592+00:00	2026-03-25 19:53:19.193592+00:00	6abcbdef-1982-4a04-8c9d-391f03546769	{"pid": "A003637861", "type": "bf:Person", "preferred_name": "Newman, Jacob", "authorized_access_point": "Newman, Jacob", "md5": "9b986b02832ac181e260932a78782daf", "$schema": "https://mef.rero.ch/schemas/agents_rero/rero-agent-v0.0.1.json"}	1
2026-03-25 19:53:19.193614+00:00	2026-03-25 19:53:19.193614+00:00	1c001a2b-2ec9-4e33-b36a-2cb71feb6be2	{"pid": "A003640740", "type": "bf:Person", "preferred_name": "Nielsen, Sandra L", "authorized_access_point": "Nielsen, Sandra L", "md5": "c3959057a165867647ebcb5ef5236e46", "$schema": "https://mef.rero.ch/schemas/agents_rero/rero-agent-v0.0.1.json"}	1
2026-03-25 19:53:19.193635+00:00	2026-03-25 19:53:19.193635+00:00	cfbc947a-7721-4685-bbe8-a2a7e7ea1770	{"pid": "A003641265", "type": "bf:Person", "preferred_name": "Nievergelt, Dieter", "authorized_access_point": "Nievergelt, Dieter", "md5": "e1b67802d05dea798d92a1ea3ce6bbdc", "$schema": "https://mef.rero.ch/schemas/agents_rero/rero-agent-v0.0.1.json"}	1
2026-03-25 19:53:19.193665+00:00	2026-03-25 19:53:19.193665+00:00	1f91aa10-a386-40a1-9d87-f3c26f17fb8e	{"pid": "A003645251", "type": "bf:Person", "variant_name": ["Von Normann, Reinhard", "VonNormann, Reinhard"], "preferred_name": "Normann, Reinhard von", "variant_access_point": ["Von Normann, Reinhard", "VonNormann, Reinhard"], "authorized_access_point": "Normann, Reinhard von", "md5": "885200568d964cf673401319ec0b64e9", "$schema": "https://mef.rero.ch/schemas/agents_rero/rero-agent-v0.0.1.json"}	1
2026-03-25 19:53:19.193688+00:00	2026-03-25 19:53:19.193688+00:00	60319d16-b0b1-4722-b8d3-ae75e685575d	{"pid": "A003648696", "type": "bf:Person", "preferred_name": "N\\u00fcbling, R\\u00fcdiger", "authorized_access_point": "N\\u00fcbling, R\\u00fcdiger", "md5": "5ef455934594f98d2267bb059e753096", "$schema": "https://mef.rero.ch/schemas/agents_rero/rero-agent-v0.0.1.json"}	1
2026-03-25 19:53:19.193710+00:00	2026-03-25 19:53:19.193710+00:00	6529de00-fcf0-4ae0-8dfd-ed46177268db	{"pid": "A003650297", "type": "bf:Person", "preferred_name": "Oakes, Guy", "authorized_access_point": "Oakes, Guy", "md5": "9a5bec28e9a7ea2d64a97b68e3b7ade0", "$schema": "https://mef.rero.ch/schemas/agents_rero/rero-agent-v0.0.1.json"}	1
2026-03-25 19:53:19.193731+00:00	2026-03-25 19:53:19.193731+00:00	ef9c6365-edd3-4df8-9a1c-9db73ebe85e5	{"pid": "A003650669", "type": "bf:Person", "preferred_name": "Oberle, Birgitta E", "authorized_access_point": "Oberle, Birgitta E", "md5": "58f9bd56211716ee97cf6b92b0e6b610", "$schema": "https://mef.rero.ch/schemas/agents_rero/rero-agent-v0.0.1.json"}	1
2026-03-25 19:53:19.193752+00:00	2026-03-25 19:53:19.193752+00:00	4f7e2d6e-8e3c-4cc6-adf4-d50200b47715	{"pid": "A003653616", "type": "bf:Person", "preferred_name": "Ohler, Wolfgang", "authorized_access_point": "Ohler, Wolfgang", "md5": "def6513966addac421718b51800a6d53", "$schema": "https://mef.rero.ch/schemas/agents_rero/rero-agent-v0.0.1.json"}	1
2026-03-25 19:53:19.193774+00:00	2026-03-25 19:53:19.193774+00:00	5ba28141-8499-4d75-914e-7212848002de	{"pid": "A003658765", "type": "bf:Person", "preferred_name": "Oriol-Boyer, Claudette", "authorized_access_point": "Oriol-Boyer, Claudette", "md5": "4e7ed1bc08f64b3b0c7c8a82f167c109", "$schema": "https://mef.rero.ch/schemas/agents_rero/rero-agent-v0.0.1.json"}	1
2026-03-25 19:53:19.193795+00:00	2026-03-25 19:53:19.193795+00:00	42decb69-f567-4a9e-bd3c-8cdcaff80ed9	{"pid": "A003660931", "type": "bf:Person", "preferred_name": "Osthoff, Hans-Werner", "authorized_access_point": "Osthoff, Hans-Werner", "md5": "689b6f8ac5d176130ddefbf525dc1474", "$schema": "https://mef.rero.ch/schemas/agents_rero/rero-agent-v0.0.1.json"}	1
2026-03-25 19:53:19.193816+00:00	2026-03-25 19:53:19.193816+00:00	57221c2d-0a7d-46f2-8676-b23ac65f780d	{"pid": "A003662299", "type": "bf:Person", "preferred_name": "Ouellet, Raymond", "authorized_access_point": "Ouellet, Raymond", "md5": "bfe51bd358aebdd77bbaced48e79bf0c", "$schema": "https://mef.rero.ch/schemas/agents_rero/rero-agent-v0.0.1.json"}	1
2026-03-25 19:53:19.193838+00:00	2026-03-25 19:53:19.193838+00:00	0714024a-edea-41b1-9f75-e04aef9a838d	{"pid": "A003662624", "type": "bf:Person", "preferred_name": "Ovalle Pacheco, Andr\\u00e9s", "authorized_access_point": "Ovalle Pacheco, Andr\\u00e9s", "md5": "7dc2fd494befa8eb2b9f0623032ed8c0", "$schema": "https://mef.rero.ch/schemas/agents_rero/rero-agent-v0.0.1.json"}	1
2026-03-25 19:53:19.193860+00:00	2026-03-25 19:53:19.193860+00:00	ccf53b2c-fc37-47e3-90ac-6b37d70b218e	{"pid": "A003671506", "type": "bf:Person", "preferred_name": "Parks, R.D", "authorized_access_point": "Parks, R.D", "md5": "5f637879d40a28826a2b9e241ade7e0c", "$schema": "https://mef.rero.ch/schemas/agents_rero/rero-agent-v0.0.1.json"}	1
2026-03-25 19:53:19.193881+00:00	2026-03-25 19:53:19.193881+00:00	bf0f35e0-e7f5-4a15-944f-c70e91203ccb	{"pid": "A003672170", "type": "bf:Person", "preferred_name": "Parry, Hugh", "authorized_access_point": "Parry, Hugh", "md5": "28726dfc845a5a0dd82136843086cd36", "$schema": "https://mef.rero.ch/schemas/agents_rero/rero-agent-v0.0.1.json"}	1
2026-03-25 19:53:19.193902+00:00	2026-03-25 19:53:19.193902+00:00	6fd3f250-adc4-4498-9479-387703138da1	{"pid": "A003673634", "type": "bf:Person", "preferred_name": "Pasquier, Ren\\u00e9", "authorized_access_point": "Pasquier, Ren\\u00e9", "md5": "e4b4a2547312a8f7d2672631c2b601c1", "$schema": "https://mef.rero.ch/schemas/agents_rero/rero-agent-v0.0.1.json"}	1
2026-03-25 19:53:19.193926+00:00	2026-03-25 19:53:19.193926+00:00	2d77b500-69f4-459a-bc2a-8e0190e58db7	{"pid": "A003677375", "type": "bf:Organisation", "conference": false, "variant_name": ["Pa\\u00eds Vasco. Secr\\u00e9tariat g\\u00e9n\\u00e9ral de l'action ext\\u00e9rieure"], "preferred_name": "Pa\\u00eds Vasco. Secretar\\u00eda general de acci\\u00f3n exterior", "variant_access_point": ["Pa\\u00eds Vasco. Secr\\u00e9tariat g\\u00e9n\\u00e9ral de l'action ext\\u00e9rieure"], "authorized_access_point": "Pa\\u00eds Vasco. Secretar\\u00eda general de acci\\u00f3n exterior", "md5": "d85591a697d54992f58a6bce1736ace8", "$schema": "https://mef.rero.ch/schemas/agents_rero/rero-agent-v0.0.1.json"}	1
2026-03-25 19:53:19.193950+00:00	2026-03-25 19:53:19.193950+00:00	f1bdf024-8904-4da7-a442-a24dd43546ea	{"pid": "A003679975", "type": "bf:Person", "preferred_name": "Pellis, Louis", "authorized_access_point": "Pellis, Louis", "md5": "8d46dc569f139b1df975d1da93f11bea", "$schema": "https://mef.rero.ch/schemas/agents_rero/rero-agent-v0.0.1.json"}	1
2026-03-25 19:53:19.193972+00:00	2026-03-25 19:53:19.193972+00:00	3de01458-6950-4983-afa0-6b50a671a661	{"pid": "A003681000", "type": "bf:Organisation", "conference": false, "preferred_name": "Pensionnat Salve Regina (Bourguillon)", "authorized_access_point": "Pensionnat Salve Regina (Bourguillon)", "md5": "a88b64fe9228872c040e1ee1f7c73353", "$schema": "https://mef.rero.ch/schemas/agents_rero/rero-agent-v0.0.1.json"}	1
2026-03-25 19:53:19.193993+00:00	2026-03-25 19:53:19.193993+00:00	469154c7-1f1f-4a06-9ec4-c89f7726797b	{"pid": "A003685283", "type": "bf:Person", "preferred_name": "Pestieau, Pierre", "authorized_access_point": "Pestieau, Pierre", "md5": "a04269ea09bd93ce7a2f32cdab6fe1c3", "$schema": "https://mef.rero.ch/schemas/agents_rero/rero-agent-v0.0.1.json"}	1
2026-03-25 19:53:19.194015+00:00	2026-03-25 19:53:19.194015+00:00	73b6e632-baa4-4621-aa8d-19cf4806e4fa	{"pid": "A003685465", "type": "bf:Person", "preferred_name": "Peter, Ilka", "authorized_access_point": "Peter, Ilka", "md5": "982c91cf5f96b2bd4d61e0808dd6c915", "$schema": "https://mef.rero.ch/schemas/agents_rero/rero-agent-v0.0.1.json"}	1
2026-03-25 19:53:19.194043+00:00	2026-03-25 19:53:19.194043+00:00	7ed7a4d3-7f81-4527-bcf1-1316cbacd794	{"pid": "A003688082", "type": "bf:Person", "preferred_name": "Peulevey, Georges L", "authorized_access_point": "Peulevey, Georges L", "md5": "a88494a694e68bd8bf6565a158ef637f", "$schema": "https://mef.rero.ch/schemas/agents_rero/rero-agent-v0.0.1.json"}	1
2026-03-25 19:53:19.194065+00:00	2026-03-25 19:53:19.194065+00:00	b3a7337d-4752-4ce5-9e1c-137e314358ce	{"pid": "A003688354", "type": "bf:Person", "preferred_name": "Peyron, Joseph", "authorized_access_point": "Peyron, Joseph", "md5": "9324c61212c1b6ecd74f4fe0b4368b1d", "$schema": "https://mef.rero.ch/schemas/agents_rero/rero-agent-v0.0.1.json"}	1
2026-03-25 19:53:19.194086+00:00	2026-03-25 19:53:19.194086+00:00	7dba85fc-43e1-4715-8a2a-d9962ac35524	{"pid": "A003696554", "type": "bf:Person", "preferred_name": "Piper, Ronald Allen", "authorized_access_point": "Piper, Ronald Allen", "md5": "27d2f03eca5c0db5e12af39d96021961", "$schema": "https://mef.rero.ch/schemas/agents_rero/rero-agent-v0.0.1.json"}	1
2026-03-25 19:53:19.194107+00:00	2026-03-25 19:53:19.194107+00:00	abdd68b9-ce38-4854-8725-a7c9bd5da06c	{"pid": "A003699041", "type": "bf:Person", "preferred_name": "Plasa, Carl", "authorized_access_point": "Plasa, Carl", "md5": "f80b9a3507be48ad7670e711d0c39f9a", "$schema": "https://mef.rero.ch/schemas/agents_rero/rero-agent-v0.0.1.json"}	1
2026-03-25 19:53:19.194128+00:00	2026-03-25 19:53:19.194128+00:00	d0ad3e94-ca0a-4de6-9edd-b19d058cc1d5	{"pid": "A003703519", "type": "bf:Organisation", "conference": false, "preferred_name": "Polskie Towarzystwo Gleboznawcze", "authorized_access_point": "Polskie Towarzystwo Gleboznawcze", "md5": "576b655d6683ba58cabfe7e5d6400168", "$schema": "https://mef.rero.ch/schemas/agents_rero/rero-agent-v0.0.1.json"}	1
2026-03-25 19:53:19.194150+00:00	2026-03-25 19:53:19.194150+00:00	61a98c32-7b99-4236-bd3c-9f82d5695ece	{"pid": "A003703655", "type": "bf:Organisation", "conference": false, "preferred_name": "Polyphony (London)", "authorized_access_point": "Polyphony (London)", "md5": "ec59a0dc5ec30513b2a306c09841052d", "$schema": "https://mef.rero.ch/schemas/agents_rero/rero-agent-v0.0.1.json"}	1
2026-03-25 19:53:19.194172+00:00	2026-03-25 19:53:19.194172+00:00	aaa49851-5028-4ef4-b185-9a6146e86a48	{"pid": "A003706170", "type": "bf:Person", "preferred_name": "Portenier, Claude", "authorized_access_point": "Portenier, Claude", "md5": "2cc0578223f544b546ce8c38943b81b0", "$schema": "https://mef.rero.ch/schemas/agents_rero/rero-agent-v0.0.1.json"}	1
2026-03-25 19:53:19.194194+00:00	2026-03-25 19:53:19.194194+00:00	daee29ff-7e65-47c1-9843-ef6ddc98c49a	{"pid": "A003710512", "type": "bf:Person", "preferred_name": "Preis, Alexandre", "parallel_access_point": ["\\u041f\\u0440\\u0435\\u0439\\u0441, \\u0410\\u043b\\u0435\\u043a\\u0441\\u0430\\u043d\\u0434\\u0440"], "authorized_access_point": "Preis, Alexandre", "md5": "c621929bd4b327b7d277a393c00e6db5", "$schema": "https://mef.rero.ch/schemas/agents_rero/rero-agent-v0.0.1.json"}	1
2026-03-25 19:53:19.194217+00:00	2026-03-25 19:53:19.194217+00:00	d0775a89-8a5b-409c-af97-b75bd14d271d	{"pid": "A003713064", "type": "bf:Organisation", "conference": false, "preferred_name": "Pro Regenwald", "authorized_access_point": "Pro Regenwald", "md5": "1b4232c0d4d788fc08906ef3a0ddb43c", "$schema": "https://mef.rero.ch/schemas/agents_rero/rero-agent-v0.0.1.json"}	1
2026-03-25 19:53:19.194239+00:00	2026-03-25 19:53:19.194239+00:00	8c4a399f-1cf8-401c-9d85-d7cdf9f18561	{"pid": "A003717532", "type": "bf:Person", "preferred_name": "Puza, Richard", "authorized_access_point": "Puza, Richard", "md5": "d41332c87b9e18dafd26947cc41d6043", "$schema": "https://mef.rero.ch/schemas/agents_rero/rero-agent-v0.0.1.json"}	1
2026-03-25 19:53:19.194260+00:00	2026-03-25 19:53:19.194260+00:00	27e496ab-006c-4609-9dcd-784ae06a5dfe	{"pid": "A003719235", "type": "bf:Person", "preferred_name": "P\\u0103tr\\u0103s\\u0326canu, Petru V", "authorized_access_point": "P\\u0103tr\\u0103s\\u0326canu, Petru V", "md5": "498069fa10bcad1e989e5a8666413fa0", "$schema": "https://mef.rero.ch/schemas/agents_rero/rero-agent-v0.0.1.json"}	1
2026-03-25 19:53:19.194282+00:00	2026-03-25 19:53:19.194282+00:00	c81bcf9f-f1b3-4f8b-8f5c-9778382f1f3c	{"pid": "A003721710", "type": "bf:Person", "preferred_name": "Raaff, J.J", "authorized_access_point": "Raaff, J.J", "md5": "e9572e3cff0cbef97601842939b62bea", "$schema": "https://mef.rero.ch/schemas/agents_rero/rero-agent-v0.0.1.json"}	1
2026-03-25 19:53:19.194303+00:00	2026-03-25 19:53:19.194303+00:00	be462050-b922-437e-b50a-815bcd24c78a	{"pid": "A003728520", "type": "bf:Person", "preferred_name": "Rath, Ingo W", "authorized_access_point": "Rath, Ingo W", "md5": "dea3f7636134e6ae153e1dbbff4447e4", "$schema": "https://mef.rero.ch/schemas/agents_rero/rero-agent-v0.0.1.json"}	1
2026-03-25 19:53:19.194324+00:00	2026-03-25 19:53:19.194324+00:00	6de986ca-e72a-4671-89c0-ce84cf4a1fae	{"pid": "A003733566", "type": "bf:Person", "preferred_name": "Regis, Roger", "authorized_access_point": "Regis, Roger", "md5": "f0b6218ede7046baa6ec3428be97e259", "$schema": "https://mef.rero.ch/schemas/agents_rero/rero-agent-v0.0.1.json"}	1
2026-03-25 19:53:19.194345+00:00	2026-03-25 19:53:19.194345+00:00	1f9a53a2-e7be-46d6-b581-93c06934766e	{"pid": "A003734370", "type": "bf:Person", "preferred_name": "Reichelt, Thomas", "authorized_access_point": "Reichelt, Thomas", "md5": "01fe02d698cea8dfc174e24aade8f8e7", "$schema": "https://mef.rero.ch/schemas/agents_rero/rero-agent-v0.0.1.json"}	1
2026-03-25 19:53:19.194365+00:00	2026-03-25 19:53:19.194365+00:00	c1e962c0-9c89-4cac-8d44-e178ad4ea9d8	{"pid": "A003736990", "type": "bf:Person", "preferred_name": "Remmel, Johannes", "authorized_access_point": "Remmel, Johannes", "md5": "e480e594f1c61fc58789233f5456f9d1", "$schema": "https://mef.rero.ch/schemas/agents_rero/rero-agent-v0.0.1.json"}	1
2026-03-25 19:53:19.194386+00:00	2026-03-25 19:53:19.194386+00:00	149c99ea-666b-4568-bd12-cd67f92c0277	{"pid": "A003737238", "type": "bf:Person", "preferred_name": "Renard, Gabriel", "authorized_access_point": "Renard, Gabriel", "md5": "3849d50108c68ae10f9c9989e1ce9c5d", "$schema": "https://mef.rero.ch/schemas/agents_rero/rero-agent-v0.0.1.json"}	1
2026-03-25 19:53:19.194407+00:00	2026-03-25 19:53:19.194407+00:00	b805e95b-95a6-428c-bc73-a2e2ece17397	{"pid": "A003743096", "type": "bf:Person", "preferred_name": "Rich, F", "authorized_access_point": "Rich, F", "md5": "191d0ef40f75f1ac4a403c0b577cd9eb", "$schema": "https://mef.rero.ch/schemas/agents_rero/rero-agent-v0.0.1.json"}	1
2026-03-25 19:53:19.194463+00:00	2026-03-25 19:53:19.194463+00:00	94e11395-0f8a-401c-bb64-5ed199b24f68	{"pid": "A003743887", "type": "bf:Person", "variant_name": ["Richelet, C\\u00e9sare-Pierre,", "Richelet, C\\u00e9sar Pierre,"], "date_of_birth": "ca. 1626", "date_of_death": "1698", "preferred_name": "Richelet, Pierre,", "variant_access_point": ["Richelet, C\\u00e9sare-Pierre, ca. 1626-1698", "Richelet, C\\u00e9sar Pierre, ca. 1626-1698"], "authorized_access_point": "Richelet, Pierre, ca. 1626-1698", "biographical_information": ["Lexicographe"], "md5": "4cbf38434a957730f7030539b4d23db1", "$schema": "https://mef.rero.ch/schemas/agents_rero/rero-agent-v0.0.1.json"}	1
2026-03-25 19:53:19.194491+00:00	2026-03-25 19:53:19.194491+00:00	b5bab37c-79f5-469b-a6de-f2c4f37bf9ad	{"pid": "A003744787", "type": "bf:Person", "variant_name": ["Ricketts, Martin J.,"], "date_of_birth": "1948", "preferred_name": "Ricketts, Martin,", "variant_access_point": ["Ricketts, Martin J., 1948-"], "authorized_access_point": "Ricketts, Martin, 1948-", "biographical_information": ["Professeur d'organisation \\u00e9conomique \\u00e0 l'universit\\u00e9 de Buckingham, UK"], "md5": "4ee67435794b1bdb744adf6e728a7644", "$schema": "https://mef.rero.ch/schemas/agents_rero/rero-agent-v0.0.1.json"}	1
2026-03-25 19:53:19.194515+00:00	2026-03-25 19:53:19.194515+00:00	a3bfd743-c8ad-4749-ac6f-2091487299dc	{"pid": "A003747661", "type": "bf:Person", "preferred_name": "Rindlisbacher, Otto", "authorized_access_point": "Rindlisbacher, Otto", "md5": "31d035b0901aca17daf102e4626d962d", "$schema": "https://mef.rero.ch/schemas/agents_rero/rero-agent-v0.0.1.json"}	1
2026-03-25 19:53:19.194537+00:00	2026-03-25 19:53:19.194537+00:00	36b32a99-f656-42b9-b347-4705c6518f77	{"pid": "A003751647", "type": "bf:Person", "preferred_name": "Roberty, Eug\\u00e8ne de", "authorized_access_point": "Roberty, Eug\\u00e8ne de", "md5": "79d86f9f38c94cd0b221e9b5a2325a99", "$schema": "https://mef.rero.ch/schemas/agents_rero/rero-agent-v0.0.1.json"}	1
2026-03-25 19:53:19.194558+00:00	2026-03-25 19:53:19.194558+00:00	f3455664-62df-4562-8f5b-bde3d7a8ed2d	{"pid": "A003752143", "type": "bf:Person", "preferred_name": "Robinson, John Michael", "authorized_access_point": "Robinson, John Michael", "md5": "7f9727074d7f5c26bb8063e17b633bc7", "$schema": "https://mef.rero.ch/schemas/agents_rero/rero-agent-v0.0.1.json"}	1
2026-03-25 19:53:19.194579+00:00	2026-03-25 19:53:19.194579+00:00	54e78227-e7d9-444f-a601-0a4ef3e57af3	{"pid": "A003755899", "type": "bf:Person", "preferred_name": "Rohatynskyj, Marta", "authorized_access_point": "Rohatynskyj, Marta", "md5": "1f2f937921ceed65d14721caccaf579e", "$schema": "https://mef.rero.ch/schemas/agents_rero/rero-agent-v0.0.1.json"}	1
2026-03-25 19:53:19.194601+00:00	2026-03-25 19:53:19.194601+00:00	830bab4e-a3ca-4813-9139-cdf3649b5f80	{"pid": "A003759742", "type": "bf:Person", "preferred_name": "Rose, Harold Bertram", "authorized_access_point": "Rose, Harold Bertram", "md5": "e7f6d9a4fc04f80780da0ee97f388ffd", "$schema": "https://mef.rero.ch/schemas/agents_rero/rero-agent-v0.0.1.json"}	1
2026-03-25 19:53:19.194621+00:00	2026-03-25 19:53:19.194621+00:00	2ec4e197-0f82-4de9-b2b8-adeaa63e4fbb	{"pid": "A003763487", "type": "bf:Person", "preferred_name": "Roth, Anthony", "authorized_access_point": "Roth, Anthony", "md5": "9e6bbc2bfd98339f1de1ec7f09526d3e", "$schema": "https://mef.rero.ch/schemas/agents_rero/rero-agent-v0.0.1.json"}	1
2026-03-25 19:53:19.194643+00:00	2026-03-25 19:53:19.194643+00:00	9e7dcada-e99a-4140-81f2-f0ec23f8aab3	{"pid": "A003768835", "type": "bf:Person", "preferred_name": "Ruchonnet, Charles", "authorized_access_point": "Ruchonnet, Charles", "md5": "1c52569519e967add8c0e7a814cd1298", "$schema": "https://mef.rero.ch/schemas/agents_rero/rero-agent-v0.0.1.json"}	1
2026-03-25 19:53:19.194664+00:00	2026-03-25 19:53:19.194664+00:00	3b38feb7-f2ab-4e68-b643-71b81a37b04f	{"pid": "A003780412", "type": "bf:Person", "preferred_name": "Salisbury, Harrison Evans", "authorized_access_point": "Salisbury, Harrison Evans", "md5": "4c0de6f372bd5c5dad12ab4a9f062e8c", "$schema": "https://mef.rero.ch/schemas/agents_rero/rero-agent-v0.0.1.json"}	1
2026-03-25 19:53:19.194685+00:00	2026-03-25 19:53:19.194685+00:00	e7fb5490-95a5-49b6-8be4-319992bed376	{"pid": "A003781775", "type": "bf:Person", "preferred_name": "Salter, Richard", "authorized_access_point": "Salter, Richard", "md5": "c34095a8199d3f6ba473a85e979f8aac", "$schema": "https://mef.rero.ch/schemas/agents_rero/rero-agent-v0.0.1.json"}	1
2026-03-25 19:53:19.194706+00:00	2026-03-25 19:53:19.194706+00:00	b1b1fa1f-a9cc-4fdd-ad9e-2c2dfba8aefe	{"pid": "A003782234", "type": "bf:Person", "preferred_name": "Salv\\u00e1, Vicente", "authorized_access_point": "Salv\\u00e1, Vicente", "md5": "8133144d508ba9ff504924b40cf8c15e", "$schema": "https://mef.rero.ch/schemas/agents_rero/rero-agent-v0.0.1.json"}	1
2026-03-25 19:53:19.194728+00:00	2026-03-25 19:53:19.194728+00:00	6c6a2084-23f2-41e7-b561-bfa6cc54808a	{"pid": "A003783872", "type": "bf:Person", "preferred_name": "Sanders, Cornelis", "authorized_access_point": "Sanders, Cornelis", "md5": "ed367f0074ecbbf0feec6f88cc601104", "$schema": "https://mef.rero.ch/schemas/agents_rero/rero-agent-v0.0.1.json"}	1
2026-03-25 19:53:19.194749+00:00	2026-03-25 19:53:19.194749+00:00	44e5f3af-8540-4454-9225-ef85e4cbdf9c	{"pid": "A003788311", "type": "bf:Person", "preferred_name": "Saunier, Richard E", "authorized_access_point": "Saunier, Richard E", "md5": "8933a9359b2c89baaabb20245609db41", "$schema": "https://mef.rero.ch/schemas/agents_rero/rero-agent-v0.0.1.json"}	1
2026-03-25 19:53:19.194774+00:00	2026-03-25 19:53:19.194774+00:00	438ce8a5-65e8-44cc-8737-469301eab772	{"pid": "A003789261", "type": "bf:Person", "variant_name": ["Savile, Douglas B. O.,", "Savile, Douglas Barton Osborne,"], "date_of_birth": "1909", "date_of_death": "2000", "preferred_name": "Savile, D. B. O.,", "variant_access_point": ["Savile, Douglas B. O., 1909-2000", "Savile, Douglas Barton Osborne, 1909-2000"], "authorized_access_point": "Savile, D. B. O., 1909-2000", "biographical_information": ["Mycologue, phytopathologiste et biologiste canadien d'origine irlandaise"], "md5": "26485ca9442271dee2341f660571d8c4", "$schema": "https://mef.rero.ch/schemas/agents_rero/rero-agent-v0.0.1.json"}	1
2026-03-25 19:53:19.194798+00:00	2026-03-25 19:53:19.194798+00:00	9fef4d7d-850e-4c5c-87e6-c7d20221049e	{"pid": "A003794166", "type": "bf:Person", "preferred_name": "Schelauske, Hans Dieter", "authorized_access_point": "Schelauske, Hans Dieter", "md5": "39be83a0af8c2adf853b41eabe1bdc2b", "$schema": "https://mef.rero.ch/schemas/agents_rero/rero-agent-v0.0.1.json"}	1
2026-03-25 19:53:19.194829+00:00	2026-03-25 19:53:19.194829+00:00	00b1662e-8793-410f-8092-b3810b330108	{"pid": "A003794394", "type": "bf:Person", "preferred_name": "Schellhase, Karl", "authorized_access_point": "Schellhase, Karl", "md5": "7c025ed427cd0b1f06dc1aee401c9ab3", "$schema": "https://mef.rero.ch/schemas/agents_rero/rero-agent-v0.0.1.json"}	1
2026-03-25 19:53:19.194900+00:00	2026-03-25 19:53:19.194900+00:00	604ac34a-5c10-41b7-9482-40cf1efa04c2	{"pid": "A003794788", "type": "bf:Person", "preferred_name": "Schenker, Franz", "authorized_access_point": "Schenker, Franz", "md5": "36a0db12a0e42c529339cf856c9eafb2", "$schema": "https://mef.rero.ch/schemas/agents_rero/rero-agent-v0.0.1.json"}	1
2026-03-25 19:53:19.195426+00:00	2026-03-25 19:53:19.195426+00:00	53742892-fc7d-4f76-a8d7-7ab6928fa64a	{"pid": "A003795823", "type": "bf:Person", "preferred_name": "Schick, Frederic", "authorized_access_point": "Schick, Frederic", "md5": "1ba74feb1f4ad9615aa5a297a8adc641", "$schema": "https://mef.rero.ch/schemas/agents_rero/rero-agent-v0.0.1.json"}	1
2026-03-25 19:53:19.195450+00:00	2026-03-25 19:53:19.195450+00:00	a925eb52-78a6-40cf-aa32-f768212d793d	{"pid": "A003795824", "type": "bf:Person", "preferred_name": "Schick, Friedrike", "authorized_access_point": "Schick, Friedrike", "md5": "893e0737aa26c600b2a1da2f2c505711", "$schema": "https://mef.rero.ch/schemas/agents_rero/rero-agent-v0.0.1.json"}	1
2026-03-25 19:53:19.195473+00:00	2026-03-25 19:53:19.195473+00:00	06abd1b4-549f-4fa2-999d-6824902389a5	{"pid": "A003797257", "type": "bf:Person", "preferred_name": "Schipper, Lee", "authorized_access_point": "Schipper, Lee", "md5": "168611a224988b71adacdbb3ce964503", "$schema": "https://mef.rero.ch/schemas/agents_rero/rero-agent-v0.0.1.json"}	1
2026-03-25 19:53:19.195495+00:00	2026-03-25 19:53:19.195495+00:00	4994be63-0a08-4947-8140-9ffd89d3e1d5	{"pid": "A003808479", "type": "bf:Person", "preferred_name": "Schuessler, Karl", "authorized_access_point": "Schuessler, Karl", "md5": "01e003071eb02b58c6a65140e54f4328", "$schema": "https://mef.rero.ch/schemas/agents_rero/rero-agent-v0.0.1.json"}	1
2026-03-25 19:53:19.195534+00:00	2026-03-25 19:53:19.195534+00:00	30e19956-fb22-429a-a9cb-7110c5310a44	{"pid": "A003808958", "type": "bf:Person", "preferred_name": "Schulte, Doris", "authorized_access_point": "Schulte, Doris", "md5": "c1775d0d9c849ad539ce5a6303bba497", "$schema": "https://mef.rero.ch/schemas/agents_rero/rero-agent-v0.0.1.json"}	1
2026-03-25 19:53:19.195557+00:00	2026-03-25 19:53:19.195557+00:00	d91df2df-2d4f-4a08-92c5-f81b368ebe7c	{"pid": "A003809251", "type": "bf:Person", "preferred_name": "Schultz, Eugen", "parallel_access_point": ["\\u0428\\u0443\\u043b\\u044c\\u0446, \\u0415\\u0432\\u0433\\u0435\\u043d\\u0438\\u0439"], "authorized_access_point": "Schultz, Eugen", "md5": "bbd529234b711056aac3d79ea628fe6d", "$schema": "https://mef.rero.ch/schemas/agents_rero/rero-agent-v0.0.1.json"}	1
2026-03-25 19:53:19.195581+00:00	2026-03-25 19:53:19.195581+00:00	369ace6e-fa1b-45a8-9ca3-36491162b9e0	{"pid": "A003811660", "type": "bf:Person", "preferred_name": "Schwartz, Baruch J", "authorized_access_point": "Schwartz, Baruch J", "md5": "751354c9e192c980099db7a7896ecfc4", "$schema": "https://mef.rero.ch/schemas/agents_rero/rero-agent-v0.0.1.json"}	1
2026-03-25 19:53:19.195601+00:00	2026-03-25 19:53:19.195601+00:00	a61ed277-923c-41d1-90f2-2438d97ad073	{"pid": "A003813334", "type": "bf:Person", "preferred_name": "Schwersky, Uwe", "authorized_access_point": "Schwersky, Uwe", "md5": "d0b9af4c905880cd22d64dc8a9120fdc", "$schema": "https://mef.rero.ch/schemas/agents_rero/rero-agent-v0.0.1.json"}	1
2026-03-25 19:53:19.195622+00:00	2026-03-25 19:53:19.195622+00:00	d3381460-faba-4d83-8de7-2dfa7563699f	{"pid": "A003817832", "type": "bf:Person", "preferred_name": "Seebohm, Thomas M", "authorized_access_point": "Seebohm, Thomas M", "md5": "47aef29251114a66fc46810f861f17fb", "$schema": "https://mef.rero.ch/schemas/agents_rero/rero-agent-v0.0.1.json"}	1
2026-03-25 19:53:19.195643+00:00	2026-03-25 19:53:19.195643+00:00	27cd8553-5b03-4a2f-a4ba-cfa92a42a89e	{"pid": "A003819619", "type": "bf:Person", "preferred_name": "Seitz, Karl Joseph", "authorized_access_point": "Seitz, Karl Joseph", "md5": "46dc19e4c54d02feb05620b7ab6c3681", "$schema": "https://mef.rero.ch/schemas/agents_rero/rero-agent-v0.0.1.json"}	1
2026-03-25 19:53:19.195668+00:00	2026-03-25 19:53:19.195668+00:00	99ac9276-3283-4f2c-95e3-623e9a6f3f07	{"pid": "A003822497", "type": "bf:Person", "preferred_name": "Sereni, Ada", "authorized_access_point": "Sereni, Ada", "md5": "7743ca8dec09488a8fa6d9b2e96ec8e0", "$schema": "https://mef.rero.ch/schemas/agents_rero/rero-agent-v0.0.1.json"}	1
2026-03-25 19:53:19.195690+00:00	2026-03-25 19:53:19.195690+00:00	423e63b9-0d08-48bb-baf7-c1860da9a646	{"pid": "A003825451", "type": "bf:Person", "preferred_name": "Shanks, Daniel", "authorized_access_point": "Shanks, Daniel", "md5": "7273e8f1f57240b1d26abe4b77567c6c", "$schema": "https://mef.rero.ch/schemas/agents_rero/rero-agent-v0.0.1.json"}	1
2026-03-25 19:53:19.195711+00:00	2026-03-25 19:53:19.195711+00:00	b52620cc-0a56-4ec5-9199-6afbf6fab9b8	{"pid": "A003827438", "type": "bf:Person", "preferred_name": "Sherman, Paul B", "authorized_access_point": "Sherman, Paul B", "md5": "00cffeb4456c8554add726018528e70d", "$schema": "https://mef.rero.ch/schemas/agents_rero/rero-agent-v0.0.1.json"}	1
2026-03-25 19:53:19.195733+00:00	2026-03-25 19:53:19.195733+00:00	eb72dab3-7387-4534-ab1e-f87c60e22492	{"pid": "A003827929", "type": "bf:Person", "preferred_name": "Shimizu, Akitoshi", "authorized_access_point": "Shimizu, Akitoshi", "md5": "a8880386c56f3df56b7588554c5ed760", "$schema": "https://mef.rero.ch/schemas/agents_rero/rero-agent-v0.0.1.json"}	1
2026-03-25 19:53:19.195753+00:00	2026-03-25 19:53:19.195753+00:00	2e1e855e-025a-471e-929f-1902182f23db	{"pid": "A003829549", "type": "bf:Person", "preferred_name": "Siddiqi, M.M", "authorized_access_point": "Siddiqi, M.M", "md5": "f7be9781048ef7f4da307ed3f0b505b5", "$schema": "https://mef.rero.ch/schemas/agents_rero/rero-agent-v0.0.1.json"}	1
2026-03-25 19:53:19.195775+00:00	2026-03-25 19:53:19.195775+00:00	4eeaced6-a5e6-4fc7-973b-97808eba74c8	{"pid": "A003830445", "type": "bf:Person", "preferred_name": "Siegmund, Bernhard", "authorized_access_point": "Siegmund, Bernhard", "md5": "6516f90344222bf355fd0158b2426859", "$schema": "https://mef.rero.ch/schemas/agents_rero/rero-agent-v0.0.1.json"}	1
2026-03-25 19:53:19.195809+00:00	2026-03-25 19:53:19.195809+00:00	ca76ad86-a522-4725-9b59-8f9272f90fc1	{"pid": "A003833071", "type": "bf:Person", "preferred_name": "Simon, George T", "authorized_access_point": "Simon, George T", "md5": "26bcfd8c291097dc349dc1e9685462f1", "$schema": "https://mef.rero.ch/schemas/agents_rero/rero-agent-v0.0.1.json"}	1
2026-03-25 19:53:19.195830+00:00	2026-03-25 19:53:19.195830+00:00	53848449-71f4-4469-a8e6-88f044c35183	{"pid": "A003835588", "type": "bf:Person", "preferred_name": "Sirch, Bernhard", "authorized_access_point": "Sirch, Bernhard", "md5": "fe2a1ed4c1fe3b8d48b97ce74f134059", "$schema": "https://mef.rero.ch/schemas/agents_rero/rero-agent-v0.0.1.json"}	1
2026-03-25 19:53:19.195852+00:00	2026-03-25 19:53:19.195852+00:00	d97a2f33-6178-4d28-8549-48eeba42a83a	{"pid": "A003839353", "type": "bf:Person", "preferred_name": "Smith, Hilrie Shelton", "authorized_access_point": "Smith, Hilrie Shelton", "md5": "7d9dd8011ed0d876d537d9721088dcee", "$schema": "https://mef.rero.ch/schemas/agents_rero/rero-agent-v0.0.1.json"}	1
2026-03-25 19:53:19.195874+00:00	2026-03-25 19:53:19.195874+00:00	33466c58-3474-41e2-953c-b8e30b154ef4	{"pid": "A003840255", "type": "bf:Person", "preferred_name": "Smithback, John B", "authorized_access_point": "Smithback, John B", "md5": "ac0ef30c69fd3502f5c489b0544b19c2", "$schema": "https://mef.rero.ch/schemas/agents_rero/rero-agent-v0.0.1.json"}	1
2026-03-25 19:53:19.195895+00:00	2026-03-25 19:53:19.195895+00:00	c56409eb-6cdd-4715-abac-ff7d64bb9516	{"pid": "A003840370", "type": "bf:Person", "preferred_name": "Smoje, Dujka", "authorized_access_point": "Smoje, Dujka", "md5": "0827d0168590c93d80c0ff2cffc012bd", "$schema": "https://mef.rero.ch/schemas/agents_rero/rero-agent-v0.0.1.json"}	1
2026-03-25 19:53:19.195916+00:00	2026-03-25 19:53:19.195916+00:00	7adee27e-9797-4321-a13f-16b370136188	{"pid": "A003840561", "type": "bf:Person", "preferred_name": "Smyth, Alfred P", "authorized_access_point": "Smyth, Alfred P", "md5": "7c13cfa955a493344e08b5f5e40ece51", "$schema": "https://mef.rero.ch/schemas/agents_rero/rero-agent-v0.0.1.json"}	1
2026-03-25 19:53:19.195938+00:00	2026-03-25 19:53:19.195938+00:00	a214e3db-dc98-4f3a-8498-c17929347025	{"pid": "A003842524", "type": "bf:Organisation", "conference": false, "preferred_name": "Societ\\u00e0 napoletana di storia patria", "authorized_access_point": "Societ\\u00e0 napoletana di storia patria", "md5": "715a33ba4e3671f354f03ba9e2d91790", "$schema": "https://mef.rero.ch/schemas/agents_rero/rero-agent-v0.0.1.json"}	1
2026-03-25 19:53:19.195961+00:00	2026-03-25 19:53:19.195961+00:00	63437887-ce06-40c3-8f03-5f7fab416631	{"pid": "A003845264", "type": "bf:Organisation", "conference": false, "preferred_name": "Soci\\u00e9t\\u00e9 mycologique de France", "authorized_access_point": "Soci\\u00e9t\\u00e9 mycologique de France", "md5": "29a13a1eea8577a7fbf5fe5a68aaff73", "$schema": "https://mef.rero.ch/schemas/agents_rero/rero-agent-v0.0.1.json"}	1
2026-03-25 19:53:19.195984+00:00	2026-03-25 19:53:19.195984+00:00	258f8d17-1e71-4d47-85a1-22ffc2be1721	{"pid": "A003849275", "type": "bf:Person", "preferred_name": "Sorabji, Corn\\u00e9lia", "authorized_access_point": "Sorabji, Corn\\u00e9lia", "md5": "2ef9cb9035b75cf4b6a2d020e58ce8f7", "$schema": "https://mef.rero.ch/schemas/agents_rero/rero-agent-v0.0.1.json"}	1
2026-03-25 19:53:19.196006+00:00	2026-03-25 19:53:19.196006+00:00	9752d5ee-e585-4506-8d84-3e1096e52a4a	{"pid": "A003849995", "type": "bf:Person", "preferred_name": "Sotto, Wiveca", "authorized_access_point": "Sotto, Wiveca", "md5": "2810efe759af45ba5e52c0c449cd98dc", "$schema": "https://mef.rero.ch/schemas/agents_rero/rero-agent-v0.0.1.json"}	1
2026-03-25 19:53:19.196028+00:00	2026-03-25 19:53:19.196028+00:00	87660d45-2a0b-4768-88a4-70909bc7ec89	{"pid": "A003852855", "type": "bf:Person", "preferred_name": "Sperry, Stuart M", "authorized_access_point": "Sperry, Stuart M", "md5": "b96f19f287552a23bc1989d110b61b59", "$schema": "https://mef.rero.ch/schemas/agents_rero/rero-agent-v0.0.1.json"}	1
2026-03-25 19:53:19.196050+00:00	2026-03-25 19:53:19.196050+00:00	72dd5ff2-f626-42db-8401-1e640681edee	{"pid": "A003853351", "type": "bf:Person", "preferred_name": "Spiess, Bernhard", "authorized_access_point": "Spiess, Bernhard", "md5": "856d2dcba8953772cf1adda7a01ba838", "$schema": "https://mef.rero.ch/schemas/agents_rero/rero-agent-v0.0.1.json"}	1
2026-03-25 19:53:19.196071+00:00	2026-03-25 19:53:19.196071+00:00	a6b457ce-0cff-4da8-b35d-163b55336bdf	{"pid": "A003854679", "type": "bf:Person", "preferred_name": "Spray, S.Lee", "authorized_access_point": "Spray, S.Lee", "md5": "4ffdb1cd45be2258b055941d31b54950", "$schema": "https://mef.rero.ch/schemas/agents_rero/rero-agent-v0.0.1.json"}	1
2026-03-25 19:53:19.196093+00:00	2026-03-25 19:53:19.196093+00:00	9697f2ea-7cd9-49bc-b463-2d06c31119dd	{"pid": "A003861370", "type": "bf:Person", "preferred_name": "Steinbr\\u00fcgge, Lieselotte", "authorized_access_point": "Steinbr\\u00fcgge, Lieselotte", "md5": "a310ef500f92547ecf5f6597d5435ece", "$schema": "https://mef.rero.ch/schemas/agents_rero/rero-agent-v0.0.1.json"}	1
2026-03-25 19:53:19.196115+00:00	2026-03-25 19:53:19.196115+00:00	a7d1aea1-ae1c-4c43-8b12-60703b5d6538	{"pid": "A003863577", "type": "bf:Person", "preferred_name": "Stern, Guy", "authorized_access_point": "Stern, Guy", "md5": "cc6b40db8c9acc5209031ef03aa7b472", "$schema": "https://mef.rero.ch/schemas/agents_rero/rero-agent-v0.0.1.json"}	1
2026-03-25 19:53:19.196137+00:00	2026-03-25 19:53:19.196137+00:00	1d981236-979c-48e1-ac50-178116ecf2a2	{"pid": "A003870613", "type": "bf:Person", "preferred_name": "Strobel, Howard Austin", "authorized_access_point": "Strobel, Howard Austin", "md5": "22dedfefebabd33bebc9bbe21f0e75a1", "$schema": "https://mef.rero.ch/schemas/agents_rero/rero-agent-v0.0.1.json"}	1
2026-03-25 19:53:19.196159+00:00	2026-03-25 19:53:19.196159+00:00	21e9b566-cf24-4dd1-be39-1d48c57894fe	{"pid": "A003881754", "type": "bf:Person", "preferred_name": "Syreeni, Kari", "authorized_access_point": "Syreeni, Kari", "md5": "91ca3026a02d752c3231eddff8b05da2", "$schema": "https://mef.rero.ch/schemas/agents_rero/rero-agent-v0.0.1.json"}	1
2026-03-25 19:53:19.196181+00:00	2026-03-25 19:53:19.196181+00:00	b8e0a0b8-8aa0-4f50-b1e0-f35d5748d8b7	{"pid": "A003883009", "type": "bf:Person", "preferred_name": "S\\u00f6lter, Walter", "authorized_access_point": "S\\u00f6lter, Walter", "md5": "4c78f228e828f6c2188f706899fb6a1f", "$schema": "https://mef.rero.ch/schemas/agents_rero/rero-agent-v0.0.1.json"}	1
2026-03-25 19:53:19.196212+00:00	2026-03-25 19:53:19.196212+00:00	08a3cf38-d989-4bca-9f7c-b93b0405d5f0	{"pid": "A003883330", "type": "bf:Person", "preferred_name": "S\\u00e1nchez Caro, Jos\\u00e9 Manuel", "authorized_access_point": "S\\u00e1nchez Caro, Jos\\u00e9 Manuel", "md5": "f4fb10d856b678ca0f3e25aec98501f0", "$schema": "https://mef.rero.ch/schemas/agents_rero/rero-agent-v0.0.1.json"}	1
2026-03-25 19:53:19.196234+00:00	2026-03-25 19:53:19.196234+00:00	76c7fb79-2fd9-471e-83e9-2dbf05777ccc	{"pid": "A003883717", "type": "bf:Person", "preferred_name": "S\\u00e9ebold, \\u00c9ric", "authorized_access_point": "S\\u00e9ebold, \\u00c9ric", "md5": "144420c81c24f97d8de7a8cb4862e63f", "$schema": "https://mef.rero.ch/schemas/agents_rero/rero-agent-v0.0.1.json"}	1
2026-03-25 19:53:19.196256+00:00	2026-03-25 19:53:19.196256+00:00	b6dbef21-c8ad-438a-9fd0-4b26af2f60e1	{"pid": "A003883777", "type": "bf:Person", "preferred_name": "S\\u00e9gur, Claudine", "authorized_access_point": "S\\u00e9gur, Claudine", "md5": "2daaa74b4630a6fe185f53c1d0a610d1", "$schema": "https://mef.rero.ch/schemas/agents_rero/rero-agent-v0.0.1.json"}	1
2026-03-25 19:53:19.196278+00:00	2026-03-25 19:53:19.196278+00:00	299626c3-4ebf-42e4-83ae-97ed3be4db9c	{"pid": "A003886758", "type": "bf:Person", "preferred_name": "Tamassia, Roberto", "authorized_access_point": "Tamassia, Roberto", "md5": "1eaa933c1bd6095af9d146e242f69e87", "$schema": "https://mef.rero.ch/schemas/agents_rero/rero-agent-v0.0.1.json"}	1
2026-03-25 19:53:19.196299+00:00	2026-03-25 19:53:19.196299+00:00	b12e23a2-9e08-4d2a-a135-44eba940acee	{"pid": "A003889324", "type": "bf:Person", "preferred_name": "Taubman, Howard", "authorized_access_point": "Taubman, Howard", "md5": "d7f94ad01d3f9534f3ce37280af98b78", "$schema": "https://mef.rero.ch/schemas/agents_rero/rero-agent-v0.0.1.json"}	1
2026-03-25 19:53:19.196365+00:00	2026-03-25 19:53:19.196365+00:00	8a60ac6d-0170-4a1f-83ae-48ac515d2e2e	{"pid": "A003890737", "type": "bf:Person", "preferred_name": "Te Riele, Gerrit Jan Marie Jozef", "authorized_access_point": "Te Riele, Gerrit Jan Marie Jozef", "md5": "edd1402664620b4cb96f4625963c4979", "$schema": "https://mef.rero.ch/schemas/agents_rero/rero-agent-v0.0.1.json"}	1
2026-03-25 19:53:19.196399+00:00	2026-03-25 19:53:19.196399+00:00	b542dc57-52bb-4b01-91f3-19e4ac95a4c8	{"pid": "A003895492", "type": "bf:Person", "preferred_name": "Theureau, Louis", "authorized_access_point": "Theureau, Louis", "md5": "4b996662717fff23168cab1b8b9e224e", "$schema": "https://mef.rero.ch/schemas/agents_rero/rero-agent-v0.0.1.json"}	1
2026-03-25 19:53:19.196425+00:00	2026-03-25 19:53:19.196425+00:00	5cd4785c-6259-4306-a802-46de9c117ae0	{"pid": "A003899816", "type": "bf:Person", "preferred_name": "Thurlow, Bradbury K", "authorized_access_point": "Thurlow, Bradbury K", "md5": "7428237ff173db361214f467aa75c326", "$schema": "https://mef.rero.ch/schemas/agents_rero/rero-agent-v0.0.1.json"}	1
2026-03-25 19:53:19.196450+00:00	2026-03-25 19:53:19.196450+00:00	ea2791e5-a2f7-4b15-9ca3-063622b75af5	{"pid": "A003902263", "type": "bf:Person", "preferred_name": "Tinsley, B", "authorized_access_point": "Tinsley, B", "md5": "ce9fea6a5380228edb91485c6e42009a", "$schema": "https://mef.rero.ch/schemas/agents_rero/rero-agent-v0.0.1.json"}	1
2026-03-25 19:53:19.196474+00:00	2026-03-25 19:53:19.196474+00:00	f1c5fd80-24c0-42db-bfe1-1eb7842c3f9b	{"pid": "A003905474", "type": "bf:Person", "preferred_name": "Tophoven, Klaus", "authorized_access_point": "Tophoven, Klaus", "md5": "ec4a775116fa928d80de595e6eb38267", "$schema": "https://mef.rero.ch/schemas/agents_rero/rero-agent-v0.0.1.json"}	1
2026-03-25 19:53:19.196497+00:00	2026-03-25 19:53:19.196497+00:00	01deaa3d-26f3-4d0c-8670-6e3b178a9811	{"pid": "A003913856", "type": "bf:Person", "preferred_name": "Tsuda, Yukio", "authorized_access_point": "Tsuda, Yukio", "md5": "8d07723eb9c966df39c16513d7d0c106", "$schema": "https://mef.rero.ch/schemas/agents_rero/rero-agent-v0.0.1.json"}	1
2026-03-25 19:53:19.196521+00:00	2026-03-25 19:53:19.196521+00:00	3d5d2858-1fdd-475d-bb42-1b1ec76eb974	{"pid": "A003919082", "type": "bf:Person", "preferred_name": "Ulstrup, Jens", "authorized_access_point": "Ulstrup, Jens", "md5": "0630d82ef037ca7542b0162c2bb507ab", "$schema": "https://mef.rero.ch/schemas/agents_rero/rero-agent-v0.0.1.json"}	1
2026-03-25 19:53:19.196543+00:00	2026-03-25 19:53:19.196543+00:00	95a53a1e-61c4-4764-9b7d-24a00b6c363a	{"pid": "A003936311", "type": "bf:Person", "preferred_name": "Venturelli, Aldo", "authorized_access_point": "Venturelli, Aldo", "md5": "a9db05226c61560db93c924d6b790b22", "$schema": "https://mef.rero.ch/schemas/agents_rero/rero-agent-v0.0.1.json"}	1
2026-03-25 19:53:19.196566+00:00	2026-03-25 19:53:19.196566+00:00	5cbd2947-c848-48f8-b76e-cdff0f1eb062	{"pid": "A003943767", "type": "bf:Person", "preferred_name": "Vimond, Jack", "authorized_access_point": "Vimond, Jack", "md5": "7bef9df4913b04efbb4d9991b174a354", "$schema": "https://mef.rero.ch/schemas/agents_rero/rero-agent-v0.0.1.json"}	1
2026-03-25 19:53:19.196588+00:00	2026-03-25 19:53:19.196588+00:00	d889631d-9697-4303-a6ec-afffbc9c019f	{"pid": "A003947464", "type": "bf:Person", "preferred_name": "Vogelsang-Wenke, Heike", "authorized_access_point": "Vogelsang-Wenke, Heike", "md5": "751fca0c03a927c1ae816a98ad864610", "$schema": "https://mef.rero.ch/schemas/agents_rero/rero-agent-v0.0.1.json"}	1
2026-03-25 19:53:19.196611+00:00	2026-03-25 19:53:19.196611+00:00	e49d178c-3ae4-4bd1-a793-ad8d3618d635	{"pid": "A003948416", "type": "bf:Person", "preferred_name": "Volk, Klaus", "authorized_access_point": "Volk, Klaus", "md5": "e28fdc118160e32cbc821d5607bb135f", "$schema": "https://mef.rero.ch/schemas/agents_rero/rero-agent-v0.0.1.json"}	1
2026-03-25 19:53:19.196633+00:00	2026-03-25 19:53:19.196633+00:00	a4a0904a-73d0-4eb6-baf0-7b00e16e43cc	{"pid": "A003958822", "type": "bf:Person", "preferred_name": "Warren, Katherine F", "authorized_access_point": "Warren, Katherine F", "md5": "1ea33f4ddee075492ccb912330cd5897", "$schema": "https://mef.rero.ch/schemas/agents_rero/rero-agent-v0.0.1.json"}	1
2026-03-25 19:53:19.196656+00:00	2026-03-25 19:53:19.196656+00:00	474fae87-3518-40f8-b67b-9a1a30dc7b2a	{"pid": "A003966124", "type": "bf:Person", "preferred_name": "Weisz, Paul B", "authorized_access_point": "Weisz, Paul B", "md5": "daab694aff1f4a72a34bbf98a5f92732", "$schema": "https://mef.rero.ch/schemas/agents_rero/rero-agent-v0.0.1.json"}	1
2026-03-25 19:53:19.196694+00:00	2026-03-25 19:53:19.196694+00:00	f5fa56ba-86ac-468c-842f-ce07a97f5f5a	{"pid": "A003967245", "type": "bf:Person", "preferred_name": "Wemba, Papa", "authorized_access_point": "Wemba, Papa", "md5": "0e886f29b4537d8db92658f3bb90a874", "$schema": "https://mef.rero.ch/schemas/agents_rero/rero-agent-v0.0.1.json"}	1
2026-03-25 19:53:19.196718+00:00	2026-03-25 19:53:19.196718+00:00	53e434d9-eaf9-4ca8-b7c3-4a102ef039ee	{"pid": "A003969580", "type": "bf:Person", "preferred_name": "Westbrook, Jack Hall", "authorized_access_point": "Westbrook, Jack Hall", "md5": "43d78000f3c56a32d95d8e0246b2f8d3", "$schema": "https://mef.rero.ch/schemas/agents_rero/rero-agent-v0.0.1.json"}	1
2026-03-25 19:53:19.196740+00:00	2026-03-25 19:53:19.196740+00:00	8888bcf7-aa99-4645-93cc-d5ab1876bed2	{"pid": "A003969900", "type": "bf:Person", "preferred_name": "Westi, Kurt", "authorized_access_point": "Westi, Kurt", "md5": "f8548b8a30b1372487b3fa69e10a41f5", "$schema": "https://mef.rero.ch/schemas/agents_rero/rero-agent-v0.0.1.json"}	1
2026-03-25 19:53:19.196762+00:00	2026-03-25 19:53:19.196762+00:00	84b72b9e-74a1-43a4-a7ed-25d652687da9	{"pid": "A003971618", "type": "bf:Person", "preferred_name": "White, Miriam Harker", "authorized_access_point": "White, Miriam Harker", "md5": "69f49fd7ed4b4c163949466291bb0338", "$schema": "https://mef.rero.ch/schemas/agents_rero/rero-agent-v0.0.1.json"}	1
2026-03-25 19:53:19.196784+00:00	2026-03-25 19:53:19.196784+00:00	0a1e0be9-ad31-4f2a-a396-bda37d5760f4	{"pid": "A003973251", "type": "bf:Person", "preferred_name": "Widstrand, Axel", "authorized_access_point": "Widstrand, Axel", "md5": "fac721937470655acd81c2d6105c3863", "$schema": "https://mef.rero.ch/schemas/agents_rero/rero-agent-v0.0.1.json"}	1
2026-03-25 19:53:19.196806+00:00	2026-03-25 19:53:19.196806+00:00	0d3f7a53-64d0-4296-8039-508ad56e3f62	{"pid": "A003975282", "type": "bf:Person", "preferred_name": "Wildeboer, Ina Hinderika", "authorized_access_point": "Wildeboer, Ina Hinderika", "md5": "df160d951fdedf7d555ead28b5072451", "$schema": "https://mef.rero.ch/schemas/agents_rero/rero-agent-v0.0.1.json"}	1
2026-03-25 19:53:19.196831+00:00	2026-03-25 19:53:19.196831+00:00	31aa7f9f-91e2-4eab-b7cd-7e44ccb68128	{"pid": "A003981555", "type": "bf:Person", "variant_name": ["With, Hans-Joachim de", "De With, Hans-Joachim"], "preferred_name": "With, Hans de", "variant_access_point": ["With, Hans-Joachim de", "De With, Hans-Joachim"], "authorized_access_point": "With, Hans de", "biographical_information": ["Juriste allemand, n\\u00e9 \\u00e0 Gera/Th\\u00fcringen en 1932"], "md5": "8651ec0c5dffdd71ff8fe7f23b3a0c74", "$schema": "https://mef.rero.ch/schemas/agents_rero/rero-agent-v0.0.1.json"}	1
2026-03-25 19:53:19.196857+00:00	2026-03-25 19:53:19.196857+00:00	49f9793e-3d65-4228-b883-6789729b3861	{"pid": "A003981870", "type": "bf:Person", "preferred_name": "Witte, Siegfried", "authorized_access_point": "Witte, Siegfried", "md5": "5ee9f6c5a5c336570eaa5fa028950ac8", "$schema": "https://mef.rero.ch/schemas/agents_rero/rero-agent-v0.0.1.json"}	1
2026-03-25 19:53:19.196879+00:00	2026-03-25 19:53:19.196879+00:00	0c5706ae-8b98-4467-b06e-0940c430a0f2	{"pid": "A003984942", "type": "bf:Person", "preferred_name": "Wood, Donald Francis", "authorized_access_point": "Wood, Donald Francis", "md5": "0b08ac8a9080d31e92bf12564987dc8c", "$schema": "https://mef.rero.ch/schemas/agents_rero/rero-agent-v0.0.1.json"}	1
2026-03-25 19:53:19.196901+00:00	2026-03-25 19:53:19.196901+00:00	9489772e-2973-4151-9874-03ccf009c0cc	{"pid": "A003985806", "type": "bf:Person", "preferred_name": "Woolson, Robert F", "authorized_access_point": "Woolson, Robert F", "md5": "bcd02b41fcd53e37eb431892626545be", "$schema": "https://mef.rero.ch/schemas/agents_rero/rero-agent-v0.0.1.json"}	1
2026-03-25 19:53:19.196923+00:00	2026-03-25 19:53:19.196923+00:00	c6c03afd-fa3c-407e-8613-436f3a051f03	{"pid": "A003988011", "type": "bf:Person", "preferred_name": "Wullaert, Pierre", "authorized_access_point": "Wullaert, Pierre", "md5": "a332c682f69c9a223a6fdbfafc4685b9", "$schema": "https://mef.rero.ch/schemas/agents_rero/rero-agent-v0.0.1.json"}	1
2026-03-25 19:53:19.196944+00:00	2026-03-25 19:53:19.196944+00:00	41935ac5-9bb1-4ea1-b2ac-00ae4b3386c4	{"pid": "A003988126", "type": "bf:Person", "preferred_name": "Wunderlich, Heinz", "authorized_access_point": "Wunderlich, Heinz", "md5": "4535e1d6b9ac1749d483c03fd300e12a", "$schema": "https://mef.rero.ch/schemas/agents_rero/rero-agent-v0.0.1.json"}	1
2026-03-25 19:53:19.196966+00:00	2026-03-25 19:53:19.196966+00:00	aa3d5af6-9353-43e1-8c45-d9b848853e2c	{"pid": "A003990251", "type": "bf:Person", "preferred_name": "Xokonoschtletl, Gomora", "authorized_access_point": "Xokonoschtletl, Gomora", "md5": "1d1344b14a775fc29756958cc8b0282a", "$schema": "https://mef.rero.ch/schemas/agents_rero/rero-agent-v0.0.1.json"}	1
2026-03-25 19:53:19.196989+00:00	2026-03-25 19:53:19.196989+00:00	21f0ab7c-a539-48f3-9a9c-e8047bc8d4e8	{"pid": "A003991229", "type": "bf:Person", "preferred_name": "Yashinsky, Jack", "authorized_access_point": "Yashinsky, Jack", "md5": "34861058690e66ad30de5ab57eeb7c47", "$schema": "https://mef.rero.ch/schemas/agents_rero/rero-agent-v0.0.1.json"}	1
2026-03-25 19:53:19.197011+00:00	2026-03-25 19:53:19.197011+00:00	ccedbf32-9d2a-45d9-90ff-ed6dc284ca45	{"pid": "A003994705", "type": "bf:Person", "preferred_name": "Zameenzad, Adam", "authorized_access_point": "Zameenzad, Adam", "md5": "0d44459b7e0110a79a60a4dd5a300db3", "$schema": "https://mef.rero.ch/schemas/agents_rero/rero-agent-v0.0.1.json"}	1
2026-03-25 19:53:19.197033+00:00	2026-03-25 19:53:19.197033+00:00	54f41507-ec99-4b9d-a674-219fd0505f2f	{"pid": "A003995908", "type": "bf:Person", "preferred_name": "Zatouroff, Michael", "authorized_access_point": "Zatouroff, Michael", "md5": "a66dbd2b74121582c4cec6d48358875d", "$schema": "https://mef.rero.ch/schemas/agents_rero/rero-agent-v0.0.1.json"}	1
2026-03-25 19:53:19.197055+00:00	2026-03-25 19:53:19.197055+00:00	e949319c-3a73-4eec-a7fb-be862dfc86f8	{"pid": "A003999648", "type": "bf:Person", "preferred_name": "Zierl, Andreas", "authorized_access_point": "Zierl, Andreas", "md5": "9502fb18b5213340e5fae98a13192eb9", "$schema": "https://mef.rero.ch/schemas/agents_rero/rero-agent-v0.0.1.json"}	1
2026-03-25 19:53:19.197099+00:00	2026-03-25 19:53:19.197099+00:00	9ccce52c-b99e-4635-a012-155c2c852de2	{"pid": "A005312991", "type": "bf:Organisation", "conference": false, "preferred_name": "Centre d'exp\\u00e9rimentation des packages (Paris)", "authorized_access_point": "Centre d'exp\\u00e9rimentation des packages (Paris)", "biographical_information": ["Jusqu'au 27 juin 1978: Centre d'exp\\u00e9rimentation des packages (Paris)", "D\\u00e8s le 27 juin 1978: Centre d'exp\\u00e9rimentation de progiciels (Paris)"], "md5": "b13d4be7e40e26eb394dd8f6327dd145", "$schema": "https://mef.rero.ch/schemas/agents_rero/rero-agent-v0.0.1.json"}	1
2026-03-25 19:53:19.197140+00:00	2026-03-25 19:53:19.197140+00:00	ea418d70-f21e-4772-8e42-50f74ac24907	{"pid": "A005368039", "type": "bf:Organisation", "conference": false, "preferred_name": "Kantonsschule (Obwalden)", "authorized_access_point": "Kantonsschule (Obwalden)", "biographical_information": ["Avant 1956: Kantonale Lehranstalt (Sarnen)", "De 1956 \\u00e0 1966: Kollegium Sarnen", "D\\u00e8s 1967: Kantonsschule (Obwalden)"], "md5": "0944ce015c957d2bb628d177413caff0", "$schema": "https://mef.rero.ch/schemas/agents_rero/rero-agent-v0.0.1.json"}	1
2026-03-25 19:53:19.197166+00:00	2026-03-25 19:53:19.197166+00:00	7afdd8f2-f6db-4754-9fa2-3292f5ceca5a	{"pid": "A005460720", "type": "bf:Organisation", "conference": false, "preferred_name": "Gesellschaft f\\u00fcr Wirtschafts- und Sozialwissenschaften. Bildungs\\u00f6konomischer Ausschuss", "authorized_access_point": "Gesellschaft f\\u00fcr Wirtschafts- und Sozialwissenschaften. Bildungs\\u00f6konomischer Ausschuss", "md5": "66db270167d5d533f73cdc1fbf86f7d5", "$schema": "https://mef.rero.ch/schemas/agents_rero/rero-agent-v0.0.1.json"}	1
2026-03-25 19:53:19.197193+00:00	2026-03-25 19:53:19.197193+00:00	9fbc01ec-4c68-40a4-9f1a-7d2980382f9a	{"pid": "A005463202", "type": "bf:Organisation", "conference": true, "variant_name": ["International Conference on Economic and Social Aspects of Automation"], "preferred_name": "Journ\\u00e9es internationales d'information sur les implications \\u00e9conomiques et sociales de l'automation", "variant_access_point": ["International Conference on Economic and Social Aspects of Automation"], "authorized_access_point": "Journ\\u00e9es internationales d'information sur les implications \\u00e9conomiques et sociales de l'automation", "md5": "079ec4772af6e1a153eebee282928a3f", "$schema": "https://mef.rero.ch/schemas/agents_rero/rero-agent-v0.0.1.json"}	1
2026-03-25 19:53:19.197221+00:00	2026-03-25 19:53:19.197221+00:00	d43d5eaf-e19e-4ed8-8d4c-e65947bb207a	{"pid": "A005464802", "type": "bf:Organisation", "conference": true, "variant_name": ["International Colloquium on Historical Demography"], "preferred_name": "Colloque international de d\\u00e9mographie historique", "variant_access_point": ["International Colloquium on Historical Demography"], "authorized_access_point": "Colloque international de d\\u00e9mographie historique", "md5": "c31c3fecbb264059ba4ec6bb36b58d1d", "$schema": "https://mef.rero.ch/schemas/agents_rero/rero-agent-v0.0.1.json"}	1
2026-03-25 19:53:19.197248+00:00	2026-03-25 19:53:19.197248+00:00	35124311-1838-4474-b19a-55af12dac461	{"pid": "A005466192", "type": "bf:Organisation", "conference": false, "variant_name": ["Fachverband Elektronenmikroskopie (DDR)"], "preferred_name": "Physikalische Gesellschaft der DDR. Fachverband Elektronenmikroskopie", "variant_access_point": ["Fachverband Elektronenmikroskopie (DDR)"], "authorized_access_point": "Physikalische Gesellschaft der DDR. Fachverband Elektronenmikroskopie", "md5": "0fd9f57010d54697edd68c54412fa218", "$schema": "https://mef.rero.ch/schemas/agents_rero/rero-agent-v0.0.1.json"}	1
2026-03-25 19:53:19.197273+00:00	2026-03-25 19:53:19.197273+00:00	524f8617-0656-422c-ad27-f0012712adb8	{"pid": "A005469950", "type": "bf:Organisation", "conference": false, "variant_name": ["Instituto de cultura portuguesa (Porto)"], "preferred_name": "Universidade do Porto. Instituto de cultura portuguesa", "variant_access_point": ["Instituto de cultura portuguesa (Porto)"], "authorized_access_point": "Universidade do Porto. Instituto de cultura portuguesa", "md5": "541bd910400fcadec439ef16cc83b3b1", "$schema": "https://mef.rero.ch/schemas/agents_rero/rero-agent-v0.0.1.json"}	1
2026-03-25 19:53:19.197297+00:00	2026-03-25 19:53:19.197297+00:00	2581bde8-0ac8-4192-ab45-5d1db82469c9	{"pid": "A005471055", "type": "bf:Organisation", "conference": false, "preferred_name": "Universidade Federal Fluminense", "authorized_access_point": "Universidade Federal Fluminense", "md5": "c85aec09c14d5ea42a13d47c140fc476", "$schema": "https://mef.rero.ch/schemas/agents_rero/rero-agent-v0.0.1.json"}	1
2026-03-25 19:53:19.197322+00:00	2026-03-25 19:53:19.197322+00:00	db3b8a25-bcc9-418c-a8bf-941361051ec7	{"pid": "A005475587", "type": "bf:Organisation", "conference": false, "variant_name": ["Instituto espa\\u00f1ol de cultura y de literatura de Roma", "Instituto espa\\u00f1ol de cultura (Roma)"], "preferred_name": "Instituto espa\\u00f1ol de cultura de Roma", "variant_access_point": ["Instituto espa\\u00f1ol de cultura y de literatura de Roma", "Instituto espa\\u00f1ol de cultura (Roma)"], "authorized_access_point": "Instituto espa\\u00f1ol de cultura de Roma", "md5": "12cde790415d2bc000695234be690eab", "$schema": "https://mef.rero.ch/schemas/agents_rero/rero-agent-v0.0.1.json"}	1
2026-03-25 19:53:19.197351+00:00	2026-03-25 19:53:19.197351+00:00	871ae9da-97ed-4c90-966b-e795ea0ab883	{"pid": "A005480840", "type": "bf:Organisation", "conference": false, "variant_name": ["NSSAR (The National Society of the Sons of the American Revolution)", "Sons of the American Revolution", "Soci\\u00e9t\\u00e9 des fils de la R\\u00e9volution am\\u00e9ricaine"], "preferred_name": "National Society of the Sons of the American Revolution", "variant_access_point": ["NSSAR (The National Society of the Sons of the American Revolution)", "Sons of the American Revolution", "Soci\\u00e9t\\u00e9 des fils de la R\\u00e9volution am\\u00e9ricaine"], "authorized_access_point": "National Society of the Sons of the American Revolution", "md5": "335cf2c6d6dd935c2951ecd5970528a0", "$schema": "https://mef.rero.ch/schemas/agents_rero/rero-agent-v0.0.1.json"}	1
2026-03-25 19:53:19.197381+00:00	2026-03-25 19:53:19.197381+00:00	09a5614f-6467-48d1-ba83-4af138704e2a	{"pid": "A005495353", "type": "bf:Organisation", "conference": false, "variant_name": ["Ordo Carmelitarum", "Fr\\u00e8res du Mont Carmel", "Ordre du Carmel", "Ordre de Notre-Dame du Mont Carmel", "Ordre de la bienheureuse Vierge Marie du Mont Carmel", "Carmes"], "preferred_name": "Ordo fratrum beatissimae Mariae virginis de Monte Carmelo", "variant_access_point": ["Ordo Carmelitarum", "Fr\\u00e8res du Mont Carmel", "Ordre du Carmel", "Ordre de Notre-Dame du Mont Carmel", "Ordre de la bienheureuse Vierge Marie du Mont Carmel", "Carmes"], "authorized_access_point": "Ordo fratrum beatissimae Mariae virginis de Monte Carmelo", "md5": "34d0022816314ac808d5c474c7399bf1", "$schema": "https://mef.rero.ch/schemas/agents_rero/rero-agent-v0.0.1.json"}	1
2026-03-25 19:53:19.197412+00:00	2026-03-25 19:53:19.197412+00:00	840bc660-298a-4c02-b398-0f47840fa7fe	{"pid": "A005496746", "type": "bf:Organisation", "conference": false, "variant_name": ["FSDH (F\\u00e9d\\u00e9ration suisse des directeurs d'h\\u00f4pitaux)", "Schweizerische Vereinigung der Spitaldirektoren", "SVS (Schweizerische Vereinigung der Spitaldirektoren", "Federazione svizzera dei direttori d'ospedale", "FSDO (Federazione svizzera dei direttori d'ospedale)"], "preferred_name": "F\\u00e9d\\u00e9ration suisse des directeurs d'h\\u00f4pitaux", "variant_access_point": ["FSDH (F\\u00e9d\\u00e9ration suisse des directeurs d'h\\u00f4pitaux)", "Schweizerische Vereinigung der Spitaldirektoren", "SVS (Schweizerische Vereinigung der Spitaldirektoren", "Federazione svizzera dei direttori d'ospedale", "FSDO (Federazione svizzera dei direttori d'ospedale)"], "authorized_access_point": "F\\u00e9d\\u00e9ration suisse des directeurs d'h\\u00f4pitaux", "md5": "3b814de7db6521b4c009e94559e7ca3e", "$schema": "https://mef.rero.ch/schemas/agents_rero/rero-agent-v0.0.1.json"}	1
2026-03-25 19:53:19.197449+00:00	2026-03-25 19:53:19.197449+00:00	2abd6212-dd42-4310-ab54-dde3a74b9b96	{"pid": "A005513603", "type": "bf:Person", "date_of_birth": "1966", "preferred_name": "Scholl, Elisabeth,", "authorized_access_point": "Scholl, Elisabeth, 1966-", "biographical_information": ["Artiste lyrique (soprano)"], "md5": "b7d1a1e96b582a102651573e94ea129f", "$schema": "https://mef.rero.ch/schemas/agents_rero/rero-agent-v0.0.1.json"}	1
2026-03-25 19:53:19.197472+00:00	2026-03-25 19:53:19.197472+00:00	a3829541-f058-4bb0-b973-a857dffda0f0	{"pid": "A005522657", "type": "bf:Person", "preferred_name": "Weiberg, Anja", "authorized_access_point": "Weiberg, Anja", "md5": "b348959ca67e0e1b6e5be0e83e0d777a", "$schema": "https://mef.rero.ch/schemas/agents_rero/rero-agent-v0.0.1.json"}	1
2026-03-25 19:53:19.197494+00:00	2026-03-25 19:53:19.197494+00:00	5156aabe-31a4-4b69-bde7-fc23488e1d3b	{"pid": "A005533991", "type": "bf:Person", "preferred_name": "Jha, Kalanath", "authorized_access_point": "Jha, Kalanath", "md5": "a80f2922aff242f24b8781214d872ffb", "$schema": "https://mef.rero.ch/schemas/agents_rero/rero-agent-v0.0.1.json"}	1
2026-03-25 19:53:19.197516+00:00	2026-03-25 19:53:19.197516+00:00	631356fa-1b6e-4ddb-b15d-d75adb2dd4ad	{"pid": "A005558255", "type": "bf:Person", "preferred_name": "Polley, Martin", "authorized_access_point": "Polley, Martin", "md5": "96b68f37c102333cfc54ff2feec816d8", "$schema": "https://mef.rero.ch/schemas/agents_rero/rero-agent-v0.0.1.json"}	1
2026-03-25 19:53:19.197539+00:00	2026-03-25 19:53:19.197539+00:00	a483aa44-31ad-4f1e-9158-762a0844f302	{"pid": "A005570502", "type": "bf:Person", "preferred_name": "Stephan, Werner", "authorized_access_point": "Stephan, Werner", "md5": "0a4780fdc300e2ab69d20ae90d3b546f", "$schema": "https://mef.rero.ch/schemas/agents_rero/rero-agent-v0.0.1.json"}	1
2026-03-25 19:53:19.197561+00:00	2026-03-25 19:53:19.197561+00:00	fa64bb8a-5258-4aa1-a4b2-83ecfaf36817	{"pid": "A005573785", "type": "bf:Organisation", "conference": false, "preferred_name": "Istituto italiano per la storia della musica (Roma)", "authorized_access_point": "Istituto italiano per la storia della musica (Roma)", "md5": "18a1e50e018d5eb8d11d1901fddf85b3", "$schema": "https://mef.rero.ch/schemas/agents_rero/rero-agent-v0.0.1.json"}	1
2026-03-25 19:53:19.197584+00:00	2026-03-25 19:53:19.197584+00:00	c9107971-5bd1-474d-a546-44ee1c3a12f3	{"pid": "A005595559", "type": "bf:Person", "preferred_name": "Komissar\\u017eevskij, Viktor Grigor\\u02beevi\\u010d", "authorized_access_point": "Komissar\\u017eevskij, Viktor Grigor\\u02beevi\\u010d", "md5": "31b9f0af6455f5098a08f208ba57a6a7", "$schema": "https://mef.rero.ch/schemas/agents_rero/rero-agent-v0.0.1.json"}	1
2026-03-25 19:53:19.197606+00:00	2026-03-25 19:53:19.197606+00:00	d80b007c-c702-4936-abc5-a6e49ff62db7	{"pid": "A005599445", "type": "bf:Person", "preferred_name": "Binkley, David A", "authorized_access_point": "Binkley, David A", "md5": "9a79356dcb95ea7e781c466b2867b3ac", "$schema": "https://mef.rero.ch/schemas/agents_rero/rero-agent-v0.0.1.json"}	1
2026-03-25 19:53:19.197627+00:00	2026-03-25 19:53:19.197627+00:00	35945ff0-6733-4717-917f-3a73bb90609d	{"pid": "A005605846", "type": "bf:Person", "preferred_name": "Fabian, Anton", "authorized_access_point": "Fabian, Anton", "md5": "0a69e126345ca6735e62e55892708181", "$schema": "https://mef.rero.ch/schemas/agents_rero/rero-agent-v0.0.1.json"}	1
2026-03-25 19:53:19.197649+00:00	2026-03-25 19:53:19.197649+00:00	116d85a8-e7d2-4fa3-a704-ede365cc46e6	{"pid": "A005621817", "type": "bf:Organisation", "conference": false, "preferred_name": "Thomas-Morus-Gesellschaft", "authorized_access_point": "Thomas-Morus-Gesellschaft", "md5": "59cd72738d3da86c3e2a7d8e7fc443d2", "$schema": "https://mef.rero.ch/schemas/agents_rero/rero-agent-v0.0.1.json"}	1
2026-03-25 19:53:19.197671+00:00	2026-03-25 19:53:19.197671+00:00	1c12b513-724e-4e0d-bec0-82565ace926c	{"pid": "A005623637", "type": "bf:Person", "preferred_name": "Laurent, Marguerite-Marie", "authorized_access_point": "Laurent, Marguerite-Marie", "md5": "46433a9e2c02015d3a6aacd147670e64", "$schema": "https://mef.rero.ch/schemas/agents_rero/rero-agent-v0.0.1.json"}	1
2026-03-25 19:53:19.197693+00:00	2026-03-25 19:53:19.197693+00:00	87394d53-73e7-4410-bb6e-b0c88b99535a	{"pid": "A005655274", "type": "bf:Person", "preferred_name": "Guareschi, Alberto", "authorized_access_point": "Guareschi, Alberto", "md5": "926aed7ae91baea46e5cde7b8abd15ac", "$schema": "https://mef.rero.ch/schemas/agents_rero/rero-agent-v0.0.1.json"}	1
2026-03-25 19:53:19.197714+00:00	2026-03-25 19:53:19.197714+00:00	de778c97-004a-4c8f-8a71-56b91fcb799e	{"pid": "A005663176", "type": "bf:Person", "preferred_name": "Einsele, Herrmann", "authorized_access_point": "Einsele, Herrmann", "md5": "b5706f9103d24ae0422a8b283e56e51d", "$schema": "https://mef.rero.ch/schemas/agents_rero/rero-agent-v0.0.1.json"}	1
2026-03-25 19:53:19.197735+00:00	2026-03-25 19:53:19.197735+00:00	84acd76e-a60b-4f72-8d18-0cbe03068f15	{"pid": "A005673019", "type": "bf:Person", "preferred_name": "Morgan, Karl Z", "authorized_access_point": "Morgan, Karl Z", "md5": "cd7efc1a71d74978ceede7cb839b3b70", "$schema": "https://mef.rero.ch/schemas/agents_rero/rero-agent-v0.0.1.json"}	1
2026-03-25 19:53:19.197756+00:00	2026-03-25 19:53:19.197756+00:00	92e4bebf-a73f-4b9a-9dc7-568145f77b38	{"pid": "A005680197", "type": "bf:Person", "preferred_name": "Bonnaud, Jacques-Julien", "authorized_access_point": "Bonnaud, Jacques-Julien", "md5": "47c5d24fefbbf4efb010274b4461630f", "$schema": "https://mef.rero.ch/schemas/agents_rero/rero-agent-v0.0.1.json"}	1
2026-03-25 19:53:19.197778+00:00	2026-03-25 19:53:19.197778+00:00	b97f74dc-3047-4bf8-be98-5c8d9195c3ae	{"pid": "A005718969", "type": "bf:Organisation", "conference": false, "preferred_name": "Istituto Dalle Molle di studi sull'intelligenza artificiale (Lugano)", "authorized_access_point": "Istituto Dalle Molle di studi sull'intelligenza artificiale (Lugano)", "md5": "0d8b3f45171f2260f1d32b225d844abf", "$schema": "https://mef.rero.ch/schemas/agents_rero/rero-agent-v0.0.1.json"}	1
2026-03-25 19:53:19.197800+00:00	2026-03-25 19:53:19.197800+00:00	22b623a4-0fae-4bed-ad43-be0db5f4dc29	{"pid": "A005732208", "type": "bf:Person", "preferred_name": "Busch, Sylvia", "authorized_access_point": "Busch, Sylvia", "md5": "f39b2b2589d20a33faa30125269fbf52", "$schema": "https://mef.rero.ch/schemas/agents_rero/rero-agent-v0.0.1.json"}	1
2026-03-25 19:53:19.197822+00:00	2026-03-25 19:53:19.197822+00:00	80285e97-ef14-42c3-b391-4f89c994757a	{"pid": "A005753197", "type": "bf:Organisation", "conference": false, "preferred_name": "Divertimento ensemble", "authorized_access_point": "Divertimento ensemble", "md5": "817d7b5f8feea27c5165ea1e79b3d25f", "$schema": "https://mef.rero.ch/schemas/agents_rero/rero-agent-v0.0.1.json"}	1
2026-03-25 19:53:19.197851+00:00	2026-03-25 19:53:19.197851+00:00	6a3bd320-6b13-48d8-bf11-2dc897112c25	{"pid": "A005770175", "type": "bf:Person", "preferred_name": "Eyoum, Isabelle", "authorized_access_point": "Eyoum, Isabelle", "md5": "596058cbc602ceb02714b5d046181cf8", "$schema": "https://mef.rero.ch/schemas/agents_rero/rero-agent-v0.0.1.json"}	1
2026-03-25 19:53:19.197873+00:00	2026-03-25 19:53:19.197873+00:00	8c8a9bc5-7bad-4573-b976-5d964983e834	{"pid": "A005787734", "type": "bf:Person", "preferred_name": "Blau, Tatjana", "authorized_access_point": "Blau, Tatjana", "md5": "bcaa93cd0791f4a1f19bf36736fa152b", "$schema": "https://mef.rero.ch/schemas/agents_rero/rero-agent-v0.0.1.json"}	1
2026-03-25 19:53:19.197894+00:00	2026-03-25 19:53:19.197894+00:00	ba0fe241-b906-45bc-8aa0-7bf7cf510cde	{"pid": "A005794650", "type": "bf:Person", "preferred_name": "Marcinkowska, Barbara", "authorized_access_point": "Marcinkowska, Barbara", "md5": "703b2774b4134ac266ad78ef22328159", "$schema": "https://mef.rero.ch/schemas/agents_rero/rero-agent-v0.0.1.json"}	1
2026-03-25 19:53:19.197915+00:00	2026-03-25 19:53:19.197915+00:00	85c80206-2571-4be4-b4db-df1ade4fe8a9	{"pid": "A005814757", "type": "bf:Person", "preferred_name": "Hess, Friedrich", "authorized_access_point": "Hess, Friedrich", "md5": "6bdecaaa1d7604aa540759aa4ad46eef", "$schema": "https://mef.rero.ch/schemas/agents_rero/rero-agent-v0.0.1.json"}	1
2026-03-25 19:53:19.197936+00:00	2026-03-25 19:53:19.197936+00:00	d24fc00f-199d-49ab-ae17-1a77f34d82bb	{"pid": "A005821830", "type": "bf:Person", "preferred_name": "Green, Owen Mortimer", "authorized_access_point": "Green, Owen Mortimer", "md5": "0d4aaa8dac49d37d884da3f7cc4bc754", "$schema": "https://mef.rero.ch/schemas/agents_rero/rero-agent-v0.0.1.json"}	1
2026-03-25 19:53:19.197957+00:00	2026-03-25 19:53:19.197957+00:00	dc86d3ba-e77b-48fc-b264-75068c2a9f62	{"pid": "A005915341", "type": "bf:Person", "preferred_name": "Pilszczikowa, Nina", "authorized_access_point": "Pilszczikowa, Nina", "md5": "ab2cae1581e0049ba1509b1f721999dc", "$schema": "https://mef.rero.ch/schemas/agents_rero/rero-agent-v0.0.1.json"}	1
2026-03-25 19:53:19.197978+00:00	2026-03-25 19:53:19.197978+00:00	8cea2985-d73a-4922-9acd-6da023c23eef	{"pid": "A005942520", "type": "bf:Person", "preferred_name": "Testa Bappenheim, Italo", "authorized_access_point": "Testa Bappenheim, Italo", "md5": "70bfd6faa2a3287c0981f8197ee1d721", "$schema": "https://mef.rero.ch/schemas/agents_rero/rero-agent-v0.0.1.json"}	1
2026-03-25 19:53:19.198000+00:00	2026-03-25 19:53:19.198000+00:00	4b9f78df-811b-4fdc-84bb-b407228bc28a	{"pid": "A005944951", "type": "bf:Person", "preferred_name": "Ormi\\u00e8res, Jean-Luc", "authorized_access_point": "Ormi\\u00e8res, Jean-Luc", "md5": "5b52fdbad52de3e61617e638aa42fe7c", "$schema": "https://mef.rero.ch/schemas/agents_rero/rero-agent-v0.0.1.json"}	1
2026-03-25 19:53:19.198022+00:00	2026-03-25 19:53:19.198022+00:00	fbd23b5f-91d8-40c4-96ab-d0e0028cc1f1	{"pid": "A005945920", "type": "bf:Person", "preferred_name": "Blum, Eug\\u00e8ne", "authorized_access_point": "Blum, Eug\\u00e8ne", "md5": "2b8ced47f7b3f55a1564d1644ad563f3", "$schema": "https://mef.rero.ch/schemas/agents_rero/rero-agent-v0.0.1.json"}	1
2026-03-25 19:53:19.198045+00:00	2026-03-25 19:53:19.198045+00:00	6797d87d-8480-4296-9b97-686ca2696ded	{"pid": "A005984015", "type": "bf:Person", "preferred_name": "Moscovici, Claudia", "authorized_access_point": "Moscovici, Claudia", "md5": "e40e477863a084f37e2428d7e8cd7672", "$schema": "https://mef.rero.ch/schemas/agents_rero/rero-agent-v0.0.1.json"}	1
2026-03-25 19:53:19.198067+00:00	2026-03-25 19:53:19.198067+00:00	4fb764d8-c65d-4fc5-83c1-4d35c813b215	{"pid": "A005995031", "type": "bf:Person", "preferred_name": "Dion, Linda", "authorized_access_point": "Dion, Linda", "md5": "b26534c128218da5754fb44ac61f9802", "$schema": "https://mef.rero.ch/schemas/agents_rero/rero-agent-v0.0.1.json"}	1
2026-03-25 19:53:19.198105+00:00	2026-03-25 19:53:19.198105+00:00	82c8e40d-eedd-4a39-b172-675c597a3447	{"pid": "A006018560", "type": "bf:Person", "preferred_name": "Beynon, C.E", "authorized_access_point": "Beynon, C.E", "md5": "3403d8e8b0e4cffb60b0300f04a2a540", "$schema": "https://mef.rero.ch/schemas/agents_rero/rero-agent-v0.0.1.json"}	1
2026-03-25 19:53:19.198129+00:00	2026-03-25 19:53:19.198129+00:00	c1c0fef8-8776-4284-8129-538bcbeb18e2	{"pid": "A006023343", "type": "bf:Person", "preferred_name": "Troncoso, Sergio", "authorized_access_point": "Troncoso, Sergio", "md5": "b695a3e60d492d0b2e9c20499a93e37c", "$schema": "https://mef.rero.ch/schemas/agents_rero/rero-agent-v0.0.1.json"}	1
2026-03-25 19:53:19.198151+00:00	2026-03-25 19:53:19.198151+00:00	d168d473-e2ce-49cf-944c-da970cb1b6bb	{"pid": "A006035318", "type": "bf:Person", "preferred_name": "Birget, J.-C", "authorized_access_point": "Birget, J.-C", "md5": "f463fcd56ab7cd16a23a08501a63943e", "$schema": "https://mef.rero.ch/schemas/agents_rero/rero-agent-v0.0.1.json"}	1
2026-03-25 19:53:19.198172+00:00	2026-03-25 19:53:19.198172+00:00	ad032c55-33d4-490d-8935-039dad692165	{"pid": "A006048308", "type": "bf:Person", "preferred_name": "Pellissier, Simone", "authorized_access_point": "Pellissier, Simone", "md5": "01c8f4d5226e8498e5f4012a7a429247", "$schema": "https://mef.rero.ch/schemas/agents_rero/rero-agent-v0.0.1.json"}	1
2026-03-25 19:53:19.198194+00:00	2026-03-25 19:53:19.198194+00:00	eddf91fb-007b-4f6b-8609-a637b6199ae4	{"pid": "A006055239", "type": "bf:Organisation", "conference": false, "preferred_name": "Nigeria Deposit Insurance Corporation", "authorized_access_point": "Nigeria Deposit Insurance Corporation", "md5": "a92e0be726894cbe266e59e28b6a95ae", "$schema": "https://mef.rero.ch/schemas/agents_rero/rero-agent-v0.0.1.json"}	1
2026-03-25 19:53:19.198217+00:00	2026-03-25 19:53:19.198217+00:00	41ea12d3-79e6-4e3a-8473-459b1f64842a	{"pid": "A006055590", "type": "bf:Organisation", "conference": false, "preferred_name": "Ensemble Kapsberger", "authorized_access_point": "Ensemble Kapsberger", "md5": "6cddeb64e581c0d87164e6afaf86b1b1", "$schema": "https://mef.rero.ch/schemas/agents_rero/rero-agent-v0.0.1.json"}	1
2026-03-25 19:53:19.198239+00:00	2026-03-25 19:53:19.198239+00:00	ab118016-ffd0-475b-add3-6ed746dae3aa	{"pid": "A006065033", "type": "bf:Person", "preferred_name": "Mahtab, H.K", "authorized_access_point": "Mahtab, H.K", "md5": "c3511caac1d12a919f1916f8f55f93a6", "$schema": "https://mef.rero.ch/schemas/agents_rero/rero-agent-v0.0.1.json"}	1
2026-03-25 19:53:19.198270+00:00	2026-03-25 19:53:19.198270+00:00	d5844098-79e4-4ff3-83ff-cee0cd1f9a5d	{"pid": "A006071676", "type": "bf:Person", "preferred_name": "Shilstone, Arthur", "authorized_access_point": "Shilstone, Arthur", "md5": "244c3b80854d22e99941559328120941", "$schema": "https://mef.rero.ch/schemas/agents_rero/rero-agent-v0.0.1.json"}	1
2026-03-25 19:53:19.198292+00:00	2026-03-25 19:53:19.198292+00:00	c13f0801-3e25-4c27-9f21-1a4a49e4ec81	{"pid": "A006094802", "type": "bf:Person", "preferred_name": "Morrison, Margaret", "authorized_access_point": "Morrison, Margaret", "md5": "3b79273dc1a3c9efe421899a5a999f7f", "$schema": "https://mef.rero.ch/schemas/agents_rero/rero-agent-v0.0.1.json"}	1
2026-03-25 19:53:19.198313+00:00	2026-03-25 19:53:19.198313+00:00	a169625f-f5ff-473e-9877-5889ecb3dd12	{"pid": "A006099782", "type": "bf:Organisation", "conference": false, "preferred_name": "Francs et Franches camarades (Paris)", "authorized_access_point": "Francs et Franches camarades (Paris)", "md5": "ed93fe81fc79908058026d9f6d21b7b1", "$schema": "https://mef.rero.ch/schemas/agents_rero/rero-agent-v0.0.1.json"}	1
2026-03-25 19:53:19.198335+00:00	2026-03-25 19:53:19.198335+00:00	b937968c-5b94-4893-ae6a-049115e19aee	{"pid": "A006102670", "type": "bf:Person", "preferred_name": "Pomian, Andrzej", "authorized_access_point": "Pomian, Andrzej", "md5": "f8514256f415509be3751e912710864e", "$schema": "https://mef.rero.ch/schemas/agents_rero/rero-agent-v0.0.1.json"}	1
2026-03-25 19:53:19.198358+00:00	2026-03-25 19:53:19.198358+00:00	d0baf761-c198-467e-b258-d09413a5e95e	{"pid": "A006154163", "type": "bf:Organisation", "conference": false, "preferred_name": "Alldeutscher Verband", "authorized_access_point": "Alldeutscher Verband", "md5": "767cbc24d7982a81951d6e0cfcff6860", "$schema": "https://mef.rero.ch/schemas/agents_rero/rero-agent-v0.0.1.json"}	1
2026-03-25 19:53:19.198380+00:00	2026-03-25 19:53:19.198380+00:00	73b20054-4d5b-4124-9e2a-f31f53b82cdb	{"pid": "A006159385", "type": "bf:Person", "preferred_name": "Hanssen, Christian", "authorized_access_point": "Hanssen, Christian", "md5": "325cf25381469c6d7d7a4a02d28bc41c", "$schema": "https://mef.rero.ch/schemas/agents_rero/rero-agent-v0.0.1.json"}	1
2026-03-25 19:53:19.198401+00:00	2026-03-25 19:53:19.198401+00:00	c46c4010-dd93-450f-8e41-861d04a0e6b4	{"pid": "A006173450", "type": "bf:Person", "preferred_name": "Steudler, Colette", "authorized_access_point": "Steudler, Colette", "md5": "52c2165e96670d0f0e9d2f51718a058b", "$schema": "https://mef.rero.ch/schemas/agents_rero/rero-agent-v0.0.1.json"}	1
2026-03-25 19:53:19.198423+00:00	2026-03-25 19:53:19.198423+00:00	04744938-e756-4ab7-a409-b37a4a6d2fa5	{"pid": "A006173574", "type": "bf:Person", "preferred_name": "Sch\\u00f6nw\\u00e4lder, Karen", "authorized_access_point": "Sch\\u00f6nw\\u00e4lder, Karen", "md5": "a4db0ac97d088a5c44d4dcbb4537e930", "$schema": "https://mef.rero.ch/schemas/agents_rero/rero-agent-v0.0.1.json"}	1
2026-03-25 19:53:19.198446+00:00	2026-03-25 19:53:19.198446+00:00	cfe49e0f-fc69-4bf3-90d7-48fc0c71c745	{"pid": "A006204823", "type": "bf:Organisation", "conference": false, "preferred_name": "Einst\\u00fcrzende Neubauten", "authorized_access_point": "Einst\\u00fcrzende Neubauten", "md5": "7ef7f5b4318ff07dc3c2ce6e0af6a007", "$schema": "https://mef.rero.ch/schemas/agents_rero/rero-agent-v0.0.1.json"}	1
2026-03-25 19:53:19.198468+00:00	2026-03-25 19:53:19.198468+00:00	8060fa35-26c0-405c-91a1-88b4efcd88e6	{"pid": "A006210520", "type": "bf:Person", "preferred_name": "Schwartz, Robert B", "authorized_access_point": "Schwartz, Robert B", "md5": "edf969b466f1eabfa6b1f5e9fbdd6c34", "$schema": "https://mef.rero.ch/schemas/agents_rero/rero-agent-v0.0.1.json"}	1
2026-03-25 19:53:19.198490+00:00	2026-03-25 19:53:19.198490+00:00	1af7e1ff-8d49-47d1-b4e9-7bc012c55413	{"pid": "A006220068", "type": "bf:Organisation", "conference": false, "preferred_name": "Centro di studi storici della Chiesa di Bari", "authorized_access_point": "Centro di studi storici della Chiesa di Bari", "md5": "fd05250cefceacc6ffdbf963b2b7aed5", "$schema": "https://mef.rero.ch/schemas/agents_rero/rero-agent-v0.0.1.json"}	1
2026-03-25 19:53:19.198525+00:00	2026-03-25 19:53:19.198525+00:00	61bb1a81-7cbd-4074-9327-4909591ec37b	{"pid": "A006225272", "type": "bf:Organisation", "conference": false, "variant_name": ["CIRILLIS (Centre interuniversitaire de recherches sur l'Italie, langue, litt\\u00e9rature, interactions culturelles, soci\\u00e9t\\u00e9 et mentalit\\u00e9s, Talence, Gironde)", "Universit\\u00e9 de Poitiers. Centre interuniversitaire de recherches sur l'Italie (langue, litt\\u00e9rature, interactions culturelles, soci\\u00e9t\\u00e9 et mentalit\\u00e9s)", "Universit\\u00e9 de Toulouse 2. Centre interuniversitaire de recherches sur l'Italie (langue, litt\\u00e9rature, interactions culturelles, soci\\u00e9t\\u00e9 et mentalit\\u00e9s)", "Universit\\u00e9 de Bordeaux 3. Centre interuniversitaire de recherches sur l'Italie (langue, litt\\u00e9rature, interactions culturelles, soci\\u00e9t\\u00e9 et mentalit\\u00e9s)"], "preferred_name": "Centre interuniversitaire de recherches sur l'Italie (langue, litt\\u00e9rature, interactions culturelles, soci\\u00e9t\\u00e9 et mentalit\\u00e9s) (Talence, Gironde)", "variant_access_point": ["CIRILLIS (Centre interuniversitaire de recherches sur l'Italie, langue, litt\\u00e9rature, interactions culturelles, soci\\u00e9t\\u00e9 et mentalit\\u00e9s, Talence, Gironde)", "Universit\\u00e9 de Poitiers. Centre interuniversitaire de recherches sur l'Italie (langue, litt\\u00e9rature, interactions culturelles, soci\\u00e9t\\u00e9 et mentalit\\u00e9s)", "Universit\\u00e9 de Toulouse 2. Centre interuniversitaire de recherches sur l'Italie (langue, litt\\u00e9rature, interactions culturelles, soci\\u00e9t\\u00e9 et mentalit\\u00e9s)", "Universit\\u00e9 de Bordeaux 3. Centre interuniversitaire de recherches sur l'Italie (langue, litt\\u00e9rature, interactions culturelles, soci\\u00e9t\\u00e9 et mentalit\\u00e9s)"], "authorized_access_point": "Centre interuniversitaire de recherches sur l'Italie (langue, litt\\u00e9rature, interactions culturelles, soci\\u00e9t\\u00e9 et mentalit\\u00e9s) (Talence, Gironde)", "md5": "099d6aae9977a8601e06ec486ad1c4c9", "$schema": "https://mef.rero.ch/schemas/agents_rero/rero-agent-v0.0.1.json"}	1
2026-03-25 19:53:19.198557+00:00	2026-03-25 19:53:19.198557+00:00	b2843b39-9d56-400d-b4e2-29091936effd	{"pid": "A006241487", "type": "bf:Person", "preferred_name": "Cherhabil, Hocine", "authorized_access_point": "Cherhabil, Hocine", "md5": "784b86310117621d09b7f8ff076ddc91", "$schema": "https://mef.rero.ch/schemas/agents_rero/rero-agent-v0.0.1.json"}	1
2026-03-25 19:53:19.198581+00:00	2026-03-25 19:53:19.198581+00:00	2e962a46-c09a-4318-a31e-6625c89292ed	{"pid": "A006246319", "type": "bf:Person", "variant_name": ["Garc\\u00eda, Josefa Mart\\u00edn"], "preferred_name": "Mart\\u00edn Garc\\u00eda, Josefa", "variant_access_point": ["Garc\\u00eda, Josefa Mart\\u00edn"], "authorized_access_point": "Mart\\u00edn Garc\\u00eda, Josefa", "md5": "9a503940c35ac0da7012ed23b76fd22c", "$schema": "https://mef.rero.ch/schemas/agents_rero/rero-agent-v0.0.1.json"}	1
2026-03-25 19:53:19.198612+00:00	2026-03-25 19:53:19.198612+00:00	2c8be2c3-7dc6-47fd-abe1-ab92c5fe9159	{"pid": "A006251854", "type": "bf:Person", "preferred_name": "Schmitt-Breuninger, Friederike", "authorized_access_point": "Schmitt-Breuninger, Friederike", "md5": "26cd2e01da5c25837d79685aa1a0fa68", "$schema": "https://mef.rero.ch/schemas/agents_rero/rero-agent-v0.0.1.json"}	1
2026-03-25 19:53:19.198634+00:00	2026-03-25 19:53:19.198634+00:00	0fae625c-6b64-4f70-a2f6-5d0fa6ad9309	{"pid": "A006282682", "type": "bf:Person", "preferred_name": "Dardenne, Henriette", "authorized_access_point": "Dardenne, Henriette", "md5": "1248da82f3e3c30259928c3da4c7c610", "$schema": "https://mef.rero.ch/schemas/agents_rero/rero-agent-v0.0.1.json"}	1
2026-03-25 19:53:19.198655+00:00	2026-03-25 19:53:19.198655+00:00	df34698b-0a4a-4363-8886-e7d674f8a558	{"pid": "A006288245", "type": "bf:Person", "preferred_name": "Bernab\\u00e9, Claude", "authorized_access_point": "Bernab\\u00e9, Claude", "md5": "c608e09dcc569cf609a27f9a3ae99922", "$schema": "https://mef.rero.ch/schemas/agents_rero/rero-agent-v0.0.1.json"}	1
2026-03-25 19:53:19.198696+00:00	2026-03-25 19:53:19.198696+00:00	fc22dafd-8a90-4c82-b83b-0c3414fa856b	{"pid": "A006304507", "type": "bf:Organisation", "conference": false, "variant_name": ["Ecole polytechnique f\\u00e9d\\u00e9rale de Lausanne. Observatoire science, politique et soci\\u00e9t\\u00e9"], "preferred_name": "Observatoire EPFL science, politique et soci\\u00e9t\\u00e9 (Ecublens)", "variant_access_point": ["Ecole polytechnique f\\u00e9d\\u00e9rale de Lausanne. Observatoire science, politique et soci\\u00e9t\\u00e9"], "authorized_access_point": "Observatoire EPFL science, politique et soci\\u00e9t\\u00e9 (Ecublens)", "biographical_information": ["Jusqu'en 2004: Observatoire EPFL science, politique et soci\\u00e9t\\u00e9 (Ecublens)", "D\\u00e8s 2005: Observatoire science, politique et soci\\u00e9t\\u00e9 (Ecublens)"], "md5": "f18ac716a883779be338f289a6fa9851", "$schema": "https://mef.rero.ch/schemas/agents_rero/rero-agent-v0.0.1.json"}	1
2026-03-25 19:53:19.198723+00:00	2026-03-25 19:53:19.198723+00:00	e89920cc-c989-46cd-8c58-f31966a4e829	{"pid": "A006305372", "type": "bf:Person", "preferred_name": "Harris, D.J", "authorized_access_point": "Harris, D.J", "md5": "85fbc3d2f9aa75dea1f33726baa9ff8e", "$schema": "https://mef.rero.ch/schemas/agents_rero/rero-agent-v0.0.1.json"}	1
2026-03-25 19:53:19.198745+00:00	2026-03-25 19:53:19.198745+00:00	5d0724d2-8344-4d01-9bab-285fcb837dce	{"pid": "A006319847", "type": "bf:Organisation", "conference": false, "preferred_name": "Slipknot", "authorized_access_point": "Slipknot", "md5": "2244e03a544f67f43d656daea3bdfb10", "$schema": "https://mef.rero.ch/schemas/agents_rero/rero-agent-v0.0.1.json"}	1
2026-03-25 19:53:19.198766+00:00	2026-03-25 19:53:19.198766+00:00	238e3710-e3f7-4990-804b-6c8554b9cc09	{"pid": "A006331016", "type": "bf:Person", "preferred_name": "Sobieszczanski, Marcin", "authorized_access_point": "Sobieszczanski, Marcin", "md5": "8b4c83134b80dea1ba258dca03ef1715", "$schema": "https://mef.rero.ch/schemas/agents_rero/rero-agent-v0.0.1.json"}	1
2026-03-25 19:53:19.198789+00:00	2026-03-25 19:53:19.198789+00:00	3675cc89-4473-4a16-bdcf-1be431695b09	{"pid": "A006378241", "type": "bf:Organisation", "conference": false, "preferred_name": "Conseil international des archives. Section des archives d'architecture", "authorized_access_point": "Conseil international des archives. Section des archives d'architecture", "md5": "3bef3ab14f5eba0dfb4179a21a9f2083", "$schema": "https://mef.rero.ch/schemas/agents_rero/rero-agent-v0.0.1.json"}	1
2026-03-25 19:53:19.198812+00:00	2026-03-25 19:53:19.198812+00:00	bb3af527-2438-4952-bbaf-00da88266dae	{"pid": "A006384206", "type": "bf:Person", "preferred_name": "Lynch, Stephen", "authorized_access_point": "Lynch, Stephen", "md5": "f2ab0f1247e06e6f5b48b578c28a3e47", "$schema": "https://mef.rero.ch/schemas/agents_rero/rero-agent-v0.0.1.json"}	1
2026-03-25 19:53:19.198834+00:00	2026-03-25 19:53:19.198834+00:00	c6e4dc4c-b860-46c4-b18b-ba6a0f87d923	{"pid": "A006389498", "type": "bf:Person", "preferred_name": "Chrze\\u015bcijanin", "authorized_access_point": "Chrze\\u015bcijanin", "md5": "0748108b55758d3cc3e04fc9b3ad16a1", "$schema": "https://mef.rero.ch/schemas/agents_rero/rero-agent-v0.0.1.json"}	1
2026-03-25 19:53:19.198856+00:00	2026-03-25 19:53:19.198856+00:00	ac91a0d4-3a6c-4cc4-b5f9-fd20e1550cb1	{"pid": "A006407470", "type": "bf:Organisation", "conference": false, "preferred_name": "British Sundial Society", "authorized_access_point": "British Sundial Society", "md5": "393d0aa25931852f357486fe0874de0c", "$schema": "https://mef.rero.ch/schemas/agents_rero/rero-agent-v0.0.1.json"}	1
2026-03-25 19:53:19.198878+00:00	2026-03-25 19:53:19.198878+00:00	85b4ec16-a1f0-46e6-a7de-48edef3b941a	{"pid": "A006417880", "type": "bf:Person", "preferred_name": "Paloma\\u0308ki, Mauri", "authorized_access_point": "Paloma\\u0308ki, Mauri", "md5": "5ed55d2ea4cbeeb27dbbd5cdf4ec8507", "$schema": "https://mef.rero.ch/schemas/agents_rero/rero-agent-v0.0.1.json"}	1
2026-03-25 19:53:19.198899+00:00	2026-03-25 19:53:19.198899+00:00	e13ea5ae-3418-4d2b-826f-ae6c560f2904	{"pid": "A006417971", "type": "bf:Person", "preferred_name": "Karago\\u0308z, Oguz", "authorized_access_point": "Karago\\u0308z, Oguz", "md5": "2199c385456242ff820e073450315c28", "$schema": "https://mef.rero.ch/schemas/agents_rero/rero-agent-v0.0.1.json"}	1
2026-03-25 19:53:19.198921+00:00	2026-03-25 19:53:19.198921+00:00	4cc5f66e-24ba-47c1-905f-e42153c1c613	{"pid": "A006451071", "type": "bf:Person", "preferred_name": "Smith, Dan Franklin", "authorized_access_point": "Smith, Dan Franklin", "md5": "659b36a2e17b2b07d2d12ee56ddafa3a", "$schema": "https://mef.rero.ch/schemas/agents_rero/rero-agent-v0.0.1.json"}	1
2026-03-25 19:53:19.198942+00:00	2026-03-25 19:53:19.198942+00:00	0b316e09-7336-469c-8545-f28d9e012e56	{"pid": "A006525884", "type": "bf:Person", "preferred_name": "Yetter, David N", "authorized_access_point": "Yetter, David N", "md5": "e19639df8b5ebc7bd57282f869f45877", "$schema": "https://mef.rero.ch/schemas/agents_rero/rero-agent-v0.0.1.json"}	1
2026-03-25 19:53:19.198963+00:00	2026-03-25 19:53:19.198963+00:00	f8c30ea2-afe8-48c4-8850-e529ea082175	{"pid": "A006533818", "type": "bf:Person", "preferred_name": "Welsch, Chauncey", "authorized_access_point": "Welsch, Chauncey", "md5": "7438e7d3cd6fada603b8d72b14b001d2", "$schema": "https://mef.rero.ch/schemas/agents_rero/rero-agent-v0.0.1.json"}	1
2026-03-25 19:53:19.198985+00:00	2026-03-25 19:53:19.198985+00:00	5e56ebe1-9e42-48cc-a1a4-80ba3907e36b	{"pid": "A006534193", "type": "bf:Organisation", "conference": false, "preferred_name": "Soci\\u00e9t\\u00e9 d'\\u00e9mulation des C\\u00f4tes d'Armor", "authorized_access_point": "Soci\\u00e9t\\u00e9 d'\\u00e9mulation des C\\u00f4tes d'Armor", "md5": "56362f165a80f653d1e1eb1c55064fee", "$schema": "https://mef.rero.ch/schemas/agents_rero/rero-agent-v0.0.1.json"}	1
2026-03-25 19:53:19.199018+00:00	2026-03-25 19:53:19.199018+00:00	37c53a6b-0707-448a-8bbf-e5de9164bb5f	{"pid": "A006581053", "type": "bf:Person", "preferred_name": "Dubus, Hermin", "authorized_access_point": "Dubus, Hermin", "md5": "2f30cc2cde640e1e82e2f7b206afa8c2", "$schema": "https://mef.rero.ch/schemas/agents_rero/rero-agent-v0.0.1.json"}	1
2026-03-25 19:53:19.199039+00:00	2026-03-25 19:53:19.199039+00:00	96de0e71-9789-4209-b61e-e77a4a407b1a	{"pid": "A008584612", "type": "bf:Person", "preferred_name": "Redner, Sidney", "authorized_access_point": "Redner, Sidney", "md5": "ab6d5ff7e1a45933939fd4ef08150618", "$schema": "https://mef.rero.ch/schemas/agents_rero/rero-agent-v0.0.1.json"}	1
2026-03-25 19:53:19.199061+00:00	2026-03-25 19:53:19.199061+00:00	0fb1f9ab-c44c-4113-a057-0595796619b1	{"pid": "A008591482", "type": "bf:Person", "preferred_name": "Chang, Chu-Kuing", "authorized_access_point": "Chang, Chu-Kuing", "md5": "557177c3cc00fd211ab5297917592b39", "$schema": "https://mef.rero.ch/schemas/agents_rero/rero-agent-v0.0.1.json"}	1
2026-03-25 19:53:19.199082+00:00	2026-03-25 19:53:19.199082+00:00	bd3d8672-d040-4b93-bcdc-3a4dc5c97364	{"pid": "A008595638", "type": "bf:Person", "preferred_name": "Bergsma, Jurrit", "authorized_access_point": "Bergsma, Jurrit", "md5": "e240356a8f0c374a4c458910e5e063ce", "$schema": "https://mef.rero.ch/schemas/agents_rero/rero-agent-v0.0.1.json"}	1
2026-03-25 19:53:19.199104+00:00	2026-03-25 19:53:19.199104+00:00	6cd917f0-00e8-43a4-bceb-6776082133de	{"pid": "A008660620", "type": "bf:Person", "preferred_name": "Blum, Sigwart", "authorized_access_point": "Blum, Sigwart", "md5": "9aa8906663d0b9510f5f413b4a416754", "$schema": "https://mef.rero.ch/schemas/agents_rero/rero-agent-v0.0.1.json"}	1
2026-03-25 19:53:19.199126+00:00	2026-03-25 19:53:19.199126+00:00	27d24c67-54f2-4900-8576-6d6e6e367cda	{"pid": "A008729062", "type": "bf:Person", "preferred_name": "Cinquin, Fran\\u00e7ois", "authorized_access_point": "Cinquin, Fran\\u00e7ois", "md5": "84cbf4a744f9bdd6259134ee52b0e40c", "$schema": "https://mef.rero.ch/schemas/agents_rero/rero-agent-v0.0.1.json"}	1
2026-03-25 19:53:19.199147+00:00	2026-03-25 19:53:19.199147+00:00	f7ed5969-f4a2-4806-8638-6852a244fd2f	{"pid": "A008730051", "type": "bf:Person", "preferred_name": "Otomo, Masaku", "authorized_access_point": "Otomo, Masaku", "md5": "36cac7d17a4592864cd5d3c2adf45762", "$schema": "https://mef.rero.ch/schemas/agents_rero/rero-agent-v0.0.1.json"}	1
2026-03-25 19:53:19.199168+00:00	2026-03-25 19:53:19.199168+00:00	9bec5b11-18b8-46fb-899f-af3f857a833a	{"pid": "A008794733", "type": "bf:Person", "preferred_name": "Rogue, Christophe", "authorized_access_point": "Rogue, Christophe", "md5": "d915b0ecdebab19f954d33a19f6b8e40", "$schema": "https://mef.rero.ch/schemas/agents_rero/rero-agent-v0.0.1.json"}	1
2026-03-25 19:53:19.199189+00:00	2026-03-25 19:53:19.199189+00:00	841ee8dd-ff61-4d17-9b5c-f699f945e5ef	{"pid": "A008799434", "type": "bf:Organisation", "conference": false, "preferred_name": "Realschule (Sch\\u00f6nberg)", "authorized_access_point": "Realschule (Sch\\u00f6nberg)", "md5": "9cf61cdc49445435b8cf889ff96c13e7", "$schema": "https://mef.rero.ch/schemas/agents_rero/rero-agent-v0.0.1.json"}	1
2026-03-25 19:53:19.199211+00:00	2026-03-25 19:53:19.199211+00:00	fd2de5d9-52e7-4dbb-93fa-9f98a66572a5	{"pid": "A008811165", "type": "bf:Person", "preferred_name": "Desquilbet, Marion", "authorized_access_point": "Desquilbet, Marion", "md5": "e414f5839af0b859166bc654c291b503", "$schema": "https://mef.rero.ch/schemas/agents_rero/rero-agent-v0.0.1.json"}	1
2026-03-25 19:53:19.199232+00:00	2026-03-25 19:53:19.199232+00:00	476ae27e-f17f-412f-8239-b48b2b175801	{"pid": "A008813776", "type": "bf:Person", "preferred_name": "Henriot, V\\u00e9ronique", "authorized_access_point": "Henriot, V\\u00e9ronique", "md5": "9222fa2351cfc7d413e58acef0d83c0b", "$schema": "https://mef.rero.ch/schemas/agents_rero/rero-agent-v0.0.1.json"}	1
2026-03-25 19:53:19.199253+00:00	2026-03-25 19:53:19.199253+00:00	b32556f0-5b17-43f6-96db-61712d2cf49f	{"pid": "A008846996", "type": "bf:Person", "preferred_name": "Junker, Karin", "authorized_access_point": "Junker, Karin", "md5": "4a7db4d117271f8bcd6a56e65492437a", "$schema": "https://mef.rero.ch/schemas/agents_rero/rero-agent-v0.0.1.json"}	1
2026-03-25 19:53:19.199274+00:00	2026-03-25 19:53:19.199274+00:00	30cd2e9c-1474-4ac1-825b-22f5f3fe1d1d	{"pid": "A008873000", "type": "bf:Person", "preferred_name": "Duval, Jean-Marc", "authorized_access_point": "Duval, Jean-Marc", "md5": "c02391da64d7abecae07daecda23d6ca", "$schema": "https://mef.rero.ch/schemas/agents_rero/rero-agent-v0.0.1.json"}	1
2026-03-25 19:53:19.199296+00:00	2026-03-25 19:53:19.199296+00:00	12e625f3-0720-44c8-a0ee-eb26a584e230	{"pid": "A008883799", "type": "bf:Person", "preferred_name": "Greve, Michael", "authorized_access_point": "Greve, Michael", "md5": "2400525475a002d1d4b2087d22621fdd", "$schema": "https://mef.rero.ch/schemas/agents_rero/rero-agent-v0.0.1.json"}	1
2026-03-25 19:53:19.199372+00:00	2026-03-25 19:53:19.199372+00:00	3b7461e2-0061-44f8-bc7d-9f6690156360	{"pid": "A008902038", "type": "bf:Organisation", "conference": false, "preferred_name": "Conseil genevois des th\\u00e9\\u00e2tres et de la musique", "authorized_access_point": "Conseil genevois des th\\u00e9\\u00e2tres et de la musique", "md5": "4bf7d4085adaf386c6a1ee86fe8e63e3", "$schema": "https://mef.rero.ch/schemas/agents_rero/rero-agent-v0.0.1.json"}	1
2026-03-25 19:53:19.199951+00:00	2026-03-25 19:53:19.199951+00:00	3f11de21-4d30-43a7-8845-bdc4614ae7cd	{"pid": "A008915559", "type": "bf:Person", "preferred_name": "Machtey, Michael", "authorized_access_point": "Machtey, Michael", "md5": "4576831e55baf87cd50005333c3c15e5", "$schema": "https://mef.rero.ch/schemas/agents_rero/rero-agent-v0.0.1.json"}	1
2026-03-25 19:53:19.199977+00:00	2026-03-25 19:53:19.199977+00:00	8c755c72-c95e-4405-b4a7-f1d58cc0cf62	{"pid": "A008943784", "type": "bf:Person", "preferred_name": "Durst, David C", "authorized_access_point": "Durst, David C", "md5": "c45406efab0dc622f9f7a79fa120aa26", "$schema": "https://mef.rero.ch/schemas/agents_rero/rero-agent-v0.0.1.json"}	1
2026-03-25 19:53:19.199999+00:00	2026-03-25 19:53:19.199999+00:00	68f6a7c0-6e4e-4516-be7a-c9b5b59f7c00	{"pid": "A008959724", "type": "bf:Person", "preferred_name": "Bayili, Emmanuel", "authorized_access_point": "Bayili, Emmanuel", "md5": "2f2704362dac1aab9bdb2ba1c6a569db", "$schema": "https://mef.rero.ch/schemas/agents_rero/rero-agent-v0.0.1.json"}	1
2026-03-25 19:53:19.200032+00:00	2026-03-25 19:53:19.200032+00:00	79c3a381-1a8b-46c2-b3dd-3fb3708b66fd	{"pid": "A008978887", "type": "bf:Person", "preferred_name": "Spieth, Wolf Friedrich", "authorized_access_point": "Spieth, Wolf Friedrich", "md5": "34849fa00d581e00aa49c1fe3128eb9e", "$schema": "https://mef.rero.ch/schemas/agents_rero/rero-agent-v0.0.1.json"}	1
2026-03-25 19:53:19.200055+00:00	2026-03-25 19:53:19.200055+00:00	91daa259-3829-4354-bdca-ffd5a0ef2912	{"pid": "A009007993", "type": "bf:Organisation", "conference": false, "preferred_name": "MCC Associates", "authorized_access_point": "MCC Associates", "md5": "59041684d4214babdb36890c02c91c24", "$schema": "https://mef.rero.ch/schemas/agents_rero/rero-agent-v0.0.1.json"}	1
2026-03-25 19:53:19.200077+00:00	2026-03-25 19:53:19.200077+00:00	82fe0a8f-1925-45bf-a16d-79fe306399a3	{"pid": "A009035130", "type": "bf:Person", "preferred_name": "Corbu, Adrien C", "authorized_access_point": "Corbu, Adrien C", "md5": "2063f3a2b660801ff50378d7592eb6c8", "$schema": "https://mef.rero.ch/schemas/agents_rero/rero-agent-v0.0.1.json"}	1
2026-03-25 19:53:19.200099+00:00	2026-03-25 19:53:19.200099+00:00	7ae975a6-a15f-4d00-9352-32033d6e57ea	{"pid": "A009047642", "type": "bf:Person", "preferred_name": "Tournier, Vincent", "authorized_access_point": "Tournier, Vincent", "md5": "112aea98ac8e96905776bc5d5036e934", "$schema": "https://mef.rero.ch/schemas/agents_rero/rero-agent-v0.0.1.json"}	1
2026-03-25 19:53:19.200120+00:00	2026-03-25 19:53:19.200120+00:00	123afcc5-6305-4809-9487-ee94f722b9b2	{"pid": "A009059078", "type": "bf:Person", "preferred_name": "Robinet, Jean-Claude", "authorized_access_point": "Robinet, Jean-Claude", "md5": "229cdbe92d2cc81bccf8906755409e7e", "$schema": "https://mef.rero.ch/schemas/agents_rero/rero-agent-v0.0.1.json"}	1
2026-03-25 19:53:19.200147+00:00	2026-03-25 19:53:19.200147+00:00	dd379e06-4142-438c-9084-db4a21eebf0d	{"pid": "A009061697", "type": "bf:Organisation", "conference": false, "variant_name": ["Conseil consultatif des \\u00e9trangers (Strasbourg)", "Conseil consultatif des r\\u00e9sidents \\u00e9trangers de la ville de Strasbourg"], "preferred_name": "Strasbourg. Conseil consultatif des \\u00e9trangers", "variant_access_point": ["Conseil consultatif des \\u00e9trangers (Strasbourg)", "Conseil consultatif des r\\u00e9sidents \\u00e9trangers de la ville de Strasbourg"], "authorized_access_point": "Strasbourg. Conseil consultatif des \\u00e9trangers", "md5": "6a9943cb7393b3c612eead736021a831", "$schema": "https://mef.rero.ch/schemas/agents_rero/rero-agent-v0.0.1.json"}	1
2026-03-25 19:53:19.200174+00:00	2026-03-25 19:53:19.200174+00:00	cdabf87d-6e9b-4ac7-857d-f5efcc223ed9	{"pid": "A009062623", "type": "bf:Organisation", "conference": false, "variant_name": ["Somerville College (University of Oxford)"], "preferred_name": "University of Oxford. Somerville College", "variant_access_point": ["Somerville College (University of Oxford)"], "authorized_access_point": "University of Oxford. Somerville College", "md5": "d30bfacaab649aaa2a6dce11fe20b4d8", "$schema": "https://mef.rero.ch/schemas/agents_rero/rero-agent-v0.0.1.json"}	1
2026-03-25 19:53:19.200198+00:00	2026-03-25 19:53:19.200198+00:00	fca06e07-b3ea-4cb1-94df-76af12f6f65e	{"pid": "A009084334", "type": "bf:Person", "preferred_name": "Krieghoff, Hans", "authorized_access_point": "Krieghoff, Hans", "md5": "1d731969d87105d6596ee54872f7baa5", "$schema": "https://mef.rero.ch/schemas/agents_rero/rero-agent-v0.0.1.json"}	1
2026-03-25 19:53:19.200220+00:00	2026-03-25 19:53:19.200220+00:00	7b27bcd6-2d95-4511-8192-2d4356b192f7	{"pid": "A009106239", "type": "bf:Person", "preferred_name": "Galster, Karol Lucjan", "authorized_access_point": "Galster, Karol Lucjan", "md5": "f67b62ef19d418de4826ec5b81fa4b9c", "$schema": "https://mef.rero.ch/schemas/agents_rero/rero-agent-v0.0.1.json"}	1
2026-03-25 19:53:19.200243+00:00	2026-03-25 19:53:19.200243+00:00	fdfa11db-971a-4a23-8a89-c4e0ae8af2ed	{"pid": "A009112861", "type": "bf:Organisation", "conference": false, "preferred_name": "Bund-L\\u00e4nder-Kommission f\\u00fcr Bildungsplanung und Forschungsf\\u00f6rderung (Bonn)", "authorized_access_point": "Bund-L\\u00e4nder-Kommission f\\u00fcr Bildungsplanung und Forschungsf\\u00f6rderung (Bonn)", "md5": "73471597699fa6ffbee172828f0bd203", "$schema": "https://mef.rero.ch/schemas/agents_rero/rero-agent-v0.0.1.json"}	1
2026-03-25 19:53:19.200266+00:00	2026-03-25 19:53:19.200266+00:00	aee804df-7adf-4a9a-b1b7-f3949b155ca8	{"pid": "A009177536", "type": "bf:Person", "preferred_name": "Oppel, Kenneth", "authorized_access_point": "Oppel, Kenneth", "md5": "9ef89583b54163b79b09cc2139602c7f", "$schema": "https://mef.rero.ch/schemas/agents_rero/rero-agent-v0.0.1.json"}	1
2026-03-25 19:53:19.200292+00:00	2026-03-25 19:53:19.200292+00:00	c5263598-089b-429c-85e3-af4628ca043d	{"pid": "A009187240", "type": "bf:Organisation", "conference": false, "variant_name": ["OIE (Organisation internationale des employeurs)", "International Organisation of Employers", "IOE (International Organisation of Employers)", "Organizaci\\u00f3n Internacional de Empleadores", "OIE (Organizaci\\u00f3n Internacional de Empleadores)"], "preferred_name": "Organisation internationale des employeurs", "variant_access_point": ["OIE (Organisation internationale des employeurs)", "International Organisation of Employers", "IOE (International Organisation of Employers)", "Organizaci\\u00f3n Internacional de Empleadores", "OIE (Organizaci\\u00f3n Internacional de Empleadores)"], "authorized_access_point": "Organisation internationale des employeurs", "md5": "6e92b3ea8a54c7dd900e56115161aaff", "$schema": "https://mef.rero.ch/schemas/agents_rero/rero-agent-v0.0.1.json"}	1
2026-03-25 19:53:19.200322+00:00	2026-03-25 19:53:19.200322+00:00	873076e1-0e18-4e86-adaf-f3d18a98f235	{"pid": "A009191402", "type": "bf:Organisation", "conference": false, "variant_name": ["European Association of Hospital Pharmacists", "EAHP (European Association of Hospital Pharmacists)", "Europ\\u00e4ische Vereinigung der Krankenhaus Apotheker", "Association europ\\u00e9enne des pharmaciens hospitaliers"], "preferred_name": "Association europ\\u00e9enne des pharmaciens des h\\u00f4pitaux", "variant_access_point": ["European Association of Hospital Pharmacists", "EAHP (European Association of Hospital Pharmacists)", "Europ\\u00e4ische Vereinigung der Krankenhaus Apotheker", "Association europ\\u00e9enne des pharmaciens hospitaliers"], "authorized_access_point": "Association europ\\u00e9enne des pharmaciens des h\\u00f4pitaux", "md5": "8f2e52c2bdb19f16123e8ba022c5c34b", "$schema": "https://mef.rero.ch/schemas/agents_rero/rero-agent-v0.0.1.json"}	1
2026-03-25 19:53:19.200348+00:00	2026-03-25 19:53:19.200348+00:00	a10eedeb-ec8f-46e7-b2ad-97279d3d62dd	{"pid": "A009191855", "type": "bf:Person", "preferred_name": "Jestaedt, Egbert M.W", "authorized_access_point": "Jestaedt, Egbert M.W", "md5": "e5938a16433a1d9586ab856841944fcc", "$schema": "https://mef.rero.ch/schemas/agents_rero/rero-agent-v0.0.1.json"}	1
2026-03-25 19:53:19.200380+00:00	2026-03-25 19:53:19.200380+00:00	4cabb031-a4d8-44e3-8b55-0c2a4d789f51	{"pid": "A009279090", "type": "bf:Person", "preferred_name": "Douchy, Herv\\u00e9", "authorized_access_point": "Douchy, Herv\\u00e9", "md5": "1732b3cd249b6dcbc2d14353324afce4", "$schema": "https://mef.rero.ch/schemas/agents_rero/rero-agent-v0.0.1.json"}	1
2026-03-25 19:53:19.200402+00:00	2026-03-25 19:53:19.200402+00:00	e0d016a0-21fc-4ca5-bf90-4a1f5329d9ba	{"pid": "A009281447", "type": "bf:Person", "preferred_name": "Andr\\u00e9, Camille", "authorized_access_point": "Andr\\u00e9, Camille", "md5": "ef4b28e8dc4eb2ebd5e6a3a23478d07f", "$schema": "https://mef.rero.ch/schemas/agents_rero/rero-agent-v0.0.1.json"}	1
2026-03-25 19:53:19.200425+00:00	2026-03-25 19:53:19.200425+00:00	4393e01d-a852-4dbf-9cce-dd70780b5abc	{"pid": "A009303631", "type": "bf:Person", "preferred_name": "Fr\\u00f6hner, Klaus", "authorized_access_point": "Fr\\u00f6hner, Klaus", "md5": "3a20f11abe99ebb6b37eca0542eab002", "$schema": "https://mef.rero.ch/schemas/agents_rero/rero-agent-v0.0.1.json"}	1
2026-03-25 19:53:19.200447+00:00	2026-03-25 19:53:19.200447+00:00	05e74b41-2f62-4b34-b4eb-b117dd5cd63f	{"pid": "A009306109", "type": "bf:Person", "preferred_name": "Soldt, Johannes", "authorized_access_point": "Soldt, Johannes", "md5": "1ea1b068636968f2e688840916379f45", "$schema": "https://mef.rero.ch/schemas/agents_rero/rero-agent-v0.0.1.json"}	1
2026-03-25 19:53:19.200469+00:00	2026-03-25 19:53:19.200469+00:00	b00f2c25-7f1d-4441-9c0d-32367bf29a79	{"pid": "A009309124", "type": "bf:Person", "preferred_name": "Hancock, David J", "authorized_access_point": "Hancock, David J", "md5": "1af4675927107474aa98d66bf912d15a", "$schema": "https://mef.rero.ch/schemas/agents_rero/rero-agent-v0.0.1.json"}	1
2026-03-25 19:53:19.200490+00:00	2026-03-25 19:53:19.200490+00:00	08552004-7248-48e2-ae9a-3e1f61689779	{"pid": "A009315376", "type": "bf:Person", "preferred_name": "Burnett, A. M", "authorized_access_point": "Burnett, A. M", "md5": "ae603d6a7916fd22545c8a75d5bc9b9c", "$schema": "https://mef.rero.ch/schemas/agents_rero/rero-agent-v0.0.1.json"}	1
2026-03-25 19:53:19.200512+00:00	2026-03-25 19:53:19.200512+00:00	5daf2731-29c0-4de1-bb0f-1203d49b6560	{"pid": "A009341300", "type": "bf:Person", "preferred_name": "Mchome, Sifuni Ernest", "authorized_access_point": "Mchome, Sifuni Ernest", "md5": "cb429c5a18ccd6eb15232ed781e7aa8a", "$schema": "https://mef.rero.ch/schemas/agents_rero/rero-agent-v0.0.1.json"}	1
2026-03-25 19:53:19.200534+00:00	2026-03-25 19:53:19.200534+00:00	ab85ea9d-267d-443d-8a49-182625ec2ed6	{"pid": "A009366379", "type": "bf:Person", "preferred_name": "Beil, Brigitte", "authorized_access_point": "Beil, Brigitte", "md5": "b45c052a0eed7885e072bb32f944399d", "$schema": "https://mef.rero.ch/schemas/agents_rero/rero-agent-v0.0.1.json"}	1
2026-03-25 19:53:19.200556+00:00	2026-03-25 19:53:19.200556+00:00	82f26e45-f440-4c3a-973c-5a4900bb7304	{"pid": "A009366743", "type": "bf:Person", "preferred_name": "Liebelin, Fran\\u00e7ois", "authorized_access_point": "Liebelin, Fran\\u00e7ois", "md5": "edc78620164c1901178342250f1ed336", "$schema": "https://mef.rero.ch/schemas/agents_rero/rero-agent-v0.0.1.json"}	1
2026-03-25 19:53:19.200578+00:00	2026-03-25 19:53:19.200578+00:00	1fe53a79-d056-49b6-918c-d3b16fbae20e	{"pid": "A009390744", "type": "bf:Person", "preferred_name": "Baule, Sylvia", "authorized_access_point": "Baule, Sylvia", "md5": "28473cbd485d12eefd69c67dc99e40aa", "$schema": "https://mef.rero.ch/schemas/agents_rero/rero-agent-v0.0.1.json"}	1
2026-03-25 19:53:19.200602+00:00	2026-03-25 19:53:19.200602+00:00	f725ac88-e579-4f0b-ba6b-d85e04b58b22	{"pid": "A009403017", "type": "bf:Organisation", "conference": true, "variant_name": ["International Congress of Gerontology"], "preferred_name": "Congr\\u00e8s international de g\\u00e9rontologie", "variant_access_point": ["International Congress of Gerontology"], "authorized_access_point": "Congr\\u00e8s international de g\\u00e9rontologie", "md5": "7e1d210210bd92b3e70d7610b0bc4479", "$schema": "https://mef.rero.ch/schemas/agents_rero/rero-agent-v0.0.1.json"}	1
2026-03-25 19:53:19.200626+00:00	2026-03-25 19:53:19.200626+00:00	0e4b191c-535f-4cbe-8c78-98588c4fd649	{"pid": "A009426238", "type": "bf:Person", "preferred_name": "Luard, Honey", "authorized_access_point": "Luard, Honey", "md5": "09c393ec1209cfb09aaf4f16a976c961", "$schema": "https://mef.rero.ch/schemas/agents_rero/rero-agent-v0.0.1.json"}	1
2026-03-25 19:53:19.200647+00:00	2026-03-25 19:53:19.200647+00:00	84edbdcb-e8bd-4a41-89d4-23dc2335d9f1	{"pid": "A009431913", "type": "bf:Person", "preferred_name": "Chandler, Caroline A", "authorized_access_point": "Chandler, Caroline A", "md5": "bebdaf0375837bca9e6a23d5be3997b2", "$schema": "https://mef.rero.ch/schemas/agents_rero/rero-agent-v0.0.1.json"}	1
2026-03-25 19:53:19.200669+00:00	2026-03-25 19:53:19.200669+00:00	11ad43fa-e6b1-4933-a739-178ba085bed3	{"pid": "A009476519", "type": "bf:Organisation", "conference": false, "preferred_name": "Society of American Foresters", "authorized_access_point": "Society of American Foresters", "md5": "8f0a9f9af4b05c38f7fe08bfd85af010", "$schema": "https://mef.rero.ch/schemas/agents_rero/rero-agent-v0.0.1.json"}	1
2026-03-25 19:53:19.200691+00:00	2026-03-25 19:53:19.200691+00:00	0028b555-05e7-40d5-b42c-1b7530e9af23	{"pid": "A009505580", "type": "bf:Person", "preferred_name": "Mishra, Omprakash", "authorized_access_point": "Mishra, Omprakash", "md5": "a60636496188365ea3a50f639ce2c554", "$schema": "https://mef.rero.ch/schemas/agents_rero/rero-agent-v0.0.1.json"}	1
2026-03-25 19:53:19.200714+00:00	2026-03-25 19:53:19.200714+00:00	84201eb0-08a3-4550-a092-dc86ff2e2a23	{"pid": "A009519020", "type": "bf:Person", "variant_name": ["Da Costa, Carla Tavares", "Tavares Da Costa, Carla"], "preferred_name": "Costa, Carla Tavares da", "variant_access_point": ["Da Costa, Carla Tavares", "Tavares Da Costa, Carla"], "authorized_access_point": "Costa, Carla Tavares da", "md5": "c6b6fb6e4fc89394ba2b37ade5e2a3d1", "$schema": "https://mef.rero.ch/schemas/agents_rero/rero-agent-v0.0.1.json"}	1
2026-03-25 19:53:19.200743+00:00	2026-03-25 19:53:19.200743+00:00	4e282dfb-d99b-4ac6-abaa-e9d816b9a241	{"pid": "A009523157", "type": "bf:Organisation", "conference": false, "variant_name": ["Association fran\\u00e7aise d'audit et du conseil informatiques", "Association fran\\u00e7aise d'audit et de conseil informatique", "AFAI (Association fran\\u00e7aise de l'audit et du conseil informatiques)", "Association fran\\u00e7aise d'audit informatique", "Association fran\\u00e7aise de l'audit et du conseil informatique"], "preferred_name": "Association fran\\u00e7aise de l'audit et du conseil informatiques", "variant_access_point": ["Association fran\\u00e7aise d'audit et du conseil informatiques", "Association fran\\u00e7aise d'audit et de conseil informatique", "AFAI (Association fran\\u00e7aise de l'audit et du conseil informatiques)", "Association fran\\u00e7aise d'audit informatique", "Association fran\\u00e7aise de l'audit et du conseil informatique"], "authorized_access_point": "Association fran\\u00e7aise de l'audit et du conseil informatiques", "md5": "b62d51d699bbeef706d39a1e903479af", "$schema": "https://mef.rero.ch/schemas/agents_rero/rero-agent-v0.0.1.json"}	1
2026-03-25 19:53:19.200784+00:00	2026-03-25 19:53:19.200784+00:00	78809bea-d1d7-4789-b969-b954be3e5be5	{"pid": "A009541958", "type": "bf:Person", "preferred_name": "B\\u0103dili\\u0163\\u0103, Cristian", "authorized_access_point": "B\\u0103dili\\u0163\\u0103, Cristian", "md5": "73eedd41293ab65fa972acf64be3efe1", "$schema": "https://mef.rero.ch/schemas/agents_rero/rero-agent-v0.0.1.json"}	1
2026-03-25 19:53:19.200807+00:00	2026-03-25 19:53:19.200807+00:00	5d8fecca-5c52-45db-928f-492aa0a09afd	{"pid": "A009544653", "type": "bf:Organisation", "conference": false, "preferred_name": "Women and Law in East Africa (Uganda)", "authorized_access_point": "Women and Law in East Africa (Uganda)", "md5": "97eb1fb82ca3a7a6f1cdab8197ed4c3b", "$schema": "https://mef.rero.ch/schemas/agents_rero/rero-agent-v0.0.1.json"}	1
2026-03-25 19:53:19.200838+00:00	2026-03-25 19:53:19.200838+00:00	36babeea-aa9b-478b-9146-04ec5df4c4d1	{"pid": "A009546303", "type": "bf:Person", "preferred_name": "Wegm\\u00fcller, David", "authorized_access_point": "Wegm\\u00fcller, David", "md5": "d47b409739d6b5d945c99b4c75a02cc5", "$schema": "https://mef.rero.ch/schemas/agents_rero/rero-agent-v0.0.1.json"}	1
2026-03-25 19:53:19.200860+00:00	2026-03-25 19:53:19.200860+00:00	d4b074bb-9c83-4f90-9e88-fb1d2126f531	{"pid": "A009587127", "type": "bf:Organisation", "conference": false, "preferred_name": "Richard Galliano septet", "authorized_access_point": "Richard Galliano septet", "md5": "b7419cfce91d05672e740c6efe467564", "$schema": "https://mef.rero.ch/schemas/agents_rero/rero-agent-v0.0.1.json"}	1
2026-03-25 19:53:19.200884+00:00	2026-03-25 19:53:19.200884+00:00	c6156e03-4305-4b45-a752-665d8acf81e2	{"pid": "A009590113", "type": "bf:Person", "date_of_birth": "1952", "preferred_name": "Haas, Jean-Fran\\u00e7ois,", "authorized_access_point": "Haas, Jean-Fran\\u00e7ois, 1952-", "biographical_information": ["Ecrivain, enseignant. N\\u00e9 \\u00e0 Courtaman (Suisse, FR)"], "md5": "bdf1fe38d38719aeab94f0d886fc47e0", "$schema": "https://mef.rero.ch/schemas/agents_rero/rero-agent-v0.0.1.json"}	1
2026-03-25 19:53:19.200906+00:00	2026-03-25 19:53:19.200906+00:00	8e71fd88-db71-4437-858a-6af56bdbc429	{"pid": "A009621407", "type": "bf:Person", "preferred_name": "H\\u00f6llermann, Stefan", "authorized_access_point": "H\\u00f6llermann, Stefan", "md5": "c37cf5736dc8f29b09c17aa34f985810", "$schema": "https://mef.rero.ch/schemas/agents_rero/rero-agent-v0.0.1.json"}	1
2026-03-25 19:53:19.200928+00:00	2026-03-25 19:53:19.200928+00:00	066ff8c1-296a-46fc-bc46-52827146c688	{"pid": "A009631364", "type": "bf:Person", "preferred_name": "Detmers, Maruschka", "authorized_access_point": "Detmers, Maruschka", "md5": "35cc14bace8f26ccb452f90178ade1b8", "$schema": "https://mef.rero.ch/schemas/agents_rero/rero-agent-v0.0.1.json"}	1
2026-03-25 19:53:19.200964+00:00	2026-03-25 19:53:19.200964+00:00	e322d02d-a3d7-4371-8527-bc5d0dcb49ab	{"pid": "A009639453", "type": "bf:Organisation", "conference": false, "variant_name": ["Centre national de la recherche scientifique (France). Laboratoire Arch\\u00e9ologie et territoires", "Centre national de la recherche scientifique (France). UMR (6575)", "Centre national de la recherche scientifique (France) Unit\\u00e9 mixte de recherche (6575)", "Universit\\u00e9 de Tours. Laboratoire Arch\\u00e9ologie et territoires", "Centre national de la recherche scientifique (France) Unit\\u00e9 mixte de recherche (9966)", "Centre national de la recherche scientifique (France) Unit\\u00e9 propre de recherche (9018)", "LAT (Laboratoire Arch\\u00e9ologie et territoires : Tours)", "Centre de recherches arch\\u00e9ologiques (Valbonne). Laboratoire Arch\\u00e9ologie et territoires", "Equipe LAT (Tours)"], "preferred_name": "Laboratoire Arch\\u00e9ologie et territoires (Tours)", "variant_access_point": ["Centre national de la recherche scientifique (France). Laboratoire Arch\\u00e9ologie et territoires", "Centre national de la recherche scientifique (France). UMR (6575)", "Centre national de la recherche scientifique (France) Unit\\u00e9 mixte de recherche (6575)", "Universit\\u00e9 de Tours. Laboratoire Arch\\u00e9ologie et territoires", "Centre national de la recherche scientifique (France) Unit\\u00e9 mixte de recherche (9966)", "Centre national de la recherche scientifique (France) Unit\\u00e9 propre de recherche (9018)", "LAT (Laboratoire Arch\\u00e9ologie et territoires : Tours)", "Centre de recherches arch\\u00e9ologiques (Valbonne). Laboratoire Arch\\u00e9ologie et territoires", "Equipe LAT (Tours)"], "authorized_access_point": "Laboratoire Arch\\u00e9ologie et territoires (Tours)", "biographical_information": ["Le 01-01-1996, absorbe le GDR 0094 du CNRS \\"Soci\\u00e9t\\u00e9 et cadre de vie au Moyen \\u00e2ge\\" qui devient un programme sp\\u00e9cifique au sein du laboratoire ; le 01-01-2000, absorbe le GDR 0893 \\"Topographie chr\\u00e9tienne des cit\\u00e9s de la Gaule\\". - Depuis 2004, constitue une des trois \\u00e9quipes de recherche de l'UMR 6173 CITERES du CNRS", "Avant 1996:  Centre national de la recherche scientifique (France). Groupement de recherche (0094)", "D\\u00e8s 1996: Laboratoire Arch\\u00e9ologie et territoires (Tours)"], "md5": "6937666268bbffbb8c8129ab6cc7fb15", "$schema": "https://mef.rero.ch/schemas/agents_rero/rero-agent-v0.0.1.json"}	1
2026-03-25 19:53:19.200997+00:00	2026-03-25 19:53:19.200997+00:00	04fb85d8-3233-4a86-80d3-07c9d2ce5751	{"pid": "A009643309", "type": "bf:Person", "preferred_name": "Rubio Pilarte, Xabier", "authorized_access_point": "Rubio Pilarte, Xabier", "md5": "74689bd84413df2dab7e4baa1b464393", "$schema": "https://mef.rero.ch/schemas/agents_rero/rero-agent-v0.0.1.json"}	1
2026-03-25 19:53:19.201019+00:00	2026-03-25 19:53:19.201019+00:00	35b41c1b-5970-4fed-b924-b32e35baaa34	{"pid": "A009673075", "type": "bf:Person", "preferred_name": "D\\u00f6ring, Maria-Louise", "authorized_access_point": "D\\u00f6ring, Maria-Louise", "md5": "490f8e4e85f8bef54235502fd5166aee", "$schema": "https://mef.rero.ch/schemas/agents_rero/rero-agent-v0.0.1.json"}	1
2026-03-25 19:53:19.201040+00:00	2026-03-25 19:53:19.201040+00:00	029d6f55-41c8-4e4f-9072-161569fd3dff	{"pid": "A009687650", "type": "bf:Person", "preferred_name": "Joseph, Branden Wayne", "authorized_access_point": "Joseph, Branden Wayne", "md5": "58f58c0b79e7549425be081eadbff208", "$schema": "https://mef.rero.ch/schemas/agents_rero/rero-agent-v0.0.1.json"}	1
2026-03-25 19:53:19.201061+00:00	2026-03-25 19:53:19.201061+00:00	79dd406c-ad79-4878-a3c2-be570ae3b2dc	{"pid": "A009754386", "type": "bf:Person", "preferred_name": "Mazo, Robert M", "authorized_access_point": "Mazo, Robert M", "md5": "22ca4ce3c66309693212c9ba83b6bc84", "$schema": "https://mef.rero.ch/schemas/agents_rero/rero-agent-v0.0.1.json"}	1
2026-03-25 19:53:19.201085+00:00	2026-03-25 19:53:19.201085+00:00	5a1c4b4d-f451-4ca9-a2f4-c5d9f7a1b3c3	{"pid": "A009973428", "type": "bf:Organisation", "conference": false, "variant_name": ["CCAC (Centro cultural arte contemporaneo, Mexico)"], "preferred_name": "Centro cultural arte contemporaneo (Mexico)", "variant_access_point": ["CCAC (Centro cultural arte contemporaneo, Mexico)"], "authorized_access_point": "Centro cultural arte contemporaneo (Mexico)", "md5": "969b69131fedf63ffe4277e78a2f1dfa", "$schema": "https://mef.rero.ch/schemas/agents_rero/rero-agent-v0.0.1.json"}	1
2026-03-25 19:53:19.201120+00:00	2026-03-25 19:53:19.201120+00:00	0e289fb6-7c0e-4eb5-b18a-c3c2bf05095d	{"pid": "A009989567", "type": "bf:Organisation", "conference": false, "variant_name": ["FITA (F\\u00e9d\\u00e9ration internationale de tir \\u00e0 l'arc)", "International Archery Federation"], "preferred_name": "F\\u00e9d\\u00e9ration internationale de tir \\u00e0 l'arc", "variant_access_point": ["FITA (F\\u00e9d\\u00e9ration internationale de tir \\u00e0 l'arc)", "International Archery Federation"], "authorized_access_point": "F\\u00e9d\\u00e9ration internationale de tir \\u00e0 l'arc", "md5": "63f1796c7fd1c18d881e97e06cd8a06e", "$schema": "https://mef.rero.ch/schemas/agents_rero/rero-agent-v0.0.1.json"}	1
2026-03-25 19:53:19.201147+00:00	2026-03-25 19:53:19.201147+00:00	49febe8b-69bf-4db4-a55b-51e452e7011f	{"pid": "A010006868", "type": "bf:Organisation", "conference": false, "variant_name": ["Centre Le Tram (Carouge)", "Tram (Carouge)"], "preferred_name": "Maison de Pinchat (Carouge)", "variant_access_point": ["Centre Le Tram (Carouge)", "Tram (Carouge)"], "authorized_access_point": "Maison de Pinchat (Carouge)", "md5": "f3b2cb75644daeda822089586254575a", "$schema": "https://mef.rero.ch/schemas/agents_rero/rero-agent-v0.0.1.json"}	1
2026-03-25 19:53:19.201170+00:00	2026-03-25 19:53:19.201170+00:00	e1a13456-df38-42ff-97ad-c8046cea3b6a	{"pid": "A010043080", "type": "bf:Person", "qualifier": "(de Luxeuil)", "preferred_name": "Angelome (de Luxeuil)", "authorized_access_point": "Angelome (de Luxeuil)", "md5": "df619330f945803f61a48dc64e09d652", "$schema": "https://mef.rero.ch/schemas/agents_rero/rero-agent-v0.0.1.json"}	1
2026-03-25 19:53:19.201192+00:00	2026-03-25 19:53:19.201192+00:00	f7ab22ac-168c-47a1-a9ea-46ba652b82dd	{"pid": "A010073993", "type": "bf:Person", "preferred_name": "Didi", "authorized_access_point": "Didi", "md5": "7cb3aaa2a406b91cf6af701924e91d06", "$schema": "https://mef.rero.ch/schemas/agents_rero/rero-agent-v0.0.1.json"}	1
2026-03-25 19:53:19.201213+00:00	2026-03-25 19:53:19.201213+00:00	498fd3d0-0dc8-488b-883c-62a4141ee933	{"pid": "A010086586", "type": "bf:Person", "preferred_name": "Galeer, Albert", "authorized_access_point": "Galeer, Albert", "md5": "2e9d1bd6ca9a80ab344e48d3ce33ca4a", "$schema": "https://mef.rero.ch/schemas/agents_rero/rero-agent-v0.0.1.json"}	1
2026-03-25 19:53:19.201235+00:00	2026-03-25 19:53:19.201235+00:00	10591c67-0216-410e-9d2a-2030df2abdd4	{"pid": "A010104035", "type": "bf:Organisation", "conference": false, "preferred_name": "Kokuga Art Association (Kyoto)", "authorized_access_point": "Kokuga Art Association (Kyoto)", "md5": "af9a545f1b68030311ce9f551fa3b016", "$schema": "https://mef.rero.ch/schemas/agents_rero/rero-agent-v0.0.1.json"}	1
2026-03-25 19:53:19.201257+00:00	2026-03-25 19:53:19.201257+00:00	c4ad9392-5b76-48c5-bb0a-8690e4dc8e42	{"pid": "A010152644", "type": "bf:Person", "preferred_name": "Soveri, Jorma", "authorized_access_point": "Soveri, Jorma", "md5": "7f52e4601aa1119dd76ccd289008c913", "$schema": "https://mef.rero.ch/schemas/agents_rero/rero-agent-v0.0.1.json"}	1
2026-03-25 19:53:19.201278+00:00	2026-03-25 19:53:19.201278+00:00	c91394cd-7a47-4650-b442-d265349f265d	{"pid": "A010154587", "type": "bf:Person", "preferred_name": "Su, Song", "authorized_access_point": "Su, Song", "md5": "de45a869e4080b8be1a488f5fbb137c5", "$schema": "https://mef.rero.ch/schemas/agents_rero/rero-agent-v0.0.1.json"}	1
2026-03-25 19:53:19.201299+00:00	2026-03-25 19:53:19.201299+00:00	2aa86f19-77df-43c7-8a50-700987cbe688	{"pid": "A010176792", "type": "bf:Person", "preferred_name": "Schiavazzi, Piero", "authorized_access_point": "Schiavazzi, Piero", "md5": "093b75daaa7aaaebd0acf88592476b8e", "$schema": "https://mef.rero.ch/schemas/agents_rero/rero-agent-v0.0.1.json"}	1
2026-03-25 19:53:19.201321+00:00	2026-03-25 19:53:19.201321+00:00	eb2ba867-674e-437f-ad94-078113c079ab	{"pid": "A010219336", "type": "bf:Person", "qualifier": "(famille)", "preferred_name": "Collalto (famille)", "authorized_access_point": "Collalto (famille)", "md5": "59d8c3ad99dc1251f4f8303a26cdf96b", "$schema": "https://mef.rero.ch/schemas/agents_rero/rero-agent-v0.0.1.json"}	1
2026-03-25 19:53:19.201343+00:00	2026-03-25 19:53:19.201343+00:00	e95ac1b5-dfc0-4cd1-ba29-ffb86b829329	{"pid": "A010244192", "type": "bf:Person", "preferred_name": "Stephen, Alexander MacGregor", "authorized_access_point": "Stephen, Alexander MacGregor", "md5": "073ab2067d6c8aaa05e108b1ad0b648a", "$schema": "https://mef.rero.ch/schemas/agents_rero/rero-agent-v0.0.1.json"}	1
2026-03-25 19:53:19.201365+00:00	2026-03-25 19:53:19.201365+00:00	bb27f3f6-b2fc-4979-8b2b-fc6fa1b1db9d	{"pid": "A010938873", "type": "bf:Person", "preferred_name": "Florent, Romain", "authorized_access_point": "Florent, Romain", "md5": "a87313f0a458b40bb9c34ae388a1fdee", "$schema": "https://mef.rero.ch/schemas/agents_rero/rero-agent-v0.0.1.json"}	1
2026-03-25 19:53:19.201386+00:00	2026-03-25 19:53:19.201386+00:00	38bbb9eb-d1a5-42a6-bba8-ddb3b7afd235	{"pid": "A010941010", "type": "bf:Person", "preferred_name": "Rodriguez, Raquel", "authorized_access_point": "Rodriguez, Raquel", "md5": "ab870edf3b347a034b28a52db68b9cc9", "$schema": "https://mef.rero.ch/schemas/agents_rero/rero-agent-v0.0.1.json"}	1
2026-03-25 19:53:19.201408+00:00	2026-03-25 19:53:19.201408+00:00	5ab61703-dd66-46d6-9154-d434a1b4485c	{"pid": "A010941759", "type": "bf:Person", "preferred_name": "Yue, Gang", "authorized_access_point": "Yue, Gang", "md5": "e318a84c6747e34f5574ea6db1984cb2", "$schema": "https://mef.rero.ch/schemas/agents_rero/rero-agent-v0.0.1.json"}	1
2026-03-25 19:53:19.201429+00:00	2026-03-25 19:53:19.201429+00:00	0269041b-194b-4705-b30f-b54a9a1be70d	{"pid": "A010952913", "type": "bf:Person", "preferred_name": "Malkin, Borys", "authorized_access_point": "Malkin, Borys", "md5": "6419c76402fba30567fd187f04204b91", "$schema": "https://mef.rero.ch/schemas/agents_rero/rero-agent-v0.0.1.json"}	1
2026-03-25 19:53:19.201451+00:00	2026-03-25 19:53:19.201451+00:00	94907b1b-6a7a-4bdf-8954-06a6f51003aa	{"pid": "A010959260", "type": "bf:Person", "preferred_name": "Georgi, Hans", "authorized_access_point": "Georgi, Hans", "md5": "10f69dcbb246c07798f4549292aef442", "$schema": "https://mef.rero.ch/schemas/agents_rero/rero-agent-v0.0.1.json"}	1
2026-03-25 19:53:19.201473+00:00	2026-03-25 19:53:19.201473+00:00	2ee00773-4eb1-487c-9187-ef64229c29e1	{"pid": "A011007424", "type": "bf:Person", "preferred_name": "Bellini, Emmanuel", "authorized_access_point": "Bellini, Emmanuel", "biographical_information": ["Dates de vie: 1904-"], "md5": "2d7deffed53f10b3ffb3cb6f6d04a90b", "$schema": "https://mef.rero.ch/schemas/agents_rero/rero-agent-v0.0.1.json"}	1
2026-03-25 19:53:19.201503+00:00	2026-03-25 19:53:19.201503+00:00	b699d088-d794-41bf-a8ac-4e94a24bcc36	{"pid": "A011038799", "type": "bf:Person", "preferred_name": "Bergerfurth, Monika", "authorized_access_point": "Bergerfurth, Monika", "md5": "c8d0b11ac43fa70680c4f1f572410e55", "$schema": "https://mef.rero.ch/schemas/agents_rero/rero-agent-v0.0.1.json"}	1
2026-03-25 19:53:19.201526+00:00	2026-03-25 19:53:19.201526+00:00	c0405d4c-780d-40e3-a290-a05351d5b887	{"pid": "A011078595", "type": "bf:Person", "variant_name": ["Valenzuela, Sergio Ort\\u00edz"], "preferred_name": "Ort\\u00edz Valenzuela, Sergio", "variant_access_point": ["Valenzuela, Sergio Ort\\u00edz"], "authorized_access_point": "Ort\\u00edz Valenzuela, Sergio", "md5": "551b5660c3e74df6245d6207175b35e6", "$schema": "https://mef.rero.ch/schemas/agents_rero/rero-agent-v0.0.1.json"}	1
2026-03-25 19:53:19.201549+00:00	2026-03-25 19:53:19.201549+00:00	05a7d5ec-6fef-44d4-8666-d1a539fa57b7	{"pid": "A011089656", "type": "bf:Person", "preferred_name": "Wopperer, Anton", "authorized_access_point": "Wopperer, Anton", "md5": "1cbee83488f8eaba8c70535f2af7e22d", "$schema": "https://mef.rero.ch/schemas/agents_rero/rero-agent-v0.0.1.json"}	1
2026-03-25 19:53:19.201570+00:00	2026-03-25 19:53:19.201570+00:00	ed8e58c2-ded3-4a60-8ef3-cfb15b32eeb7	{"pid": "A011095417", "type": "bf:Person", "preferred_name": "Faralicq, Gaston", "authorized_access_point": "Faralicq, Gaston", "md5": "3c9c492114fe26142c3abed656ad33df", "$schema": "https://mef.rero.ch/schemas/agents_rero/rero-agent-v0.0.1.json"}	1
2026-03-25 19:53:19.201591+00:00	2026-03-25 19:53:19.201591+00:00	981b2187-9de5-4da1-8929-5e8f7b91bad8	{"pid": "A011106617", "type": "bf:Organisation", "conference": false, "preferred_name": "Count Basie Octet", "authorized_access_point": "Count Basie Octet", "md5": "914d137f7033fa1ce5faa2c922c3c7cf", "$schema": "https://mef.rero.ch/schemas/agents_rero/rero-agent-v0.0.1.json"}	1
2026-03-25 19:53:19.201615+00:00	2026-03-25 19:53:19.201615+00:00	7e924fad-ba5d-4129-8354-9fdf676eb5ce	{"pid": "A011113114", "type": "bf:Person", "variant_name": ["Sde-srid Sa\\u1e45s-rgyas-rgya-mtsho", "Sangye Gyatso", "Gyatso, Sangye"], "preferred_name": "Sa\\u1e45s-rgyas-rgya-mtsho, Sde-srid", "variant_access_point": ["Sde-srid Sa\\u1e45s-rgyas-rgya-mtsho", "Sangye Gyatso", "Gyatso, Sangye"], "authorized_access_point": "Sa\\u1e45s-rgyas-rgya-mtsho, Sde-srid", "md5": "556dee50043bd926e94b81a280491822", "$schema": "https://mef.rero.ch/schemas/agents_rero/rero-agent-v0.0.1.json"}	1
2026-03-25 19:53:19.201638+00:00	2026-03-25 19:53:19.201638+00:00	95eb9862-ec6a-4064-9b28-59e38aedf46e	{"pid": "A011132692", "type": "bf:Person", "preferred_name": "Freidberg, Susanne", "authorized_access_point": "Freidberg, Susanne", "md5": "67a9663e90c8e7b697e13bf25496d9ae", "$schema": "https://mef.rero.ch/schemas/agents_rero/rero-agent-v0.0.1.json"}	1
2026-03-25 19:53:19.201663+00:00	2026-03-25 19:53:19.201663+00:00	72e7f501-e188-4059-97bc-aa723c752a85	{"pid": "A011151957", "type": "bf:Organisation", "conference": false, "variant_name": ["Sankt Gallen (Kanton). Ufficio delle costruzioni", "Baudepartement (Sankt Gallen ; Kanton)", "Ufficio delle costruzioni (Sankt Gallen ; Kanton)"], "preferred_name": "Sankt Gallen (Kanton). Baudepartement", "variant_access_point": ["Sankt Gallen (Kanton). Ufficio delle costruzioni", "Baudepartement (Sankt Gallen ; Kanton)", "Ufficio delle costruzioni (Sankt Gallen ; Kanton)"], "authorized_access_point": "Sankt Gallen (Kanton). Baudepartement", "md5": "dc52252070939d63608d7e39e22fa62e", "$schema": "https://mef.rero.ch/schemas/agents_rero/rero-agent-v0.0.1.json"}	1
2026-03-25 19:53:19.201687+00:00	2026-03-25 19:53:19.201687+00:00	93d7b3ad-5cea-4d81-a174-54134dad5a00	{"pid": "A011157710", "type": "bf:Person", "preferred_name": "Feltgen, Eduard", "authorized_access_point": "Feltgen, Eduard", "md5": "061fadbd9bf3dba1d1c09f50b0b4f287", "$schema": "https://mef.rero.ch/schemas/agents_rero/rero-agent-v0.0.1.json"}	1
2026-03-25 19:53:19.201708+00:00	2026-03-25 19:53:19.201708+00:00	86a8f30a-a915-4888-9d2e-bcbe6f893e92	{"pid": "A011241983", "type": "bf:Person", "preferred_name": "Chiffert, L", "authorized_access_point": "Chiffert, L", "md5": "318db2e37a2b494f2c94ce422ae7c14d", "$schema": "https://mef.rero.ch/schemas/agents_rero/rero-agent-v0.0.1.json"}	1
2026-03-25 19:53:19.201731+00:00	2026-03-25 19:53:19.201731+00:00	28cba108-8f58-4b8e-b9ab-6590c4cf03df	{"pid": "A011363373", "type": "bf:Organisation", "conference": false, "variant_name": ["JP (Jeunesses po\\u00e9tiques, Bruxelles)"], "preferred_name": "Jeunesses po\\u00e9tiques (Bruxelles)", "variant_access_point": ["JP (Jeunesses po\\u00e9tiques, Bruxelles)"], "authorized_access_point": "Jeunesses po\\u00e9tiques (Bruxelles)", "md5": "3dd45f6a720323df1996af23731be17b", "$schema": "https://mef.rero.ch/schemas/agents_rero/rero-agent-v0.0.1.json"}	1
2026-03-25 19:53:19.201754+00:00	2026-03-25 19:53:19.201754+00:00	6e2849de-dbb6-47a6-b4ee-a3acfcb20427	{"pid": "A011377115", "type": "bf:Person", "preferred_name": "Deplanque, Laetitia", "authorized_access_point": "Deplanque, Laetitia", "md5": "d5a072bf414d9bda16478fef949b96b6", "$schema": "https://mef.rero.ch/schemas/agents_rero/rero-agent-v0.0.1.json"}	1
2026-03-25 19:53:19.201776+00:00	2026-03-25 19:53:19.201776+00:00	13451d13-a1ff-49ec-9383-1c985108b58b	{"pid": "A011383290", "type": "bf:Person", "variant_name": ["Yersin, Hansueli M\\u00fcller-"], "preferred_name": "M\\u00fcller-Yersin, Hansueli", "variant_access_point": ["Yersin, Hansueli M\\u00fcller-"], "authorized_access_point": "M\\u00fcller-Yersin, Hansueli", "md5": "b118ae6f941bc3eb1bc9fdc952a5e56b", "$schema": "https://mef.rero.ch/schemas/agents_rero/rero-agent-v0.0.1.json"}	1
2026-03-25 19:53:19.201799+00:00	2026-03-25 19:53:19.201799+00:00	b97853dd-f658-4652-8ad3-80ac4f57ba0a	{"pid": "A011384771", "type": "bf:Person", "preferred_name": "Schmidt-Welle, Friedhelm", "authorized_access_point": "Schmidt-Welle, Friedhelm", "md5": "f5a8c6dc84ac9ea6908ce387da498184", "$schema": "https://mef.rero.ch/schemas/agents_rero/rero-agent-v0.0.1.json"}	1
2026-03-25 19:53:19.201820+00:00	2026-03-25 19:53:19.201820+00:00	df24ddf2-75a9-4ee3-a45b-1d189314d851	{"pid": "A011412011", "type": "bf:Person", "preferred_name": "S\\u00f6yrinki, Niilo", "authorized_access_point": "S\\u00f6yrinki, Niilo", "md5": "c7a35422bbbe492fb19b4c5b823eeef2", "$schema": "https://mef.rero.ch/schemas/agents_rero/rero-agent-v0.0.1.json"}	1
2026-03-25 19:53:19.201841+00:00	2026-03-25 19:53:19.201841+00:00	ad4e5bd6-59d8-46f5-a67a-6f5517f34e95	{"pid": "A011417162", "type": "bf:Person", "preferred_name": "Oelenheinz, Leopold", "authorized_access_point": "Oelenheinz, Leopold", "md5": "4a7f28efccf0027e3f23fe42e71a05ce", "$schema": "https://mef.rero.ch/schemas/agents_rero/rero-agent-v0.0.1.json"}	1
2026-03-25 19:53:19.201871+00:00	2026-03-25 19:53:19.201871+00:00	87e42a23-4a14-40ca-843a-e81480a93ad6	{"pid": "A011417535", "type": "bf:Person", "preferred_name": "Gardner, Peter S", "authorized_access_point": "Gardner, Peter S", "md5": "0526879db15e832a5ab744187fa577b1", "$schema": "https://mef.rero.ch/schemas/agents_rero/rero-agent-v0.0.1.json"}	1
2026-03-25 19:53:19.201893+00:00	2026-03-25 19:53:19.201893+00:00	784c242f-bd42-4374-b067-10357c045114	{"pid": "A011464222", "type": "bf:Organisation", "conference": false, "preferred_name": "Pax, Schweizerische Lebensversicherungs-Gesellschaft", "authorized_access_point": "Pax, Schweizerische Lebensversicherungs-Gesellschaft", "md5": "1a9619f514c88e1715993ddc71e0d102", "$schema": "https://mef.rero.ch/schemas/agents_rero/rero-agent-v0.0.1.json"}	1
2026-03-25 19:53:19.201916+00:00	2026-03-25 19:53:19.201916+00:00	b08cc22a-9da0-4885-8141-d601b61a3fcb	{"pid": "A011466531", "type": "bf:Person", "preferred_name": "Olsen, Frode", "authorized_access_point": "Olsen, Frode", "md5": "d217dc3978a464dd46cdb786dc2a992c", "$schema": "https://mef.rero.ch/schemas/agents_rero/rero-agent-v0.0.1.json"}	1
2026-03-25 19:53:19.201937+00:00	2026-03-25 19:53:19.201937+00:00	1dc43929-13c8-4400-9375-b36b207542fb	{"pid": "A011466589", "type": "bf:Organisation", "conference": false, "preferred_name": "Cross-cultural shamanism network", "authorized_access_point": "Cross-cultural shamanism network", "md5": "b867b70b9f034520af2526697883d71d", "$schema": "https://mef.rero.ch/schemas/agents_rero/rero-agent-v0.0.1.json"}	1
2026-03-25 19:53:19.201959+00:00	2026-03-25 19:53:19.201959+00:00	2d1b7684-fa0f-4ca4-8c17-ec280efd0e77	{"pid": "A011493066", "type": "bf:Person", "preferred_name": "Leitner, Marina", "authorized_access_point": "Leitner, Marina", "md5": "11885db4d57d7480fdd6b9e42ce59b61", "$schema": "https://mef.rero.ch/schemas/agents_rero/rero-agent-v0.0.1.json"}	1
2026-03-25 19:53:19.201980+00:00	2026-03-25 19:53:19.201980+00:00	820d0c75-3b50-41fc-a1d4-62db5518f076	{"pid": "A011558774", "type": "bf:Person", "preferred_name": "Scherzer, Carl J", "authorized_access_point": "Scherzer, Carl J", "md5": "794d33c2b2b3543f9286daf9213f4e78", "$schema": "https://mef.rero.ch/schemas/agents_rero/rero-agent-v0.0.1.json"}	1
2026-03-25 19:53:19.202001+00:00	2026-03-25 19:53:19.202001+00:00	9c664663-7ba0-427a-a9c4-693d59eca8be	{"pid": "A011591041", "type": "bf:Person", "preferred_name": "Lamsdorff-Galagane, Vladimiro", "authorized_access_point": "Lamsdorff-Galagane, Vladimiro", "md5": "9809ef74d8e87d8fb1437c330074f431", "$schema": "https://mef.rero.ch/schemas/agents_rero/rero-agent-v0.0.1.json"}	1
2026-03-25 19:53:19.202023+00:00	2026-03-25 19:53:19.202023+00:00	5c8d4dbe-4b3b-4fb3-b0e9-03bf009983f0	{"pid": "A011627404", "type": "bf:Person", "preferred_name": "Fur\\u016bgh\\u012b, Ab\\u016b al-H\\u0323asan", "authorized_access_point": "Fur\\u016bgh\\u012b, Ab\\u016b al-H\\u0323asan", "md5": "aa4cc16938d319af3978f87be89bd68e", "$schema": "https://mef.rero.ch/schemas/agents_rero/rero-agent-v0.0.1.json"}	1
2026-03-25 19:53:19.202045+00:00	2026-03-25 19:53:19.202045+00:00	1c62983c-4ddd-475c-a56b-c62c49147d9c	{"pid": "A011674667", "type": "bf:Person", "preferred_name": "Perrin, Pierre-Louis-Marie-Joseph", "authorized_access_point": "Perrin, Pierre-Louis-Marie-Joseph", "md5": "f523339c7584cd3dc201c61926f68de7", "$schema": "https://mef.rero.ch/schemas/agents_rero/rero-agent-v0.0.1.json"}	1
2026-03-25 19:53:19.202067+00:00	2026-03-25 19:53:19.202067+00:00	4d52a34c-90f3-41c1-8a0c-f4cf188861d7	{"pid": "A011686664", "type": "bf:Person", "preferred_name": "Aprikian, Garbis", "authorized_access_point": "Aprikian, Garbis", "md5": "4f809747c623963d2786ff155ec3154e", "$schema": "https://mef.rero.ch/schemas/agents_rero/rero-agent-v0.0.1.json"}	1
2026-03-25 19:53:19.202089+00:00	2026-03-25 19:53:19.202089+00:00	09b2535c-26d8-4eab-b7ea-91594b0904d4	{"pid": "A011733730", "type": "bf:Organisation", "conference": false, "preferred_name": "Soci\\u00e9t\\u00e9 d'\\u00e9tudes pal\\u00e9ontologiques et palethnographiques de Provence (Marseille)", "authorized_access_point": "Soci\\u00e9t\\u00e9 d'\\u00e9tudes pal\\u00e9ontologiques et palethnographiques de Provence (Marseille)", "md5": "57d256e674b9dc1e47dd678d68fe9e54", "$schema": "https://mef.rero.ch/schemas/agents_rero/rero-agent-v0.0.1.json"}	1
2026-03-25 19:53:19.202112+00:00	2026-03-25 19:53:19.202112+00:00	7926e2c6-3558-4f2c-9465-d956c2bbfd36	{"pid": "A011736857", "type": "bf:Person", "preferred_name": "Jurjevics, Juris", "authorized_access_point": "Jurjevics, Juris", "md5": "c0e956a5de40c20d4084d2a1e00047a3", "$schema": "https://mef.rero.ch/schemas/agents_rero/rero-agent-v0.0.1.json"}	1
2026-03-25 19:53:19.202133+00:00	2026-03-25 19:53:19.202133+00:00	eccfef1c-4cff-4da7-8c17-a1e17671612b	{"pid": "A011743931", "type": "bf:Person", "preferred_name": "Fisher, Philip John", "authorized_access_point": "Fisher, Philip John", "md5": "59178df511da530fbc51cfe01544f58d", "$schema": "https://mef.rero.ch/schemas/agents_rero/rero-agent-v0.0.1.json"}	1
2026-03-25 19:53:19.202155+00:00	2026-03-25 19:53:19.202155+00:00	3dd753ff-57ed-4202-9f06-1fa4675226b5	{"pid": "A011755738", "type": "bf:Person", "preferred_name": "Grimm, Johann", "authorized_access_point": "Grimm, Johann", "md5": "727ccffe3f5c367861be298a15561228", "$schema": "https://mef.rero.ch/schemas/agents_rero/rero-agent-v0.0.1.json"}	1
2026-03-25 19:53:19.202176+00:00	2026-03-25 19:53:19.202176+00:00	f02f81cb-aca4-4eea-bc1f-dc84d6f3f36b	{"pid": "A011817228", "type": "bf:Person", "preferred_name": "Hopf, Friedrich-Eugen", "authorized_access_point": "Hopf, Friedrich-Eugen", "md5": "78ad9180a713301eefa1e149cc5d1dad", "$schema": "https://mef.rero.ch/schemas/agents_rero/rero-agent-v0.0.1.json"}	1
2026-03-25 19:53:19.202199+00:00	2026-03-25 19:53:19.202199+00:00	c5b8655e-01a8-4c6b-9bae-dad7a3163fd1	{"pid": "A011818787", "type": "bf:Organisation", "conference": false, "preferred_name": "Truck Stop (groupe musical)", "authorized_access_point": "Truck Stop (groupe musical)", "md5": "d1c19527e9770f1a10ae4274aaa7a2cd", "$schema": "https://mef.rero.ch/schemas/agents_rero/rero-agent-v0.0.1.json"}	1
2026-03-25 19:53:19.202223+00:00	2026-03-25 19:53:19.202223+00:00	3c19ed0f-655b-4198-80c2-cb60079988d7	{"pid": "A011831186", "type": "bf:Organisation", "conference": false, "preferred_name": "Stendhal-Club", "authorized_access_point": "Stendhal-Club", "md5": "599268211e631de91199934a081fead0", "$schema": "https://mef.rero.ch/schemas/agents_rero/rero-agent-v0.0.1.json"}	1
2026-03-25 19:53:19.202257+00:00	2026-03-25 19:53:19.202257+00:00	0a6b8ff2-426e-4820-bbbe-5c04d6cb0180	{"pid": "A011875062", "type": "bf:Organisation", "conference": false, "preferred_name": "Ecoconseil (La Chaux-de-Fonds)", "authorized_access_point": "Ecoconseil (La Chaux-de-Fonds)", "md5": "a85f2d55d30a685f26ba602f66ea3a62", "$schema": "https://mef.rero.ch/schemas/agents_rero/rero-agent-v0.0.1.json"}	1
2026-03-25 19:53:19.202282+00:00	2026-03-25 19:53:19.202282+00:00	77cce1a7-01d7-4095-99d1-81e6375a68bf	{"pid": "A011896248", "type": "bf:Person", "preferred_name": "Aernecke, Susanne", "authorized_access_point": "Aernecke, Susanne", "md5": "bd7fc1dfb3db53d533789384d0e6c029", "$schema": "https://mef.rero.ch/schemas/agents_rero/rero-agent-v0.0.1.json"}	1
2026-03-25 19:53:19.202306+00:00	2026-03-25 19:53:19.202306+00:00	80236b24-8801-4198-a9e8-7b430a906d20	{"pid": "A011919031", "type": "bf:Person", "preferred_name": "Duton, Fr\\u00e9d\\u00e9ric", "authorized_access_point": "Duton, Fr\\u00e9d\\u00e9ric", "md5": "7093eeb71dde294d5d65dec6e4c406d1", "$schema": "https://mef.rero.ch/schemas/agents_rero/rero-agent-v0.0.1.json"}	1
2026-03-25 19:53:19.202330+00:00	2026-03-25 19:53:19.202330+00:00	01ca2b6c-e7b6-4e96-9570-87b6f6ccd2d2	{"pid": "A011935041", "type": "bf:Person", "preferred_name": "Glasze, Georg", "authorized_access_point": "Glasze, Georg", "md5": "aefd2c802aeacf7020c2078a96e7d8c0", "$schema": "https://mef.rero.ch/schemas/agents_rero/rero-agent-v0.0.1.json"}	1
2026-03-25 19:53:19.202363+00:00	2026-03-25 19:53:19.202363+00:00	3292272e-23b3-4610-a6b9-6b52e30a07d9	{"pid": "A011951291", "type": "bf:Person", "preferred_name": "Road, Sinclair", "authorized_access_point": "Road, Sinclair", "md5": "1365a769e229d6b46d3205ec9abf0808", "$schema": "https://mef.rero.ch/schemas/agents_rero/rero-agent-v0.0.1.json"}	1
2026-03-25 19:53:19.202387+00:00	2026-03-25 19:53:19.202387+00:00	da3653c2-bbdb-4bef-893f-1952e0c066fe	{"pid": "A011958684", "type": "bf:Person", "variant_name": ["Palmo, Tenzin"], "preferred_name": "Tenzin Palmo", "variant_access_point": ["Palmo, Tenzin"], "authorized_access_point": "Tenzin Palmo", "md5": "f98a77dfdff54648a0e088418f4c1e3a", "$schema": "https://mef.rero.ch/schemas/agents_rero/rero-agent-v0.0.1.json"}	1
2026-03-25 19:53:19.202410+00:00	2026-03-25 19:53:19.202410+00:00	2ab05a22-6c8e-4da9-a1a0-2b998dc6ecf9	{"pid": "A011959589", "type": "bf:Person", "preferred_name": "Michalski, W\\u0142adys\\u0142aw", "authorized_access_point": "Michalski, W\\u0142adys\\u0142aw", "md5": "ce26ef79071aa352b78434d21d571d45", "$schema": "https://mef.rero.ch/schemas/agents_rero/rero-agent-v0.0.1.json"}	1
2026-03-25 19:53:19.202439+00:00	2026-03-25 19:53:19.202439+00:00	52b24193-35bb-4072-affe-a383315610cd	{"pid": "A011961159", "type": "bf:Person", "variant_name": ["Cancellieri, Francesco Girolamo,", "Cancellieri, Fran\\u00e7ois,", "Cancellieri, Francisco,", "Cancellerius, Franciscus,", "Cancellierius, Franciscus,", "Cancelieri, Fran\\u00e7ois,"], "date_of_birth": "1751", "date_of_death": "1826", "preferred_name": "Cancellieri, Francesco,", "variant_access_point": ["Cancellieri, Francesco Girolamo, 1751-1826", "Cancellieri, Fran\\u00e7ois, 1751-1826", "Cancellieri, Francisco, 1751-1826", "Cancellerius, Franciscus, 1751-1826", "Cancellierius, Franciscus, 1751-1826", "Cancelieri, Fran\\u00e7ois, 1751-1826"], "authorized_access_point": "Cancellieri, Francesco, 1751-1826", "biographical_information": ["Abb\\u00e9. - Arch\\u00e9ologue. - Biblioth\\u00e9caire"], "md5": "86b3feae73a7b624fd22a97cb01bea34", "$schema": "https://mef.rero.ch/schemas/agents_rero/rero-agent-v0.0.1.json"}	1
2026-03-25 19:53:19.202466+00:00	2026-03-25 19:53:19.202466+00:00	0d65b1a6-80ab-4223-9d5f-9b0874cec5fb	{"pid": "A011964957", "type": "bf:Person", "preferred_name": "Hauenschild, Katrin", "authorized_access_point": "Hauenschild, Katrin", "md5": "8b13822069ddb8c859d8cd3b4be87752", "$schema": "https://mef.rero.ch/schemas/agents_rero/rero-agent-v0.0.1.json"}	1
2026-03-25 19:53:19.202488+00:00	2026-03-25 19:53:19.202488+00:00	32f08e58-9dbf-4aaa-b23f-6f99844bc82d	{"pid": "A011971216", "type": "bf:Person", "preferred_name": "Peterson, Rudolph A", "authorized_access_point": "Peterson, Rudolph A", "md5": "a6fdf4d0b0d0afca6ab212db91287827", "$schema": "https://mef.rero.ch/schemas/agents_rero/rero-agent-v0.0.1.json"}	1
2026-03-25 19:53:19.202510+00:00	2026-03-25 19:53:19.202510+00:00	7c0d7d4e-3b75-40d1-b522-0568207fb2e4	{"pid": "A011981174", "type": "bf:Person", "preferred_name": "Luke, Jeff S", "authorized_access_point": "Luke, Jeff S", "md5": "640333a39c5420772828eb64a511c455", "$schema": "https://mef.rero.ch/schemas/agents_rero/rero-agent-v0.0.1.json"}	1
2026-03-25 19:53:19.202531+00:00	2026-03-25 19:53:19.202531+00:00	af9a2f38-e650-4781-80f9-015706f465c7	{"pid": "A011983307", "type": "bf:Person", "preferred_name": "Bhatt, Anil", "authorized_access_point": "Bhatt, Anil", "md5": "604205a28809ebb92da5ed50a2932b3e", "$schema": "https://mef.rero.ch/schemas/agents_rero/rero-agent-v0.0.1.json"}	1
2026-03-25 19:53:19.202553+00:00	2026-03-25 19:53:19.202553+00:00	6d164f6c-a60c-455b-bb19-752781e5210e	{"pid": "A011992966", "type": "bf:Person", "variant_name": ["Pantoja de M. Pimentel, Angela"], "preferred_name": "Pimentel, Angela Pantoja de M", "variant_access_point": ["Pantoja de M. Pimentel, Angela"], "authorized_access_point": "Pimentel, Angela Pantoja de M", "md5": "baf8309ed94306d3a0062289e9014032", "$schema": "https://mef.rero.ch/schemas/agents_rero/rero-agent-v0.0.1.json"}	1
2026-03-25 19:53:19.202576+00:00	2026-03-25 19:53:19.202576+00:00	f070cd82-1227-434e-bed1-057f4cddb644	{"pid": "A012003599", "type": "bf:Person", "preferred_name": "Montes, Noem\\u00ed", "authorized_access_point": "Montes, Noem\\u00ed", "md5": "2b121c6935184adee42d1ba80e9207a2", "$schema": "https://mef.rero.ch/schemas/agents_rero/rero-agent-v0.0.1.json"}	1
2026-03-25 19:53:19.202600+00:00	2026-03-25 19:53:19.202600+00:00	88146ef8-d783-4341-bee1-4e53769e8285	{"pid": "A012045391", "type": "bf:Organisation", "conference": false, "variant_name": ["Soci\\u00e9t\\u00e9 philanhrophique suisse Union"], "preferred_name": "Union (Soci\\u00e9t\\u00e9 philanthropique suisse)", "variant_access_point": ["Soci\\u00e9t\\u00e9 philanhrophique suisse Union"], "authorized_access_point": "Union (Soci\\u00e9t\\u00e9 philanthropique suisse)", "md5": "559ff690eb81c6de5e1be240c8ea5e30", "$schema": "https://mef.rero.ch/schemas/agents_rero/rero-agent-v0.0.1.json"}	1
2026-03-25 19:53:19.202627+00:00	2026-03-25 19:53:19.202627+00:00	bc3bf39a-0c71-481e-aa7b-2b4862186212	{"pid": "A012045625", "type": "bf:Person", "variant_name": ["Tim\\u010denko, Irina Petrovna"], "preferred_name": "Timchenko, Irina Petrovna", "variant_access_point": ["Tim\\u010denko, Irina Petrovna"], "parallel_access_point": ["\\u0422\\u0438\\u043c\\u0447\\u0435\\u043d\\u043a\\u043e, \\u0418\\u0440\\u0438\\u043d\\u0430 \\u041f\\u0435\\u0442\\u0440\\u043e\\u0432\\u043d\\u0430"], "authorized_access_point": "Timchenko, Irina Petrovna", "md5": "e0b3523ef828847ac97b102a6466330f", "$schema": "https://mef.rero.ch/schemas/agents_rero/rero-agent-v0.0.1.json"}	1
2026-03-25 19:53:19.202660+00:00	2026-03-25 19:53:19.202660+00:00	d7eef92f-5311-4e9f-ae19-aa7d3ddaa4cb	{"pid": "A012053752", "type": "bf:Person", "preferred_name": "Garc\\u00eda Ca\\u00f1izares, Felipe", "authorized_access_point": "Garc\\u00eda Ca\\u00f1izares, Felipe", "md5": "b1ae34a41573c626bf61cc1a880ceb66", "$schema": "https://mef.rero.ch/schemas/agents_rero/rero-agent-v0.0.1.json"}	1
2026-03-25 19:53:19.202683+00:00	2026-03-25 19:53:19.202683+00:00	0dfd91b8-15df-4acf-88eb-5e7e374dd6a5	{"pid": "A012086274", "type": "bf:Person", "preferred_name": "Langie, Kazimierz", "authorized_access_point": "Langie, Kazimierz", "md5": "104cef43f6aa7d7e13706bf4b6eca1bd", "$schema": "https://mef.rero.ch/schemas/agents_rero/rero-agent-v0.0.1.json"}	1
2026-03-25 19:53:19.202704+00:00	2026-03-25 19:53:19.202704+00:00	b325c885-95e9-4959-a89d-87b0b2222a1c	{"pid": "A012098479", "type": "bf:Person", "preferred_name": "Riley, Barry", "authorized_access_point": "Riley, Barry", "md5": "62035c610b685e7884483887526be397", "$schema": "https://mef.rero.ch/schemas/agents_rero/rero-agent-v0.0.1.json"}	1
2026-03-25 19:53:19.202725+00:00	2026-03-25 19:53:19.202725+00:00	65ab41d3-c0af-482b-8853-f20172a80792	{"pid": "A012105454", "type": "bf:Person", "preferred_name": "Weaving, Rachel", "authorized_access_point": "Weaving, Rachel", "md5": "be16da67d3e6516974f507231f215281", "$schema": "https://mef.rero.ch/schemas/agents_rero/rero-agent-v0.0.1.json"}	1
2026-03-25 19:53:19.202746+00:00	2026-03-25 19:53:19.202746+00:00	ac8e5ad3-cd98-4141-8788-91c0dd1da80f	{"pid": "A012128366", "type": "bf:Person", "preferred_name": "Bossbach, Christel", "authorized_access_point": "Bossbach, Christel", "md5": "d14da33cf91c1a1f2bcb14b245d32b28", "$schema": "https://mef.rero.ch/schemas/agents_rero/rero-agent-v0.0.1.json"}	1
2026-03-25 19:53:19.202768+00:00	2026-03-25 19:53:19.202768+00:00	d07c57ff-2ad7-4342-80aa-3fe9f37c5fb1	{"pid": "A012136328", "type": "bf:Organisation", "conference": false, "preferred_name": "Sociedad geogr\\u00e1fica de Cuba", "authorized_access_point": "Sociedad geogr\\u00e1fica de Cuba", "md5": "5f17a78c53bafebf5ba14ff153fe870a", "$schema": "https://mef.rero.ch/schemas/agents_rero/rero-agent-v0.0.1.json"}	1
2026-03-25 19:53:19.202791+00:00	2026-03-25 19:53:19.202791+00:00	09eb1c8d-077a-47c7-a9dc-04d37fb3689d	{"pid": "A012311534", "type": "bf:Organisation", "conference": true, "preferred_name": "IMA Participating Institutions Conference on Singularities (1986 :", "authorized_access_point": "IMA Participating Institutions Conference on Singularities (1986 : University of Iowa)", "md5": "2b8dfc76bca81cc2e2d8d26b9f21e376", "$schema": "https://mef.rero.ch/schemas/agents_rero/rero-agent-v0.0.1.json"}	1
2026-03-25 19:53:19.202815+00:00	2026-03-25 19:53:19.202815+00:00	712ad08f-3f8f-4435-8692-34eb0954d74c	{"pid": "A012313581", "type": "bf:Organisation", "conference": false, "preferred_name": "Friedrich-Alexander-Universit\\u00e4t (Erlangen-N\\u00fcrnberg). Juristische Fakult\\u00e4t", "authorized_access_point": "Friedrich-Alexander-Universit\\u00e4t (Erlangen-N\\u00fcrnberg). Juristische Fakult\\u00e4t", "md5": "4cf2d35619f22e695d00690a01b4cad2", "$schema": "https://mef.rero.ch/schemas/agents_rero/rero-agent-v0.0.1.json"}	1
2026-03-25 19:53:19.202838+00:00	2026-03-25 19:53:19.202838+00:00	16309dcf-7f86-4a24-a6fd-3081f35d6858	{"pid": "A012313815", "type": "bf:Person", "date_of_birth": "1923", "preferred_name": "Kretzschmar, Serge,", "authorized_access_point": "Kretzschmar, Serge, 1923-", "md5": "462afc130e6821057c0117bb96d122ec", "$schema": "https://mef.rero.ch/schemas/agents_rero/rero-agent-v0.0.1.json"}	1
2026-03-25 19:53:19.202861+00:00	2026-03-25 19:53:19.202861+00:00	2de909fa-fe3b-46bb-b59e-7c9a50f035ec	{"pid": "A012315468", "type": "bf:Organisation", "conference": true, "preferred_name": "KnowRight Conference (1995 :", "authorized_access_point": "KnowRight Conference (1995 : Wien)", "md5": "0bebdf9fe7852dfeda7780edf504fef9", "$schema": "https://mef.rero.ch/schemas/agents_rero/rero-agent-v0.0.1.json"}	1
2026-03-25 19:53:19.202887+00:00	2026-03-25 19:53:19.202887+00:00	0c52a837-7b0a-433d-8300-f3609ad5fa76	{"pid": "A012322962", "type": "bf:Person", "date_of_birth": "1943", "preferred_name": "Schneider, Bernard,", "authorized_access_point": "Schneider, Bernard, 1943-", "biographical_information": ["Juriste neuch\\u00e2telois. - Docteur en droit de l'Universit\\u00e9 de Neuch\\u00e2tel (1973). - S\\u00e9jours d'\\u00e9tudes \\u00e0 Cologne, \\u00e0 La Haye et au Canada. - Collaborateur scientifique \\u00e0 la facult\\u00e9 de droit de l'Universit\\u00e9 de Gen\\u00e8ve. - Pr\\u00e9sident du Tribunal de district du Val-de-Travers \\u00e0 M\\u00f4tiers (1978-1996)"], "md5": "5c11f0920160f3a5a0afa0783679f87a", "$schema": "https://mef.rero.ch/schemas/agents_rero/rero-agent-v0.0.1.json"}	1
2026-03-25 19:53:19.202913+00:00	2026-03-25 19:53:19.202913+00:00	cfc85dad-5b92-425a-b37e-30a56d85acca	{"pid": "A012323710", "type": "bf:Organisation", "conference": true, "preferred_name": "Congr\\u00e8s des notaires de France 1996 :", "authorized_access_point": "Congr\\u00e8s des notaires de France (92 : 1996 : Deauville)", "md5": "017af2fb7c73c9191c4ea40b5b548231", "$schema": "https://mef.rero.ch/schemas/agents_rero/rero-agent-v0.0.1.json"}	1
2026-03-25 19:53:19.202936+00:00	2026-03-25 19:53:19.202936+00:00	d0c95c62-2137-45b0-a4d8-00b5a2e0926c	{"pid": "A012325371", "type": "bf:Organisation", "conference": true, "preferred_name": "Colloque d'histoire sociale (1970 :", "authorized_access_point": "Colloque d'histoire sociale (1970 : Besan\\u00e7on)", "md5": "e2a53cd18b971c675ff1b1c0e3423e77", "$schema": "https://mef.rero.ch/schemas/agents_rero/rero-agent-v0.0.1.json"}	1
2026-03-25 19:53:19.202959+00:00	2026-03-25 19:53:19.202959+00:00	e7ed9c28-1b60-4c49-89f2-63c882239b82	{"pid": "A012329066", "type": "bf:Person", "qualifier": "Dr en sc. nat", "preferred_name": "Huebner, Hans, Dr en sc. nat", "authorized_access_point": "Huebner, Hans, Dr en sc. nat", "md5": "78ee8748b07deff77bf75c096d545e47", "$schema": "https://mef.rero.ch/schemas/agents_rero/rero-agent-v0.0.1.json"}	1
2026-03-25 19:53:19.202981+00:00	2026-03-25 19:53:19.202981+00:00	58f671e9-90e8-4681-a6e9-bc429b9a1708	{"pid": "A012332893", "type": "bf:Person", "qualifier": "juriste", "preferred_name": "Fitzgerald, Brian, juriste", "authorized_access_point": "Fitzgerald, Brian, juriste", "md5": "8ed72af8b98b3ca86457e442b79f9018", "$schema": "https://mef.rero.ch/schemas/agents_rero/rero-agent-v0.0.1.json"}	1
2026-03-25 19:53:19.203004+00:00	2026-03-25 19:53:19.203004+00:00	2940bee7-c9df-4152-84a3-95c1a0c2ec51	{"pid": "A012335428", "type": "bf:Organisation", "conference": false, "preferred_name": "Universit\\u00e9 de Strasbourg. Institut de sciences criminelles et p\\u00e9nitentiaires", "authorized_access_point": "Universit\\u00e9 de Strasbourg. Institut de sciences criminelles et p\\u00e9nitentiaires", "md5": "bce778a50244e787eb04a6a991632884", "$schema": "https://mef.rero.ch/schemas/agents_rero/rero-agent-v0.0.1.json"}	1
2026-03-25 19:53:19.203036+00:00	2026-03-25 19:53:19.203036+00:00	756ec796-6c88-418e-b538-52d6c3014e8f	{"pid": "A012338211", "type": "bf:Person", "qualifier": "anthropologue", "preferred_name": "Desjardins, Michel, anthropologue", "authorized_access_point": "Desjardins, Michel, anthropologue", "md5": "1ecf28e4b372dedec5e252231550c124", "$schema": "https://mef.rero.ch/schemas/agents_rero/rero-agent-v0.0.1.json"}	1
2026-03-25 19:53:19.203059+00:00	2026-03-25 19:53:19.203059+00:00	4958414b-3e19-4178-b47d-dffb9012a2bd	{"pid": "A012343378", "type": "bf:Organisation", "conference": true, "preferred_name": "Montreal Conference on Group Actions and Invariant Theory (1988 :", "authorized_access_point": "Montreal Conference on Group Actions and Invariant Theory (1988 : Montr\\u00e9al)", "md5": "9ff9e0f06122086fb0e58eb2252ac0cb", "$schema": "https://mef.rero.ch/schemas/agents_rero/rero-agent-v0.0.1.json"}	1
2026-03-25 19:53:19.203082+00:00	2026-03-25 19:53:19.203082+00:00	9ace9ddb-5ca6-4034-9fae-48089a7466f7	{"pid": "A012346177", "type": "bf:Person", "qualifier": "m\\u00e9decin", "preferred_name": "Monnier, Jean-Fran\\u00e7ois, m\\u00e9decin", "authorized_access_point": "Monnier, Jean-Fran\\u00e7ois, m\\u00e9decin", "md5": "051fc277b95ba8b815ec5bb1c7ea7067", "$schema": "https://mef.rero.ch/schemas/agents_rero/rero-agent-v0.0.1.json"}	1
2026-03-25 19:53:19.203105+00:00	2026-03-25 19:53:19.203105+00:00	b5dfb34c-ece0-4c38-94fd-8ac2acf21c71	{"pid": "A012346982", "type": "bf:Organisation", "conference": false, "preferred_name": "Commission internationale de juristes. Conf\\u00e9rence (1985 :", "authorized_access_point": "Commission internationale de juristes. Conf\\u00e9rence (1985 : Nairobi)", "md5": "55ed54994099a9e2972190319264b903", "$schema": "https://mef.rero.ch/schemas/agents_rero/rero-agent-v0.0.1.json"}	1
2026-03-25 19:53:19.203129+00:00	2026-03-25 19:53:19.203129+00:00	9b85eac9-fea7-4df5-90df-eb2a5c702fa4	{"pid": "A012349826", "type": "bf:Organisation", "conference": false, "preferred_name": "University of California (Los Angeles). Institute of Archaeology", "authorized_access_point": "University of California (Los Angeles). Institute of Archaeology", "md5": "8a3cc89bcb074ec44bcfdeea981f7e62", "$schema": "https://mef.rero.ch/schemas/agents_rero/rero-agent-v0.0.1.json"}	1
2026-03-25 19:53:19.203152+00:00	2026-03-25 19:53:19.203152+00:00	60b48cda-4e9e-460a-be9a-8981922713f6	{"pid": "A012350932", "type": "bf:Organisation", "conference": false, "preferred_name": "Johns Hopkins University (Baltimore). Department of History", "authorized_access_point": "Johns Hopkins University (Baltimore). Department of History", "md5": "4bf467667cbf5b3634eae19116a99096", "$schema": "https://mef.rero.ch/schemas/agents_rero/rero-agent-v0.0.1.json"}	1
2026-03-25 19:53:19.203175+00:00	2026-03-25 19:53:19.203175+00:00	7c786e0c-c409-46ad-a345-242a3bfb035e	{"pid": "A012352585", "type": "bf:Organisation", "conference": false, "preferred_name": "Kuwait University. Libraries Department", "authorized_access_point": "Kuwait University. Libraries Department", "md5": "cd6964335690d4abf06825ac6cfbde47", "$schema": "https://mef.rero.ch/schemas/agents_rero/rero-agent-v0.0.1.json"}	1
2026-03-25 19:53:19.203199+00:00	2026-03-25 19:53:19.203199+00:00	1bc05670-1c0a-4319-abe4-f5bbc2412512	{"pid": "A012353728", "type": "bf:Organisation", "conference": true, "preferred_name": "Colloque sur les repr\\u00e9sentations des groupes finis (1988 :", "authorized_access_point": "Colloque sur les repr\\u00e9sentations des groupes finis (1988 : Marseille-Luminy)", "md5": "0a17b1594a42e33f20c2fd5547aaf4be", "$schema": "https://mef.rero.ch/schemas/agents_rero/rero-agent-v0.0.1.json"}	1
2026-03-25 19:53:19.203221+00:00	2026-03-25 19:53:19.203221+00:00	7226e597-e65f-4a24-8038-d1f78776f63c	{"pid": "A012366684", "type": "bf:Organisation", "conference": true, "preferred_name": "Congr\\u00e8s international de langue et litt\\u00e9rature d'oc 1955 :", "authorized_access_point": "Congr\\u00e8s international de langue et litt\\u00e9rature d'oc (1 : 1955 : Avignon)", "md5": "1ee7ae008e0403a25edd50536f4a3955", "$schema": "https://mef.rero.ch/schemas/agents_rero/rero-agent-v0.0.1.json"}	1
2026-03-25 19:53:19.203246+00:00	2026-03-25 19:53:19.203246+00:00	80076a7e-0c94-49a8-ae07-0bf341e78960	{"pid": "A012368293", "type": "bf:Organisation", "conference": false, "preferred_name": "Association internationale de philosophie du droit et de philosophie sociale. Deutsche Sektion. Tagung (1996 :", "authorized_access_point": "Association internationale de philosophie du droit et de philosophie sociale. Deutsche Sektion. Tagung (1996 : Jena)", "md5": "32af0ab6c1e4cbdbaabcfdee7706aa70", "$schema": "https://mef.rero.ch/schemas/agents_rero/rero-agent-v0.0.1.json"}	1
2026-03-25 19:53:19.203270+00:00	2026-03-25 19:53:19.203270+00:00	45d3f07a-8569-426b-b5b7-5b7e2a5bdb10	{"pid": "A012368815", "type": "bf:Organisation", "conference": true, "preferred_name": "Colloque sur le patrimoine syriaque 1994 :", "authorized_access_point": "Colloque sur le patrimoine syriaque (2 : 1994 : Antelias)", "md5": "47e3517aabf466942b733202a923cbc2", "$schema": "https://mef.rero.ch/schemas/agents_rero/rero-agent-v0.0.1.json"}	1
2026-03-25 19:53:19.203293+00:00	2026-03-25 19:53:19.203293+00:00	def55af5-5edd-41e9-b5ab-5aa308f3ad4f	{"pid": "A012371308", "type": "bf:Person", "qualifier": "photographe", "preferred_name": "Leroy, Bernard, photographe", "authorized_access_point": "Leroy, Bernard, photographe", "md5": "f9625b807e37405706c1ff3510eaae95", "$schema": "https://mef.rero.ch/schemas/agents_rero/rero-agent-v0.0.1.json"}	1
2026-03-25 19:53:19.203315+00:00	2026-03-25 19:53:19.203315+00:00	32aa141c-b741-4b4d-b02d-72c0505be57d	{"pid": "A012374691", "type": "bf:Organisation", "conference": false, "preferred_name": "Victoria and Albert Museum (London). Conservation Department", "authorized_access_point": "Victoria and Albert Museum (London). Conservation Department", "md5": "0b7b95b1a2475eb5084ab5a69e94e95a", "$schema": "https://mef.rero.ch/schemas/agents_rero/rero-agent-v0.0.1.json"}	1
2026-03-25 19:53:19.203338+00:00	2026-03-25 19:53:19.203338+00:00	f835647b-0fa2-407c-adc5-51177aa57594	{"pid": "A012374741", "type": "bf:Organisation", "conference": true, "preferred_name": "Salon de mai 1991 :", "authorized_access_point": "Salon de mai (46 : 1991 : Paris)", "md5": "0f60f5ab4df7f4d7da0af455c9ef2851", "$schema": "https://mef.rero.ch/schemas/agents_rero/rero-agent-v0.0.1.json"}	1
2026-03-25 19:53:19.203360+00:00	2026-03-25 19:53:19.203360+00:00	d5164a79-cec7-4b47-9146-4964be9e15f2	{"pid": "A012377358", "type": "bf:Organisation", "conference": false, "preferred_name": "Johannes Gutenberg Universit\\u00e4t (Mainz). Fachbereich Rechts- und Wirtschaftswissenschaften", "authorized_access_point": "Johannes Gutenberg Universit\\u00e4t (Mainz). Fachbereich Rechts- und Wirtschaftswissenschaften", "md5": "76fc9592ee0d0691aca4f05fb71c8685", "$schema": "https://mef.rero.ch/schemas/agents_rero/rero-agent-v0.0.1.json"}	1
2026-03-25 19:53:19.203391+00:00	2026-03-25 19:53:19.203391+00:00	930aeefc-1023-4aaf-ab38-25ee4e8dc809	{"pid": "A012377584", "type": "bf:Organisation", "conference": false, "preferred_name": "University of Denver. Center for Judaic Studies", "authorized_access_point": "University of Denver. Center for Judaic Studies", "md5": "83a26b1e56e5c8540e74b82e631badc2", "$schema": "https://mef.rero.ch/schemas/agents_rero/rero-agent-v0.0.1.json"}	1
2026-03-25 19:53:19.203415+00:00	2026-03-25 19:53:19.203415+00:00	aa81b6d8-2fb7-4681-84a1-041fa6e965b2	{"pid": "A012378544", "type": "bf:Organisation", "conference": false, "preferred_name": "Universit\\u00e9 de Lausanne. Centre du droit de l'entreprise. Journ\\u00e9e d'\\u00e9tude (1990 :", "authorized_access_point": "Universit\\u00e9 de Lausanne. Centre du droit de l'entreprise. Journ\\u00e9e d'\\u00e9tude (1990 : Lausanne)", "md5": "b59cb29a6c9a50ddfc2952bf74169954", "$schema": "https://mef.rero.ch/schemas/agents_rero/rero-agent-v0.0.1.json"}	1
2026-03-25 19:53:19.203483+00:00	2026-03-25 19:53:19.203483+00:00	09d4030a-a937-4b40-b715-068a596d24d2	{"pid": "A012385634", "type": "bf:Organisation", "conference": false, "preferred_name": "Universit\\u00e0 di Bologna. Istituto di sociologia", "authorized_access_point": "Universit\\u00e0 di Bologna. Istituto di sociologia", "md5": "48f71e6bbe8a3d34f73781ded172009d", "$schema": "https://mef.rero.ch/schemas/agents_rero/rero-agent-v0.0.1.json"}	1
2026-03-25 19:53:19.203991+00:00	2026-03-25 19:53:19.203991+00:00	bf7b0bf4-e92d-49c7-b34c-d43e1f8a2c5c	{"pid": "A012387266", "type": "bf:Organisation", "conference": true, "preferred_name": "Internationales Symposium f\\u00fcr Viktimologie 1979 :", "authorized_access_point": "Internationales Symposium f\\u00fcr Viktimologie (3 : 1979 : M\\u00fcnster-Westfalen)", "md5": "6cc85701fb185fe4ae2a4edc150478ec", "$schema": "https://mef.rero.ch/schemas/agents_rero/rero-agent-v0.0.1.json"}	1
2026-03-25 19:53:19.204017+00:00	2026-03-25 19:53:19.204017+00:00	21cdf74e-5553-48d6-a05f-8c493bfd911b	{"pid": "A012387358", "type": "bf:Organisation", "conference": true, "preferred_name": "Environment Law Conference (1990 :", "authorized_access_point": "Environment Law Conference (1990 : Durham)", "md5": "e00ccc991b2e85b88a1c9186b7fc6b00", "$schema": "https://mef.rero.ch/schemas/agents_rero/rero-agent-v0.0.1.json"}	1
2026-03-25 19:53:19.204042+00:00	2026-03-25 19:53:19.204042+00:00	c1de1381-5682-459c-a05c-694442236cdb	{"pid": "A012387899", "type": "bf:Person", "qualifier": "libraire du 17e s", "preferred_name": "Blaise, Pierre, libraire du 17e s", "authorized_access_point": "Blaise, Pierre, libraire du 17e s", "md5": "a86f915ed38dbe1052146a2cc17fd3c2", "$schema": "https://mef.rero.ch/schemas/agents_rero/rero-agent-v0.0.1.json"}	1
2026-03-25 19:53:19.204066+00:00	2026-03-25 19:53:19.204066+00:00	6c4e85cb-5694-450b-ae2f-c448fea51e4d	{"pid": "A012388774", "type": "bf:Person", "qualifier": "Jr", "preferred_name": "Lowry, Eddie R., Jr", "authorized_access_point": "Lowry, Eddie R., Jr", "md5": "eb28708e7d9caf05e8438f0a442ea467", "$schema": "https://mef.rero.ch/schemas/agents_rero/rero-agent-v0.0.1.json"}	1
2026-03-25 19:53:19.204090+00:00	2026-03-25 19:53:19.204090+00:00	aad70afa-01ab-4e9e-8574-350dd4681432	{"pid": "A012388884", "type": "bf:Organisation", "conference": false, "preferred_name": "Evaluation sociologique et analyse institutionnelle des manifestations artistiques. Colloque (1989 :", "authorized_access_point": "Evaluation sociologique et analyse institutionnelle des manifestations artistiques. Colloque (1989 : Bruxelles)", "md5": "16ed625c37f38251ce818e97e008224e", "$schema": "https://mef.rero.ch/schemas/agents_rero/rero-agent-v0.0.1.json"}	1
2026-03-25 19:53:19.204114+00:00	2026-03-25 19:53:19.204114+00:00	5bfc45a0-cfe9-4ad6-b7cf-9d357d650d68	{"pid": "A012390212", "type": "bf:Organisation", "conference": false, "preferred_name": "Mus\\u00e9e Bourdelle (Paris)", "authorized_access_point": "Mus\\u00e9e Bourdelle (Paris)", "md5": "ca98e5c0f97494c18343b6d5cc58129b", "$schema": "https://mef.rero.ch/schemas/agents_rero/rero-agent-v0.0.1.json"}	1
2026-03-25 19:53:19.204139+00:00	2026-03-25 19:53:19.204139+00:00	6f0db627-8b5c-405b-9d39-ad9a2965a693	{"pid": "A012391465", "type": "bf:Organisation", "conference": false, "preferred_name": "Universit\\u00e9 Jean Monnet (Saint-Etienne). Groupe de recherches ib\\u00e9riques et ib\\u00e9ro-am\\u00e9ricaines. Colloque international (2002 :", "authorized_access_point": "Universit\\u00e9 Jean Monnet (Saint-Etienne). Groupe de recherches ib\\u00e9riques et ib\\u00e9ro-am\\u00e9ricaines. Colloque international (2002 : Saint-Etienne)", "md5": "919a87a013ad1e8487b6d71c600ef711", "$schema": "https://mef.rero.ch/schemas/agents_rero/rero-agent-v0.0.1.json"}	1
2026-03-25 19:53:19.204164+00:00	2026-03-25 19:53:19.204164+00:00	02fc2611-a290-4bfc-b6b0-fc307f4f2d34	{"pid": "A012393385", "type": "bf:Organisation", "conference": false, "preferred_name": "Etudes d'anthroponymie m\\u00e9di\\u00e9vale. Rencontres 1986-1987 :", "authorized_access_point": "Etudes d'anthroponymie m\\u00e9di\\u00e9vale. Rencontres (1-2 : 1986-1987 : Azay-le-Ferron)", "md5": "58a7e62e16b502d6d4cb902d869e9a7d", "$schema": "https://mef.rero.ch/schemas/agents_rero/rero-agent-v0.0.1.json"}	1
2026-03-25 19:53:19.204187+00:00	2026-03-25 19:53:19.204187+00:00	1d8d44ad-cb01-4e49-8d57-79238b54f8c1	{"pid": "A012394672", "type": "bf:Organisation", "conference": false, "preferred_name": "Techno-Z FH-Salzburg. Institute for Information Economy and New Media", "authorized_access_point": "Techno-Z FH-Salzburg. Institute for Information Economy and New Media", "md5": "1d6ad8b94958fb042339c94e112a7d8c", "$schema": "https://mef.rero.ch/schemas/agents_rero/rero-agent-v0.0.1.json"}	1
2026-03-25 19:53:19.204210+00:00	2026-03-25 19:53:19.204210+00:00	55c431ba-e76c-4991-9029-97d8653c5665	{"pid": "A012396940", "type": "bf:Organisation", "conference": false, "preferred_name": "Internacia Katolika Unui\\u011do Esperantista. Kongreso 1996 :", "authorized_access_point": "Internacia Katolika Unui\\u011do Esperantista. Kongreso (12 : 1996 : Szombathely)", "md5": "8c887ccb3e262b5b1a9dde8bb9280297", "$schema": "https://mef.rero.ch/schemas/agents_rero/rero-agent-v0.0.1.json"}	1
2026-03-25 19:53:19.204233+00:00	2026-03-25 19:53:19.204233+00:00	ea4f962b-a778-44bc-a3bc-a338e2830c9d	{"pid": "A012397510", "type": "bf:Organisation", "conference": false, "preferred_name": "Stadtgalerie (Saarbr\\u00fccken)", "authorized_access_point": "Stadtgalerie (Saarbr\\u00fccken)", "md5": "abe96e9461792d3e7b2baa3f69514547", "$schema": "https://mef.rero.ch/schemas/agents_rero/rero-agent-v0.0.1.json"}	1
2026-03-25 19:53:19.204256+00:00	2026-03-25 19:53:19.204256+00:00	9ba2a000-ac00-49f4-beaf-0e72d38ccbf5	{"pid": "A012402163", "type": "bf:Organisation", "conference": true, "preferred_name": "Conference on Family Law and Customary Law in Asia (1964 :", "authorized_access_point": "Conference on Family Law and Customary Law in Asia (1964 : Singapore)", "md5": "25d5d0cd8e25f93022e0bcd5b712c535", "$schema": "https://mef.rero.ch/schemas/agents_rero/rero-agent-v0.0.1.json"}	1
2026-03-25 19:53:19.204296+00:00	2026-03-25 19:53:19.204296+00:00	7bf02567-bb8b-464c-987c-d3f620b18f6d	{"pid": "A012406670", "type": "bf:Person", "qualifier": "philat\\u00e9liste", "preferred_name": "Sch\\u00e4fer, Richard, philat\\u00e9liste", "authorized_access_point": "Sch\\u00e4fer, Richard, philat\\u00e9liste", "md5": "c5b666a9835c5d1d02fbb257d8595b18", "$schema": "https://mef.rero.ch/schemas/agents_rero/rero-agent-v0.0.1.json"}	1
2026-03-25 19:53:19.204320+00:00	2026-03-25 19:53:19.204320+00:00	b86ec1cd-fab9-4964-b414-68fb7fa009fe	{"pid": "A012408608", "type": "bf:Organisation", "conference": false, "preferred_name": "Universit\\u00e9 de Paris 4. Institut de recherches sur les civilisations de l'Occident moderne. Colloque (1996)", "authorized_access_point": "Universit\\u00e9 de Paris 4. Institut de recherches sur les civilisations de l'Occident moderne. Colloque (1996)", "md5": "c92f9a49d3b5bf340ca8c24d65386c16", "$schema": "https://mef.rero.ch/schemas/agents_rero/rero-agent-v0.0.1.json"}	1
2026-03-25 19:53:19.204343+00:00	2026-03-25 19:53:19.204343+00:00	6f583795-3d09-4b03-8d45-ad1f4f10f92c	{"pid": "A012409616", "type": "bf:Organisation", "conference": false, "preferred_name": "Universit\\u00e0 cattolica del Sacro Cuore (Milano). Conference (1990 :", "authorized_access_point": "Universit\\u00e0 cattolica del Sacro Cuore (Milano). Conference (1990 : Trento)", "md5": "52427bb5a1387d1bef7bccffeb7c0c03", "$schema": "https://mef.rero.ch/schemas/agents_rero/rero-agent-v0.0.1.json"}	1
2026-03-25 19:53:19.204366+00:00	2026-03-25 19:53:19.204366+00:00	bb7337e1-1811-4ef7-b300-199578e9e79c	{"pid": "A012409972", "type": "bf:Person", "qualifier": "p\\u00e9dagogue", "preferred_name": "Bonjour, Pierre, p\\u00e9dagogue", "authorized_access_point": "Bonjour, Pierre, p\\u00e9dagogue", "md5": "3950582a53df961a3e5b2e46d15e5c7a", "$schema": "https://mef.rero.ch/schemas/agents_rero/rero-agent-v0.0.1.json"}	1
2026-03-25 19:53:19.204389+00:00	2026-03-25 19:53:19.204389+00:00	fa61a122-d805-4412-8867-d678665fae92	{"pid": "A012416360", "type": "bf:Organisation", "conference": false, "preferred_name": "Erasmus Universiteit Rotterdam. Juridisch instituut", "authorized_access_point": "Erasmus Universiteit Rotterdam. Juridisch instituut", "md5": "806a0410b4ed41a188fddd1ad62f36c0", "$schema": "https://mef.rero.ch/schemas/agents_rero/rero-agent-v0.0.1.json"}	1
2026-03-25 19:53:19.204412+00:00	2026-03-25 19:53:19.204412+00:00	54826de5-9399-41d2-b990-31e773d48319	{"pid": "A012416378", "type": "bf:Organisation", "conference": true, "preferred_name": "F\\u00eates du Rh\\u00f4ne 1984 :", "authorized_access_point": "F\\u00eates du Rh\\u00f4ne (31 : 1984 : Monthey)", "md5": "4a163a3b674c30580b360a4f7e20a133", "$schema": "https://mef.rero.ch/schemas/agents_rero/rero-agent-v0.0.1.json"}	1
2026-03-25 19:53:19.204435+00:00	2026-03-25 19:53:19.204435+00:00	03911f78-d5be-49c6-9909-87fa5e3bea6a	{"pid": "A012416611", "type": "bf:Person", "qualifier": "pape", "numeration": "VIII", "preferred_name": "L\\u00e9on VIII, pape", "authorized_access_point": "L\\u00e9on VIII, pape", "md5": "f98c5703b7b754ba59c328a9c018d2f0", "$schema": "https://mef.rero.ch/schemas/agents_rero/rero-agent-v0.0.1.json"}	1
2026-03-25 19:53:19.204467+00:00	2026-03-25 19:53:19.204467+00:00	a405e217-b9d2-42c7-a74d-2c4f8795db18	{"pid": "A012417107", "type": "bf:Person", "qualifier": "dr en droit", "preferred_name": "Bauer, Martin, dr en droit", "authorized_access_point": "Bauer, Martin, dr en droit", "md5": "0740631f6a95755967b62f2c5d1021b0", "$schema": "https://mef.rero.ch/schemas/agents_rero/rero-agent-v0.0.1.json"}	1
2026-03-25 19:53:19.204491+00:00	2026-03-25 19:53:19.204491+00:00	f38fd2cb-d74b-4447-be26-e117ed728a56	{"pid": "A012417957", "type": "bf:Organisation", "conference": true, "preferred_name": "R\\u00e9union internationale des math\\u00e9maticiens (1937 :", "authorized_access_point": "R\\u00e9union internationale des math\\u00e9maticiens (1937 : Paris)", "md5": "a6a932e7d1c50ece9e11ca3257987040", "$schema": "https://mef.rero.ch/schemas/agents_rero/rero-agent-v0.0.1.json"}	1
2026-03-25 19:53:19.204514+00:00	2026-03-25 19:53:19.204514+00:00	a4ae40c2-00fe-44bd-96ac-44829bf5d3ea	{"pid": "A012418542", "type": "bf:Organisation", "conference": true, "preferred_name": "WE-Heraeus Seminar 2002 :", "authorized_access_point": "WE-Heraeus Seminar (271 : 2002 : Bad Honnef)", "md5": "f52872f621bf38f96f99d9b409aaf8d5", "$schema": "https://mef.rero.ch/schemas/agents_rero/rero-agent-v0.0.1.json"}	1
2026-03-25 19:53:19.204538+00:00	2026-03-25 19:53:19.204538+00:00	b7b653f8-95ae-4c0d-b77b-5b639b5bb573	{"pid": "A012419821", "type": "bf:Organisation", "conference": true, "preferred_name": "Colloquium on Random Fields : Rigorous Results in Statistical Mechanics and Quantum Field Theory (1979 :", "authorized_access_point": "Colloquium on Random Fields : Rigorous Results in Statistical Mechanics and Quantum Field Theory (1979 : Esztergom)", "md5": "e594ed5d1dbf84494dfa0f8cd660b04a", "$schema": "https://mef.rero.ch/schemas/agents_rero/rero-agent-v0.0.1.json"}	1
2026-03-25 19:53:19.204562+00:00	2026-03-25 19:53:19.204562+00:00	5ab6da76-cc2d-4983-a2ea-30bcdaaf5801	{"pid": "A012419929", "type": "bf:Organisation", "conference": true, "preferred_name": "International Conference on Software Reuse 2004 :", "authorized_access_point": "International Conference on Software Reuse (8 : 2004 : Madrid)", "md5": "3e3dba201f1f61ce8ad94dcb74d2c04d", "$schema": "https://mef.rero.ch/schemas/agents_rero/rero-agent-v0.0.1.json"}	1
2026-03-25 19:53:19.204584+00:00	2026-03-25 19:53:19.204584+00:00	396887f0-2c60-4555-9dce-fcc852970cf4	{"pid": "A012425753", "type": "bf:Organisation", "conference": true, "preferred_name": "Joint European networking conference 1997 :", "authorized_access_point": "Joint European networking conference (8 : 1997 : Edinburgh)", "md5": "f82ca5d63c16487fcc7f58a349f44833", "$schema": "https://mef.rero.ch/schemas/agents_rero/rero-agent-v0.0.1.json"}	1
2026-03-25 19:53:19.204607+00:00	2026-03-25 19:53:19.204607+00:00	600d2f06-6347-4ca2-b0f0-e7cc574350b4	{"pid": "A012427298", "type": "bf:Organisation", "conference": true, "preferred_name": "Convegno internazionale della ceramica 1998 :", "authorized_access_point": "Convegno internazionale della ceramica (31 : 1998 : Albisola)", "md5": "57359e225ed94bdc43bfd8704ca9205a", "$schema": "https://mef.rero.ch/schemas/agents_rero/rero-agent-v0.0.1.json"}	1
2026-03-25 19:53:19.204630+00:00	2026-03-25 19:53:19.204630+00:00	37ca06ee-164f-450c-8944-81e0085a61aa	{"pid": "A012430693", "type": "bf:Organisation", "conference": false, "preferred_name": "Universit\\u00e9 libre de Bruxelles. Centre de droit international. Colloque (2003 :", "authorized_access_point": "Universit\\u00e9 libre de Bruxelles. Centre de droit international. Colloque (2003 : Paris)", "md5": "0fbe96b7771fa49d4b124fae86f183c0", "$schema": "https://mef.rero.ch/schemas/agents_rero/rero-agent-v0.0.1.json"}	1
2026-03-25 19:53:19.204659+00:00	2026-03-25 19:53:19.204659+00:00	4bf8cf9d-e6da-4071-835c-92d56f056d3c	{"pid": "A012431216", "type": "bf:Organisation", "conference": true, "preferred_name": "International Symposium on the Impacts of Radionuclide Releases into the Marine Environment (1980 :", "authorized_access_point": "International Symposium on the Impacts of Radionuclide Releases into the Marine Environment (1980 : Vienna)", "md5": "69be4a6bd31792db1ebcb4d56447adf7", "$schema": "https://mef.rero.ch/schemas/agents_rero/rero-agent-v0.0.1.json"}	1
2026-03-25 19:53:19.204683+00:00	2026-03-25 19:53:19.204683+00:00	6008204c-c51d-42ef-a0de-0e2e7c7c7643	{"pid": "A012431876", "type": "bf:Organisation", "conference": false, "preferred_name": "University of Western Ontario (London, Canada). North American Society for the Study of Romanticism. Conference (1993 :", "authorized_access_point": "University of Western Ontario (London, Canada). North American Society for the Study of Romanticism. Conference (1993 : London, Canada)", "md5": "1d8ef5de493199673d6ce87014449d76", "$schema": "https://mef.rero.ch/schemas/agents_rero/rero-agent-v0.0.1.json"}	1
2026-03-25 19:53:19.204708+00:00	2026-03-25 19:53:19.204708+00:00	4d2c0cfa-a234-462a-83ce-d2d07b9a3aae	{"pid": "A012432065", "type": "bf:Organisation", "conference": true, "preferred_name": "Convegno nazionale di studi su \\"La citt\\u00e0 ideale nella tradizione classica e biblico-cristiana\\" (1985 :", "authorized_access_point": "Convegno nazionale di studi su \\"La citt\\u00e0 ideale nella tradizione classica e biblico-cristiana\\" (1985 : Torino)", "md5": "1db02bd0cac92627ae182706e5c48f24", "$schema": "https://mef.rero.ch/schemas/agents_rero/rero-agent-v0.0.1.json"}	1
2026-03-25 19:53:19.204732+00:00	2026-03-25 19:53:19.204732+00:00	9ddef6bf-31e4-485e-ab27-305186c1b799	{"pid": "A012435871", "type": "bf:Organisation", "conference": false, "preferred_name": "Conf\\u00e9rence d'experts gouvernementaux sur l'emploi de certaines armes conventionnelles. Session 1976 :", "authorized_access_point": "Conf\\u00e9rence d'experts gouvernementaux sur l'emploi de certaines armes conventionnelles. Session (2 : 1976 : Lugano)", "md5": "a696207a4512a3838374be367e2da79f", "$schema": "https://mef.rero.ch/schemas/agents_rero/rero-agent-v0.0.1.json"}	1
2026-03-25 19:53:19.204755+00:00	2026-03-25 19:53:19.204755+00:00	e5bce441-e380-407f-a3e9-642981804bdd	{"pid": "A012437354", "type": "bf:Person", "qualifier": "Jr", "preferred_name": "Jones, Alan M., Jr", "authorized_access_point": "Jones, Alan M., Jr", "md5": "224a3a1544d03c969c2ddfdd9963ba98", "$schema": "https://mef.rero.ch/schemas/agents_rero/rero-agent-v0.0.1.json"}	1
2026-03-25 19:53:19.204778+00:00	2026-03-25 19:53:19.204778+00:00	4d48c424-1970-4ba8-924a-376f311e49e9	{"pid": "A012440656", "type": "bf:Organisation", "conference": false, "preferred_name": "Universit\\u00e9 de Tours. Institut d'histoire de la presse et de l'opinion", "authorized_access_point": "Universit\\u00e9 de Tours. Institut d'histoire de la presse et de l'opinion", "md5": "69f444720cdf2fc6c02114d4b438c615", "$schema": "https://mef.rero.ch/schemas/agents_rero/rero-agent-v0.0.1.json"}	1
2026-03-25 19:53:19.204801+00:00	2026-03-25 19:53:19.204801+00:00	bf736cd4-45b7-46ae-9a99-c53026ef1820	{"pid": "A012442567", "type": "bf:Organisation", "conference": false, "preferred_name": "Nations Unies. Haut commissariat pour les r\\u00e9fugi\\u00e9s. International Conference on Refugee Law (1997 :", "authorized_access_point": "Nations Unies. Haut commissariat pour les r\\u00e9fugi\\u00e9s. International Conference on Refugee Law (1997 : Sofia)", "md5": "24228bf8637ec605cfd05a749b8e722b", "$schema": "https://mef.rero.ch/schemas/agents_rero/rero-agent-v0.0.1.json"}	1
2026-03-25 19:53:19.204824+00:00	2026-03-25 19:53:19.204824+00:00	122b9402-4b92-4b9a-9a18-c4007a9b3f56	{"pid": "A012442717", "type": "bf:Organisation", "conference": true, "preferred_name": "Exposition europ\\u00e9enne d'art 1954-1955 :", "authorized_access_point": "Exposition europ\\u00e9enne d'art (1 : 1954-1955 : Bruxelles)", "md5": "7e245737a88a90677779a54ba850d123", "$schema": "https://mef.rero.ch/schemas/agents_rero/rero-agent-v0.0.1.json"}	1
2026-03-25 19:53:19.204847+00:00	2026-03-25 19:53:19.204847+00:00	551391d0-0fdf-4f26-aac6-f14c6c888ee4	{"pid": "A012443563", "type": "bf:Organisation", "conference": false, "preferred_name": "Institute of Management Sciences (Providence). Journ\\u00e9es d'\\u00e9tudes (1960 :", "authorized_access_point": "Institute of Management Sciences (Providence). Journ\\u00e9es d'\\u00e9tudes (1960 : Paris)", "md5": "8c981f270fe10acb84acbc8365be3c03", "$schema": "https://mef.rero.ch/schemas/agents_rero/rero-agent-v0.0.1.json"}	1
2026-03-25 19:53:19.204871+00:00	2026-03-25 19:53:19.204871+00:00	428ef7ba-76fe-4ee0-9766-b2c6197cee1d	{"pid": "A012448425", "type": "bf:Organisation", "conference": false, "preferred_name": "Union internationale des instituts de recherches foresti\\u00e8res. Seminaire (1972 :", "authorized_access_point": "Union internationale des instituts de recherches foresti\\u00e8res. Seminaire (1972 : Z\\u00fcrich)", "md5": "7a8e27347dbaa0cd7d5d41989e188b49", "$schema": "https://mef.rero.ch/schemas/agents_rero/rero-agent-v0.0.1.json"}	1
2026-03-25 19:53:19.204895+00:00	2026-03-25 19:53:19.204895+00:00	4cd777b9-f96a-40a9-a3d0-1a2699c51d9f	{"pid": "A012454917", "type": "bf:Organisation", "conference": false, "preferred_name": "American Association for Information Science. Annual Continuing Education Seminar. Los Angeles Chapter (1984 :", "authorized_access_point": "American Association for Information Science. Annual Continuing Education Seminar. Los Angeles Chapter (1984 : Los Angeles)", "md5": "85c720f1659bfb7cdd7cfc2fd58cf6a2", "$schema": "https://mef.rero.ch/schemas/agents_rero/rero-agent-v0.0.1.json"}	1
2026-03-25 19:53:19.204925+00:00	2026-03-25 19:53:19.204925+00:00	79841d1f-bb00-43d4-b106-f9575e566c4f	{"pid": "A012457267", "type": "bf:Organisation", "conference": false, "preferred_name": "American Mathematical Society. Symposium 1970 :", "authorized_access_point": "American Mathematical Society. Symposium (5 : 1970 : Chicago)", "md5": "a1d4302a33337d17caa31d20276de3f5", "$schema": "https://mef.rero.ch/schemas/agents_rero/rero-agent-v0.0.1.json"}	1
2026-03-25 19:53:19.204948+00:00	2026-03-25 19:53:19.204948+00:00	2cfa3406-3376-4a51-9825-f85dfb017a6e	{"pid": "A012457605", "type": "bf:Organisation", "conference": false, "preferred_name": "Conf\\u00e9rence du Jeune Barreau de Bruxelles. Colloque (1992 :", "authorized_access_point": "Conf\\u00e9rence du Jeune Barreau de Bruxelles. Colloque (1992 : Bruxelles)", "md5": "eea07a97e265b6e2c6ee0a730ae46ae9", "$schema": "https://mef.rero.ch/schemas/agents_rero/rero-agent-v0.0.1.json"}	1
2026-03-25 19:53:19.204973+00:00	2026-03-25 19:53:19.204973+00:00	5e6d9f56-0d70-4e6e-980f-ce6ad1e65bca	{"pid": "A012460208", "type": "bf:Organisation", "conference": false, "variant_name": ["Stichting H. N. Werkman (Amsterdam)", "Werkman Foundation (Amsterdam)"], "preferred_name": "Stichting Hendrik Nicolaes Werkman (Amsterdam)", "variant_access_point": ["Stichting H. N. Werkman (Amsterdam)", "Werkman Foundation (Amsterdam)"], "authorized_access_point": "Stichting Hendrik Nicolaes Werkman (Amsterdam)", "md5": "4e0f88839a272bca670f53eb8bd02e45", "$schema": "https://mef.rero.ch/schemas/agents_rero/rero-agent-v0.0.1.json"}	1
2026-03-25 19:53:19.205006+00:00	2026-03-25 19:53:19.205006+00:00	8f85e23a-801e-4b43-a670-1cc6b5a6c788	{"pid": "A012462643", "type": "bf:Organisation", "conference": false, "preferred_name": "Universit\\u00e9 de Clermont-Ferrand. Centre de recherches sur les litt\\u00e9ratures modernes et contemporaines. Colloque international", "authorized_access_point": "Universit\\u00e9 de Clermont-Ferrand. Centre de recherches sur les litt\\u00e9ratures modernes et contemporaines. Colloque international (Clermont-Ferrand)", "md5": "ee1ffe2fcb75b35a0bcc498943d614a8", "$schema": "https://mef.rero.ch/schemas/agents_rero/rero-agent-v0.0.1.json"}	1
2026-03-25 19:53:19.205031+00:00	2026-03-25 19:53:19.205031+00:00	d578338a-3332-431b-94e3-2eb4e4fe8acb	{"pid": "A012465613", "type": "bf:Organisation", "conference": false, "preferred_name": "Alliance mondiale des unions chr\\u00e9tiennes f\\u00e9minines. Council meeting (1947 :", "authorized_access_point": "Alliance mondiale des unions chr\\u00e9tiennes f\\u00e9minines. Council meeting (1947 : Hangchow)", "md5": "dc2264e86561d1069efbec305d42ee63", "$schema": "https://mef.rero.ch/schemas/agents_rero/rero-agent-v0.0.1.json"}	1
2026-03-25 19:53:19.205053+00:00	2026-03-25 19:53:19.205053+00:00	a5e89a09-cda1-4997-ae4e-5ff5497414c9	{"pid": "A012468081", "type": "bf:Organisation", "conference": false, "preferred_name": "Museum f\\u00fcr hamburgische Geschichte (Hamburg)", "authorized_access_point": "Museum f\\u00fcr hamburgische Geschichte (Hamburg)", "md5": "337dd8bec22b2b5253babe791314de4b", "$schema": "https://mef.rero.ch/schemas/agents_rero/rero-agent-v0.0.1.json"}	1
2026-03-25 19:53:19.205076+00:00	2026-03-25 19:53:19.205076+00:00	2623f059-6795-4645-9f23-0611453f2848	{"pid": "A012468192", "type": "bf:Organisation", "conference": false, "preferred_name": "Ecole nationale d'administration (France). Deutsch-Franz\\u00f6sische Verwaltungskolloquium 1999 :", "authorized_access_point": "Ecole nationale d'administration (France). Deutsch-Franz\\u00f6sische Verwaltungskolloquium (6 : 1999 : Strasbourg)", "md5": "3281eab2aa19e0fd6658c24ae63ff1d8", "$schema": "https://mef.rero.ch/schemas/agents_rero/rero-agent-v0.0.1.json"}	1
2026-03-25 19:53:19.205100+00:00	2026-03-25 19:53:19.205100+00:00	0102c6b4-b469-4f5b-8aaa-91dba879ccce	{"pid": "A012470496", "type": "bf:Person", "qualifier": "dr en sciences", "preferred_name": "B\\u00e9raud, Jean, dr en sciences", "authorized_access_point": "B\\u00e9raud, Jean, dr en sciences", "md5": "7b9097236b0b8ae6ae85402f98ff8896", "$schema": "https://mef.rero.ch/schemas/agents_rero/rero-agent-v0.0.1.json"}	1
2026-03-25 19:53:19.205123+00:00	2026-03-25 19:53:19.205123+00:00	207a7c6b-1109-47b9-9640-6d9009c3ae30	{"pid": "A012470564", "type": "bf:Organisation", "conference": false, "preferred_name": "University of North Carolina (Chapel Hill). University library. Hanes Foundation", "authorized_access_point": "University of North Carolina (Chapel Hill). University library. Hanes Foundation", "md5": "1333f6e712d5d98bad109fe0d391e91a", "$schema": "https://mef.rero.ch/schemas/agents_rero/rero-agent-v0.0.1.json"}	1
2026-03-25 19:53:19.205145+00:00	2026-03-25 19:53:19.205145+00:00	4ee94c90-2cd6-4220-be2e-334968b89e73	{"pid": "A012470848", "type": "bf:Person", "qualifier": "Abb\\u00e9", "preferred_name": "Verdereau, Jean, Abb\\u00e9", "authorized_access_point": "Verdereau, Jean, Abb\\u00e9", "md5": "6f525d7888189ac8ee5c6cdf05e01592", "$schema": "https://mef.rero.ch/schemas/agents_rero/rero-agent-v0.0.1.json"}	1
2026-03-25 19:53:19.205168+00:00	2026-03-25 19:53:19.205168+00:00	be8fd363-9c7f-4058-8663-7e41210b0584	{"pid": "A012473809", "type": "bf:Organisation", "conference": false, "preferred_name": "United States. Congress 1961 :", "authorized_access_point": "United States. Congress (87 : 1961 : Washington)", "md5": "5e05808f1235f371cb7882d0f9af0c87", "$schema": "https://mef.rero.ch/schemas/agents_rero/rero-agent-v0.0.1.json"}	1
2026-03-25 19:53:19.205190+00:00	2026-03-25 19:53:19.205190+00:00	383afed3-d52a-40f8-9c80-d48be6611615	{"pid": "A012474515", "type": "bf:Person", "qualifier": "\\u00e9tudiant en droit GE", "preferred_name": "Dardiry, \\u00e9tudiant en droit GE", "authorized_access_point": "Dardiry, \\u00e9tudiant en droit GE", "md5": "836de7bf25dcd7cfed89ec7c781347e0", "$schema": "https://mef.rero.ch/schemas/agents_rero/rero-agent-v0.0.1.json"}	1
2026-03-25 19:53:19.205213+00:00	2026-03-25 19:53:19.205213+00:00	f9fa1220-d46d-407a-8d73-3acf4fce95f0	{"pid": "A012479271", "type": "bf:Organisation", "conference": false, "preferred_name": "Association des \\u00e9coles internationales (Gen\\u00e8ve). Conference 1977)", "authorized_access_point": "Association des \\u00e9coles internationales (Gen\\u00e8ve). Conference (26 : 1977)", "md5": "e5994d4a444458b2f3ba34cbb0eb10cd", "$schema": "https://mef.rero.ch/schemas/agents_rero/rero-agent-v0.0.1.json"}	1
2026-03-25 19:53:19.205237+00:00	2026-03-25 19:53:19.205237+00:00	acf63de3-9ede-4825-94fb-38fd63ec9e96	{"pid": "A012480008", "type": "bf:Organisation", "conference": true, "preferred_name": "Congr\\u00e8s national d'orientation professionnelle 1960 :", "authorized_access_point": "Congr\\u00e8s national d'orientation professionnelle (13 : 1960 : Evreux)", "md5": "b5ced69f2a72a82c87ace940df7429ce", "$schema": "https://mef.rero.ch/schemas/agents_rero/rero-agent-v0.0.1.json"}	1
2026-03-25 19:53:19.205260+00:00	2026-03-25 19:53:19.205260+00:00	e9ebac67-e673-42c2-898f-37fd2dc7e979	{"pid": "A012480139", "type": "bf:Organisation", "conference": true, "preferred_name": "Symposium sur l'\\u00e9ducation et la formation en mati\\u00e8re de nutrition en Europe (1959 :", "authorized_access_point": "Symposium sur l'\\u00e9ducation et la formation en mati\\u00e8re de nutrition en Europe (1959 : Bad Hombourg)", "md5": "f6bf320f260af19b37d420591d801e88", "$schema": "https://mef.rero.ch/schemas/agents_rero/rero-agent-v0.0.1.json"}	1
2026-03-25 19:53:19.205284+00:00	2026-03-25 19:53:19.205284+00:00	7a78a077-304f-4d8d-8302-ebb2e87758bf	{"pid": "A012484207", "type": "bf:Organisation", "conference": true, "preferred_name": "Convegno celebrativo del Quinto centenario dell'unione della Chiesa latina e della Chiesa greca (1989 :", "authorized_access_point": "Convegno celebrativo del Quinto centenario dell'unione della Chiesa latina e della Chiesa greca (1989 : Firenze)", "md5": "4fea26f4385fb12294bbc42f8ce1073f", "$schema": "https://mef.rero.ch/schemas/agents_rero/rero-agent-v0.0.1.json"}	1
2026-03-25 19:53:19.205307+00:00	2026-03-25 19:53:19.205307+00:00	34ebae24-772b-4dc3-8e95-ab4e1ec6c1e0	{"pid": "A012487640", "type": "bf:Organisation", "conference": true, "preferred_name": "International Conference on Cooperative Information Systems 2000 :", "authorized_access_point": "International Conference on Cooperative Information Systems (7 : 2000 : Eilat)", "md5": "c4b133677fdea8f28fe036e0ef29baa6", "$schema": "https://mef.rero.ch/schemas/agents_rero/rero-agent-v0.0.1.json"}	1
2026-03-25 19:53:19.205336+00:00	2026-03-25 19:53:19.205336+00:00	bcdceafc-e5d6-4a00-9ecd-10b9d7c7ab7e	{"pid": "A012487887", "type": "bf:Organisation", "conference": true, "preferred_name": "Internationale Dialektologentagung (1998 :", "authorized_access_point": "Internationale Dialektologentagung (1998 : G\\u00f6ttingen)", "md5": "d2d1201b796338dc5818d5c6db9a19be", "$schema": "https://mef.rero.ch/schemas/agents_rero/rero-agent-v0.0.1.json"}	1
2026-03-25 19:53:19.205359+00:00	2026-03-25 19:53:19.205359+00:00	2b18803c-dd78-4df6-9d33-f5760fc9bf89	{"pid": "A012488018", "type": "bf:Organisation", "conference": true, "preferred_name": "European Working Session on Learning 1987 :", "authorized_access_point": "European Working Session on Learning (2 : 1987 : Bled)", "md5": "d3d524262f5e783442fdd4789356a7e1", "$schema": "https://mef.rero.ch/schemas/agents_rero/rero-agent-v0.0.1.json"}	1
2026-03-25 19:53:19.205382+00:00	2026-03-25 19:53:19.205382+00:00	004b3d91-2c3b-4322-842e-646d20a9eaef	{"pid": "A012489633", "type": "bf:Organisation", "conference": true, "preferred_name": "Congr\\u00e8s des relations industrielles de l'Universit\\u00e9 Laval 1946 :", "authorized_access_point": "Congr\\u00e8s des relations industrielles de l'Universit\\u00e9 Laval (1 : 1946 : Qu\\u00e9bec)", "md5": "876f323a0ceabf8d95559da2da2b4b9c", "$schema": "https://mef.rero.ch/schemas/agents_rero/rero-agent-v0.0.1.json"}	1
2026-03-25 19:53:19.205406+00:00	2026-03-25 19:53:19.205406+00:00	3eb4b9f5-11c5-4923-9537-953b1ba195ad	{"pid": "A012490094", "type": "bf:Organisation", "conference": true, "preferred_name": "International Symposium on Deep Structure of the Continental Crust (1984 :", "authorized_access_point": "International Symposium on Deep Structure of the Continental Crust (1984 : Ithaca)", "md5": "026455b14f3eef220965a682d992ca9d", "$schema": "https://mef.rero.ch/schemas/agents_rero/rero-agent-v0.0.1.json"}	1
2026-03-25 19:53:19.205429+00:00	2026-03-25 19:53:19.205429+00:00	de241710-3c29-4e8c-8d68-a26297bbf825	{"pid": "A012493490", "type": "bf:Organisation", "conference": true, "preferred_name": "Conferencia Internacional de Sociologia Religiosa 1975 :", "authorized_access_point": "Conferencia Internacional de Sociologia Religiosa (13 : 1975 : Lloret de Mar)", "md5": "92f6a9021b7e08027b28973d6a64c7da", "$schema": "https://mef.rero.ch/schemas/agents_rero/rero-agent-v0.0.1.json"}	1
2026-03-25 19:53:19.205452+00:00	2026-03-25 19:53:19.205452+00:00	5f9d3c61-5304-41e1-8fa5-5c25d8008407	{"pid": "A012494600", "type": "bf:Organisation", "conference": true, "preferred_name": "Congr\\u00e8s international des secr\\u00e9taires communaux 1910 :", "authorized_access_point": "Congr\\u00e8s international des secr\\u00e9taires communaux (5 : 1910 : Bruxelles)", "md5": "ca5cfa3798cbd8ddfa05c0e5fe99e32f", "$schema": "https://mef.rero.ch/schemas/agents_rero/rero-agent-v0.0.1.json"}	1
2026-03-25 19:53:19.205475+00:00	2026-03-25 19:53:19.205475+00:00	16901e0e-da7c-41ee-80ac-d8e5cd3e6257	{"pid": "A012495733", "type": "bf:Organisation", "conference": false, "preferred_name": "Leopold-Franzens-Universit\\u00e4t (Innsbruck). Geisteswissenschaftliche Fakult\\u00e4t. Internationale Tagung (2001 :", "authorized_access_point": "Leopold-Franzens-Universit\\u00e4t (Innsbruck). Geisteswissenschaftliche Fakult\\u00e4t. Internationale Tagung (2001 : Innsbruck)", "md5": "414123f8346ed510f40535d4621e4e1b", "$schema": "https://mef.rero.ch/schemas/agents_rero/rero-agent-v0.0.1.json"}	1
2026-03-25 19:53:19.205499+00:00	2026-03-25 19:53:19.205499+00:00	6ea6ef41-f191-4700-9103-0556b16ce0d5	{"pid": "A012497106", "type": "bf:Organisation", "conference": true, "preferred_name": "Biennale de c\\u00e9ramique contemporaine 2005 :", "authorized_access_point": "Biennale de c\\u00e9ramique contemporaine (13 : 2005 : Ch\\u00e2teauroux)", "md5": "b2f793e7618ff8ce8f48b272f53f1ef3", "$schema": "https://mef.rero.ch/schemas/agents_rero/rero-agent-v0.0.1.json"}	1
2026-03-25 19:53:19.205521+00:00	2026-03-25 19:53:19.205521+00:00	6f7333a0-33db-40e2-bbe7-b262daa353d0	{"pid": "A012497126", "type": "bf:Organisation", "conference": true, "preferred_name": "Festival Science et cit\\u00e9 2005 :", "authorized_access_point": "Festival Science et cit\\u00e9 (5 : 2005 : Fribourg)", "md5": "634301c5fe96bba8a18e7a2470cc5c6e", "$schema": "https://mef.rero.ch/schemas/agents_rero/rero-agent-v0.0.1.json"}	1
2026-03-25 19:53:19.205544+00:00	2026-03-25 19:53:19.205544+00:00	4ade8264-d218-49d8-8809-c65872e83964	{"pid": "A012497225", "type": "bf:Organisation", "conference": true, "preferred_name": "Conference on Foundations of Software Technology and Theoretical Computer Science 2000 :", "authorized_access_point": "Conference on Foundations of Software Technology and Theoretical Computer Science (20 : 2000 : New Delhi)", "md5": "42ab5e1cd9dfd3f941b0f721a5052270", "$schema": "https://mef.rero.ch/schemas/agents_rero/rero-agent-v0.0.1.json"}	1
2026-03-25 19:53:19.205567+00:00	2026-03-25 19:53:19.205567+00:00	23ced64c-269e-4970-8959-61b0b3f67304	{"pid": "A012498346", "type": "bf:Organisation", "conference": true, "preferred_name": "Congreso sudamericano de zoologia 1959 :", "authorized_access_point": "Congreso sudamericano de zoologia (1 : 1959 : La Plata)", "md5": "af3f29512ff03b90381e1dd79badfed3", "$schema": "https://mef.rero.ch/schemas/agents_rero/rero-agent-v0.0.1.json"}	1
2026-03-25 19:53:19.205591+00:00	2026-03-25 19:53:19.205591+00:00	c25fb78a-b600-48cf-b3a2-d49831c21071	{"pid": "A012506176", "type": "bf:Organisation", "conference": false, "preferred_name": "Hochschule Sankt Gallen f\\u00fcr Wirtschafts- und Sozialwissenschaften. Schweizerisches Institut f\\u00fcr Verwaltungskurse. Kurs 1967 :", "authorized_access_point": "Hochschule Sankt Gallen f\\u00fcr Wirtschafts- und Sozialwissenschaften. Schweizerisches Institut f\\u00fcr Verwaltungskurse. Kurs (122 : 1967 : Sankt Gallen)", "md5": "409267a9e483333d7a083b2fbeead342", "$schema": "https://mef.rero.ch/schemas/agents_rero/rero-agent-v0.0.1.json"}	1
2026-03-25 19:53:19.205615+00:00	2026-03-25 19:53:19.205615+00:00	b00405f8-02c3-452c-9d3d-ddab454c6a7b	{"pid": "A012506256", "type": "bf:Organisation", "conference": false, "preferred_name": "F\\u00e9d\\u00e9ration internationale de l'habitation et de l'urbanisme. Congr\\u00e8s 1958 :", "authorized_access_point": "F\\u00e9d\\u00e9ration internationale de l'habitation et de l'urbanisme. Congr\\u00e8s (34 : 1958 : Li\\u00e8ge)", "md5": "23e4ac94de83c3a1aa9f3a57097fd890", "$schema": "https://mef.rero.ch/schemas/agents_rero/rero-agent-v0.0.1.json"}	1
2026-03-25 19:53:19.205638+00:00	2026-03-25 19:53:19.205638+00:00	b05eec6f-2f9e-4443-953b-bce7bed818ee	{"pid": "A012506339", "type": "bf:Organisation", "conference": false, "preferred_name": "International Federation of Classification Societies. Conference 1993 :", "authorized_access_point": "International Federation of Classification Societies. Conference (4 : 1993 : Paris)", "md5": "4d7fe93a5492875aece1aace33ecd1e2", "$schema": "https://mef.rero.ch/schemas/agents_rero/rero-agent-v0.0.1.json"}	1
2026-03-25 19:53:19.205669+00:00	2026-03-25 19:53:19.205669+00:00	e9d0767e-9d50-4452-a084-0addcfa1d289	{"pid": "A012506877", "type": "bf:Organisation", "conference": true, "preferred_name": "International Cultural Heritage Informatics Meeting (1999 :", "authorized_access_point": "International Cultural Heritage Informatics Meeting (1999 : Washington)", "md5": "5deb08a5bd7237a01f7fc8d9e53678e9", "$schema": "https://mef.rero.ch/schemas/agents_rero/rero-agent-v0.0.1.json"}	1
2026-03-25 19:53:19.205694+00:00	2026-03-25 19:53:19.205694+00:00	d5c22c64-cf52-490b-9b1b-f9135088470e	{"pid": "A012507478", "type": "bf:Organisation", "conference": false, "preferred_name": "Universit\\u00e9 de Paris 4. Soci\\u00e9t\\u00e9 internationale d'histoire compar\\u00e9e du th\\u00e9\\u00e2tre, de l'op\\u00e9ra et du ballet. S\\u00e9minaire international 1993 :", "authorized_access_point": "Universit\\u00e9 de Paris 4. Soci\\u00e9t\\u00e9 internationale d'histoire compar\\u00e9e du th\\u00e9\\u00e2tre, de l'op\\u00e9ra et du ballet. S\\u00e9minaire international (6 : 1993 : Paris)", "md5": "81c98b0f7e2708324cf06bd15611a3d7", "$schema": "https://mef.rero.ch/schemas/agents_rero/rero-agent-v0.0.1.json"}	1
2026-03-25 19:53:19.205718+00:00	2026-03-25 19:53:19.205718+00:00	fb2e5b1f-0d73-4662-b262-5ecb2309ab3d	{"pid": "A012508085", "type": "bf:Organisation", "conference": false, "preferred_name": "Universit\\u00e9 de Toulouse 3. Centre d'informatique", "authorized_access_point": "Universit\\u00e9 de Toulouse 3. Centre d'informatique", "md5": "290f6b0063c055dc5d1d761ad8141606", "$schema": "https://mef.rero.ch/schemas/agents_rero/rero-agent-v0.0.1.json"}	1
2026-03-25 19:53:19.205740+00:00	2026-03-25 19:53:19.205740+00:00	a0dcda9b-9608-4cfc-b01f-f327663f88b7	{"pid": "A012508468", "type": "bf:Organisation", "conference": false, "preferred_name": "University of London. Centre of European Law. Conference (1993 :", "authorized_access_point": "University of London. Centre of European Law. Conference (1993 : London)", "md5": "147c0abd5b280d99fa9d3b0a5043121a", "$schema": "https://mef.rero.ch/schemas/agents_rero/rero-agent-v0.0.1.json"}	1
2026-03-25 19:53:19.205763+00:00	2026-03-25 19:53:19.205763+00:00	6ac39282-0f5a-4a84-a71b-468d7449f609	{"pid": "A012508709", "type": "bf:Organisation", "conference": true, "preferred_name": "Settimana di studi mariani (1988 :", "authorized_access_point": "Settimana di studi mariani (1988 : Siracusa)", "md5": "7ab8f113f1c699fd8b12363ca912bfaa", "$schema": "https://mef.rero.ch/schemas/agents_rero/rero-agent-v0.0.1.json"}	1
2026-03-25 19:53:19.205786+00:00	2026-03-25 19:53:19.205786+00:00	522eb0ca-ce7d-472c-b15a-1d1d276010a2	{"pid": "A012509199", "type": "bf:Person", "qualifier": "fr\\u00e8re", "preferred_name": "B., fr\\u00e8re", "authorized_access_point": "B., fr\\u00e8re", "md5": "8ecd83309be1de740a61d304452a74f8", "$schema": "https://mef.rero.ch/schemas/agents_rero/rero-agent-v0.0.1.json"}	1
2026-03-25 19:53:19.205809+00:00	2026-03-25 19:53:19.205809+00:00	382fa3a3-e4b0-42f8-88e1-edafa6c397ba	{"pid": "A012512864", "type": "bf:Organisation", "conference": true, "preferred_name": "NATO Advanced Research Workshop on the Impact of Long-term Monitoring on Variable Star Research (1993 :", "authorized_access_point": "NATO Advanced Research Workshop on the Impact of Long-term Monitoring on Variable Star Research (1993 : Ghent, Belgique)", "md5": "6e7b5f055ff433596e66401309cb6a19", "$schema": "https://mef.rero.ch/schemas/agents_rero/rero-agent-v0.0.1.json"}	1
2026-03-25 19:53:19.205832+00:00	2026-03-25 19:53:19.205832+00:00	753ed3f1-0173-4b9c-94be-cdf6b165641c	{"pid": "A012513294", "type": "bf:Organisation", "conference": false, "preferred_name": "Italia. Ministero di grazia e giustizia. Congr\\u00e8s (1983 :", "authorized_access_point": "Italia. Ministero di grazia e giustizia. Congr\\u00e8s (1983 : Milano)", "md5": "defba9fb017fada31837a1e8205503d0", "$schema": "https://mef.rero.ch/schemas/agents_rero/rero-agent-v0.0.1.json"}	1
2026-03-25 19:53:19.205856+00:00	2026-03-25 19:53:19.205856+00:00	86e76c69-6e1e-4678-afa8-4c7d0d325e3f	{"pid": "A012517704", "type": "bf:Organisation", "conference": false, "preferred_name": "Universite de Li\\u00e8ge. Groupe de g\\u00e9ographe humaine th\\u00e9orique et quantitative. Journ\\u00e9e de recherches FNRS (1987 :", "authorized_access_point": "Universite de Li\\u00e8ge. Groupe de g\\u00e9ographe humaine th\\u00e9orique et quantitative. Journ\\u00e9e de recherches FNRS (1987 : Li\\u00e8ge)", "md5": "15e6bcbd85c044890335b736f27e8f16", "$schema": "https://mef.rero.ch/schemas/agents_rero/rero-agent-v0.0.1.json"}	1
2026-03-25 19:53:19.205880+00:00	2026-03-25 19:53:19.205880+00:00	998ffacd-f653-4e19-acd8-01a7c0bd5539	{"pid": "A012518029", "type": "bf:Organisation", "conference": false, "preferred_name": "Universidad Complutense de Madrid. Departamento de antropolog\\u00eda social", "authorized_access_point": "Universidad Complutense de Madrid. Departamento de antropolog\\u00eda social", "md5": "facaae47289cbf72e4e314cb16d69fd8", "$schema": "https://mef.rero.ch/schemas/agents_rero/rero-agent-v0.0.1.json"}	1
2026-03-25 19:53:19.205903+00:00	2026-03-25 19:53:19.205903+00:00	c5f6e2e7-47c0-47ff-a8f8-8f6e30caf619	{"pid": "A012519806", "type": "bf:Person", "qualifier": "physicien", "preferred_name": "Philips, Roger, physicien", "authorized_access_point": "Philips, Roger, physicien", "md5": "6f747ed7be02d74e5d4cfb33bcda768f", "$schema": "https://mef.rero.ch/schemas/agents_rero/rero-agent-v0.0.1.json"}	1
2026-03-25 19:53:19.205925+00:00	2026-03-25 19:53:19.205925+00:00	195e89b5-3a7d-4326-9398-c3b4961b73f4	{"pid": "A012523458", "type": "bf:Organisation", "conference": true, "preferred_name": "Ensemble refaire la ville. (1987 :", "authorized_access_point": "Ensemble refaire la ville. (1987 : Valence)", "md5": "e98b9c992b471bbe41af9184a004dd42", "$schema": "https://mef.rero.ch/schemas/agents_rero/rero-agent-v0.0.1.json"}	1
2026-03-25 19:53:19.205948+00:00	2026-03-25 19:53:19.205948+00:00	6a354318-cd42-458d-9744-7693581f2b68	{"pid": "A012525949", "type": "bf:Organisation", "conference": false, "preferred_name": "Nations Unies. Service de l'assistance technique. Seminar (1960 :", "authorized_access_point": "Nations Unies. Service de l'assistance technique. Seminar (1960 : Leysin)", "md5": "c593799371e7d88ecccaf758bee5e470", "$schema": "https://mef.rero.ch/schemas/agents_rero/rero-agent-v0.0.1.json"}	1
2026-03-25 19:53:19.205970+00:00	2026-03-25 19:53:19.205970+00:00	6546ff9d-86e2-4fa1-adb8-63fcf49118ab	{"pid": "A012525951", "type": "bf:Organisation", "conference": false, "preferred_name": "Nations Unies. Division des affaires sociales. Cycle d'\\u00e9tude (1968 :", "authorized_access_point": "Nations Unies. Division des affaires sociales. Cycle d'\\u00e9tude (1968 : Madrid)", "md5": "efc63ab5fc028e237baa648389fa4486", "$schema": "https://mef.rero.ch/schemas/agents_rero/rero-agent-v0.0.1.json"}	1
2026-03-25 19:53:19.206000+00:00	2026-03-25 19:53:19.206000+00:00	f77076e2-3aae-4507-9bc2-bf189e6c6780	{"pid": "A012527268", "type": "bf:Organisation", "conference": true, "preferred_name": "Convegno internazionale sull'organizzazione umana nell'economia industriale 1977 :", "authorized_access_point": "Convegno internazionale sull'organizzazione umana nell'economia industriale (1 : 1977 : Stresa)", "md5": "663206c0253d650b032b3aa9faca57fc", "$schema": "https://mef.rero.ch/schemas/agents_rero/rero-agent-v0.0.1.json"}	1
2026-03-25 19:53:19.206031+00:00	2026-03-25 19:53:19.206031+00:00	c2e4cbc8-e7c9-4b4e-9166-acac55b6cfd8	{"pid": "A012527993", "type": "bf:Organisation", "conference": true, "preferred_name": "Cours m\\u00e9dico-juridique (1969 :", "authorized_access_point": "Cours m\\u00e9dico-juridique (1969 : Ferrara)", "md5": "d505eb98085a0e5334d6c7c3547e8f3e", "$schema": "https://mef.rero.ch/schemas/agents_rero/rero-agent-v0.0.1.json"}	1
2026-03-25 19:53:19.206055+00:00	2026-03-25 19:53:19.206055+00:00	e93c531b-6c73-45dc-b9fe-00d2289e112b	{"pid": "A012528466", "type": "bf:Organisation", "conference": false, "preferred_name": "Union internationale d'histoire et de philosophie des sciences. Division de philosophie. Colloquium (1960 :", "authorized_access_point": "Union internationale d'histoire et de philosophie des sciences. Division de philosophie. Colloquium (1960 : Utrecht)", "md5": "37940ec9b7046a7af18c7b0df2de13e9", "$schema": "https://mef.rero.ch/schemas/agents_rero/rero-agent-v0.0.1.json"}	1
2026-03-25 19:53:19.206078+00:00	2026-03-25 19:53:19.206078+00:00	979fd944-1cb4-49b6-acc9-171f0afa27a4	{"pid": "A012529768", "type": "bf:Organisation", "conference": true, "preferred_name": "Conf\\u00e9rence nationale sur la drogue (1995 :", "authorized_access_point": "Conf\\u00e9rence nationale sur la drogue (1995 : Bern)", "md5": "d2c8e278157c41e4ba25a0a36e1ff7bc", "$schema": "https://mef.rero.ch/schemas/agents_rero/rero-agent-v0.0.1.json"}	1
2026-03-25 19:53:19.206102+00:00	2026-03-25 19:53:19.206102+00:00	5c66bdfe-5e20-4f39-bb86-69da3e296b9d	{"pid": "A012533386", "type": "bf:Organisation", "conference": false, "preferred_name": "National Down Syndrome Society (USA). Conference (1992 :", "authorized_access_point": "National Down Syndrome Society (USA). Conference (1992 : New York)", "md5": "194080f9ed5f725e763ea41f4413e802", "$schema": "https://mef.rero.ch/schemas/agents_rero/rero-agent-v0.0.1.json"}	1
2026-03-25 19:53:19.206125+00:00	2026-03-25 19:53:19.206125+00:00	d51c39f6-2891-4566-aea9-bc072ca05bc9	{"pid": "A012534909", "type": "bf:Organisation", "conference": false, "preferred_name": "Association suisse-arabe. Assembl\\u00e9e g\\u00e9n\\u00e9rale annuelle (1974 :", "authorized_access_point": "Association suisse-arabe. Assembl\\u00e9e g\\u00e9n\\u00e9rale annuelle (1974 : Lausanne)", "md5": "f4d991506a9a754f598ebc61a3674f82", "$schema": "https://mef.rero.ch/schemas/agents_rero/rero-agent-v0.0.1.json"}	1
2026-03-25 19:53:19.206149+00:00	2026-03-25 19:53:19.206149+00:00	86e6d268-badc-4ee2-954b-9f2cc3285739	{"pid": "A012534932", "type": "bf:Organisation", "conference": true, "preferred_name": "Conference on Operator Algebras (1992 :", "authorized_access_point": "Conference on Operator Algebras (1992 : Orl\\u00e9ans)", "md5": "6e5a3a6a33b794230ffccee05687048f", "$schema": "https://mef.rero.ch/schemas/agents_rero/rero-agent-v0.0.1.json"}	1
2026-03-25 19:53:19.206172+00:00	2026-03-25 19:53:19.206172+00:00	819c6345-da2b-4131-80a8-e1c38be1486a	{"pid": "A012571346", "type": "bf:Person", "preferred_name": "Glinskij, B.B", "parallel_access_point": ["\\u0413\\u043b\\u0438\\u043d\\u0441\\u043a\\u0438\\u0439, \\u0411.\\u0411"], "authorized_access_point": "Glinskij, B.B", "md5": "a885d7455d8cc40199f3e3c51965330b", "$schema": "https://mef.rero.ch/schemas/agents_rero/rero-agent-v0.0.1.json"}	1
2026-03-25 19:53:19.206197+00:00	2026-03-25 19:53:19.206197+00:00	cb9db96e-3875-414d-b2b9-0a1ed272b1d8	{"pid": "A012572265", "type": "bf:Person", "variant_name": ["Ruiz, Jean-Paul et Dom"], "preferred_name": "Ruiz, Dom et Jean-Paul", "variant_access_point": ["Ruiz, Jean-Paul et Dom"], "authorized_access_point": "Ruiz, Dom et Jean-Paul", "md5": "56c8323a06e012e7034fe361ab84dedc", "$schema": "https://mef.rero.ch/schemas/agents_rero/rero-agent-v0.0.1.json"}	1
2026-03-25 19:53:19.206220+00:00	2026-03-25 19:53:19.206220+00:00	632b140f-2af3-4802-93f1-3bbc2d7f1ee7	{"pid": "A012591999", "type": "bf:Person", "preferred_name": "Schneikert, Elisabeth", "authorized_access_point": "Schneikert, Elisabeth", "md5": "79459df3e8b350cd180c2ced6d9ff80c", "$schema": "https://mef.rero.ch/schemas/agents_rero/rero-agent-v0.0.1.json"}	1
2026-03-25 19:53:19.206243+00:00	2026-03-25 19:53:19.206243+00:00	f349afc4-9bb8-4d1c-9171-25da9a07e511	{"pid": "A012597330", "type": "bf:Person", "qualifier": "math\\u00e9maticien", "preferred_name": "Bergeron, Nicolas, math\\u00e9maticien", "authorized_access_point": "Bergeron, Nicolas, math\\u00e9maticien", "md5": "61de9f71fbf714a43142826dc17b1cfd", "$schema": "https://mef.rero.ch/schemas/agents_rero/rero-agent-v0.0.1.json"}	1
2026-03-25 19:53:19.206265+00:00	2026-03-25 19:53:19.206265+00:00	9911007a-bba3-405f-8e37-ce2d376a7fb8	{"pid": "A012598301", "type": "bf:Person", "preferred_name": "Meyniel, Laurent", "authorized_access_point": "Meyniel, Laurent", "md5": "1ef58e6a2ddadeab80021a8aca18c1d3", "$schema": "https://mef.rero.ch/schemas/agents_rero/rero-agent-v0.0.1.json"}	1
2026-03-25 19:53:19.206287+00:00	2026-03-25 19:53:19.206287+00:00	c4c65c6f-11b6-43b4-80c2-696dd98d076d	{"pid": "A012623821", "type": "bf:Person", "preferred_name": "Hoppe, Albrecht", "authorized_access_point": "Hoppe, Albrecht", "md5": "209ad0910cbb225b71303fc5ca8b95ab", "$schema": "https://mef.rero.ch/schemas/agents_rero/rero-agent-v0.0.1.json"}	1
2026-03-25 19:53:19.206309+00:00	2026-03-25 19:53:19.206309+00:00	592c4d3a-8a7a-48f7-aecf-8574dc699317	{"pid": "A012636366", "type": "bf:Person", "preferred_name": "Laatikainen, Katie Verlin", "authorized_access_point": "Laatikainen, Katie Verlin", "md5": "87fccdbccc6baa2f86e163baa93daa4c", "$schema": "https://mef.rero.ch/schemas/agents_rero/rero-agent-v0.0.1.json"}	1
2026-03-25 19:53:19.206334+00:00	2026-03-25 19:53:19.206334+00:00	096084a9-e010-44c7-8732-2b2d2f50c8cf	{"pid": "A012674280", "type": "bf:Organisation", "conference": false, "preferred_name": "Ecole industrielle sup\\u00e9rieure (Sion)", "authorized_access_point": "Ecole industrielle sup\\u00e9rieure (Sion)", "md5": "cee0a0c5cb40e3548af2af8351766199", "$schema": "https://mef.rero.ch/schemas/agents_rero/rero-agent-v0.0.1.json"}	1
2026-03-25 19:53:19.206356+00:00	2026-03-25 19:53:19.206356+00:00	c78a618f-5983-4022-8b96-828047eeb89a	{"pid": "A012692359", "type": "bf:Person", "preferred_name": "Pavlovi\\u0107, \\u017divojin", "authorized_access_point": "Pavlovi\\u0107, \\u017divojin", "md5": "b599451479d7c9fca867154f987ee7ca", "$schema": "https://mef.rero.ch/schemas/agents_rero/rero-agent-v0.0.1.json"}	1
2026-03-25 19:53:19.206387+00:00	2026-03-25 19:53:19.206387+00:00	65c87c52-ae6c-44f7-a33d-f3c5d6e3186d	{"pid": "A012707155", "type": "bf:Person", "preferred_name": "Preisser, Michael", "authorized_access_point": "Preisser, Michael", "md5": "31f05117b684366f8428cf5748f74bcc", "$schema": "https://mef.rero.ch/schemas/agents_rero/rero-agent-v0.0.1.json"}	1
2026-03-25 19:53:19.206410+00:00	2026-03-25 19:53:19.206410+00:00	8c06bd9d-7c15-4d24-bd7c-dea4c3533eaa	{"pid": "A012707480", "type": "bf:Organisation", "conference": true, "preferred_name": "International arbitration symposium (2004 :", "authorized_access_point": "International arbitration symposium (2004 : Stockholm)", "md5": "2861336affb462756b40d5382d57e7e2", "$schema": "https://mef.rero.ch/schemas/agents_rero/rero-agent-v0.0.1.json"}	1
2026-03-25 19:53:19.206432+00:00	2026-03-25 19:53:19.206432+00:00	87d9bcdc-66db-460f-b0db-a26ef317dec2	{"pid": "A012722635", "type": "bf:Person", "preferred_name": "Gnaegi, Hermann", "authorized_access_point": "Gnaegi, Hermann", "md5": "2fd8b032752ecae9f8e71781e23d5590", "$schema": "https://mef.rero.ch/schemas/agents_rero/rero-agent-v0.0.1.json"}	1
2026-03-25 19:53:19.206454+00:00	2026-03-25 19:53:19.206454+00:00	fdcc8237-d825-4357-aba6-ad35828154c8	{"pid": "A012726948", "type": "bf:Person", "date_of_birth": "1942", "preferred_name": "Fontaine, Jean-Marc,", "authorized_access_point": "Fontaine, Jean-Marc, 1942-", "md5": "728f7bde465af152cbd9a7561ba90897", "$schema": "https://mef.rero.ch/schemas/agents_rero/rero-agent-v0.0.1.json"}	1
2026-03-25 19:53:19.206477+00:00	2026-03-25 19:53:19.206477+00:00	0adb5eed-affd-4f9d-8e1a-be64f2f79d03	{"pid": "A012744465", "type": "bf:Organisation", "conference": false, "preferred_name": "Comit\\u00e9 de secours des Brenets", "authorized_access_point": "Comit\\u00e9 de secours des Brenets", "md5": "714aa6406aa6d9e345c759c7430058b1", "$schema": "https://mef.rero.ch/schemas/agents_rero/rero-agent-v0.0.1.json"}	1
2026-03-25 19:53:19.206498+00:00	2026-03-25 19:53:19.206498+00:00	cdc9ba1f-c436-4dfd-87c1-97ca7376cee6	{"pid": "A012765564", "type": "bf:Person", "preferred_name": "Argentin, Paola", "authorized_access_point": "Argentin, Paola", "md5": "01407cceb994e3983d431d5a2f8e5648", "$schema": "https://mef.rero.ch/schemas/agents_rero/rero-agent-v0.0.1.json"}	1
2026-03-25 19:53:19.206521+00:00	2026-03-25 19:53:19.206521+00:00	95747ca4-9854-4b18-b171-cbd1a385ef44	{"pid": "A012771324", "type": "bf:Person", "preferred_name": "B\\u00e9ville, Louis Th\\u00e9ophile de", "authorized_access_point": "B\\u00e9ville, Louis Th\\u00e9ophile de", "biographical_information": ["Dates de vie: 1734-1816"], "md5": "1e01fbfcc88de63d85b36ffd83f4af64", "$schema": "https://mef.rero.ch/schemas/agents_rero/rero-agent-v0.0.1.json"}	1
2026-03-25 19:53:19.206544+00:00	2026-03-25 19:53:19.206544+00:00	414e5eac-3036-4e37-a273-b89c6f641d5c	{"pid": "A012774842", "type": "bf:Person", "preferred_name": "Laffineur-Noseda, M", "authorized_access_point": "Laffineur-Noseda, M", "md5": "c7b63d4081538f19672ba7cac5d4ce3b", "$schema": "https://mef.rero.ch/schemas/agents_rero/rero-agent-v0.0.1.json"}	1
2026-03-25 19:53:19.206565+00:00	2026-03-25 19:53:19.206565+00:00	26fa60a0-53f6-4fc9-abd6-d1223160668d	{"pid": "A012780830", "type": "bf:Person", "preferred_name": "Bellon, Marie", "authorized_access_point": "Bellon, Marie", "md5": "29a8a7c001a928e0f1027759b5ffcd84", "$schema": "https://mef.rero.ch/schemas/agents_rero/rero-agent-v0.0.1.json"}	1
2026-03-25 19:53:19.206587+00:00	2026-03-25 19:53:19.206587+00:00	7969b2dd-d9bf-40dd-b8a7-20a21309b8ce	{"pid": "A012781952", "type": "bf:Person", "preferred_name": "Geraskoff, Michael", "authorized_access_point": "Geraskoff, Michael", "md5": "b402b6815dc23868704a9d29e76d020e", "$schema": "https://mef.rero.ch/schemas/agents_rero/rero-agent-v0.0.1.json"}	1
2026-03-25 19:53:19.206610+00:00	2026-03-25 19:53:19.206610+00:00	ffaddfb9-21b1-499d-9141-86bebf6a48b2	{"pid": "A012784906", "type": "bf:Person", "preferred_name": "Harrison, Peter D", "authorized_access_point": "Harrison, Peter D", "md5": "2500e57bdf5614f3ce90e70e4c5059e0", "$schema": "https://mef.rero.ch/schemas/agents_rero/rero-agent-v0.0.1.json"}	1
2026-03-25 19:53:19.206631+00:00	2026-03-25 19:53:19.206631+00:00	82f71cb7-a8f3-4eb4-980c-063771ae3b9b	{"pid": "A012785250", "type": "bf:Person", "preferred_name": "Lips, Annemarie", "authorized_access_point": "Lips, Annemarie", "md5": "0c9895860d054feebdb99ef4b49e6cba", "$schema": "https://mef.rero.ch/schemas/agents_rero/rero-agent-v0.0.1.json"}	1
2026-03-25 19:53:19.206654+00:00	2026-03-25 19:53:19.206654+00:00	75c49495-aa3a-4d2f-be6d-48656d9977c1	{"pid": "A012791691", "type": "bf:Organisation", "conference": true, "preferred_name": "Semaine du document num\\u00e9rique 2006 :", "authorized_access_point": "Semaine du document num\\u00e9rique (06 : 2006 : Fribourg)", "md5": "bdedb06034bf3dd819622870115c06ba", "$schema": "https://mef.rero.ch/schemas/agents_rero/rero-agent-v0.0.1.json"}	1
2026-03-25 19:53:19.206678+00:00	2026-03-25 19:53:19.206678+00:00	52ff7c0d-deed-401d-822a-61dab8a1cd8b	{"pid": "A012808722", "type": "bf:Person", "preferred_name": "Lehr, Hans-Anton", "authorized_access_point": "Lehr, Hans-Anton", "md5": "b1686dfb70996536f1109ead04cadd52", "$schema": "https://mef.rero.ch/schemas/agents_rero/rero-agent-v0.0.1.json"}	1
2026-03-25 19:53:19.206699+00:00	2026-03-25 19:53:19.206699+00:00	4f6bf4c9-b8c5-4b63-9b3c-c8c0e536f487	{"pid": "A012816863", "type": "bf:Person", "preferred_name": "Herrmann, Immanuel", "authorized_access_point": "Herrmann, Immanuel", "md5": "43c1fe45526310b9de84473da57582fa", "$schema": "https://mef.rero.ch/schemas/agents_rero/rero-agent-v0.0.1.json"}	1
2026-03-25 19:53:19.206722+00:00	2026-03-25 19:53:19.206722+00:00	54370bff-9b8f-4aa3-b46d-3af87cf98da9	{"pid": "A012833174", "type": "bf:Organisation", "conference": false, "preferred_name": "Raiffeisenkasse (Visperterminen)", "authorized_access_point": "Raiffeisenkasse (Visperterminen)", "md5": "d68dd2ca860cbcca644ccba33f9b0972", "$schema": "https://mef.rero.ch/schemas/agents_rero/rero-agent-v0.0.1.json"}	1
2026-03-25 19:53:19.206744+00:00	2026-03-25 19:53:19.206744+00:00	bfe7974a-2a50-4534-9038-067199edcbcc	{"pid": "A012856933", "type": "bf:Organisation", "conference": false, "preferred_name": "Schola Saint-Hymnemode (Montana)", "authorized_access_point": "Schola Saint-Hymnemode (Montana)", "md5": "db66933c162d74f49725b39a34aa18e4", "$schema": "https://mef.rero.ch/schemas/agents_rero/rero-agent-v0.0.1.json"}	1
2026-03-25 19:53:19.206781+00:00	2026-03-25 19:53:19.206781+00:00	6586d73a-8534-4a48-a75a-19d287d1f48d	{"pid": "A012895540", "type": "bf:Person", "preferred_name": "Ramahatra, Olivier", "authorized_access_point": "Ramahatra, Olivier", "md5": "db0c10fa8495bd656adf39187029709a", "$schema": "https://mef.rero.ch/schemas/agents_rero/rero-agent-v0.0.1.json"}	1
2026-03-25 19:53:19.206811+00:00	2026-03-25 19:53:19.206811+00:00	d65f61f5-d2a6-4b6b-8f99-0ff91fb72d28	{"pid": "A012907177", "type": "bf:Organisation", "conference": false, "variant_name": ["Biblioteca provinciale del Monte dei Cappuccini (Torino)", "Biblioteca del Monte dei Cappuccini (Torino)", "Convento del Monte dei Cappuccini (Torino). Biblioteca provinciale"], "preferred_name": "Convento del Monte dei Cappuccini (Torino). Biblioteca", "variant_access_point": ["Biblioteca provinciale del Monte dei Cappuccini (Torino)", "Biblioteca del Monte dei Cappuccini (Torino)", "Convento del Monte dei Cappuccini (Torino). Biblioteca provinciale"], "authorized_access_point": "Convento del Monte dei Cappuccini (Torino). Biblioteca", "md5": "70665bcd8c6775cefc3bd455b1a183bc", "$schema": "https://mef.rero.ch/schemas/agents_rero/rero-agent-v0.0.1.json"}	1
2026-03-25 19:53:19.206838+00:00	2026-03-25 19:53:19.206838+00:00	fb5ab213-3c5a-48c1-81f1-5f5099999c78	{"pid": "A012928427", "type": "bf:Person", "qualifier": "comte de", "date_of_birth": "1778", "date_of_death": "1818", "preferred_name": "S\\u00e9gur, Octave Gabriel, comte de,", "authorized_access_point": "S\\u00e9gur, Octave Gabriel, comte de, 1778-1818", "md5": "6af2337d880e328a5685cddc85e8f69a", "$schema": "https://mef.rero.ch/schemas/agents_rero/rero-agent-v0.0.1.json"}	1
2026-03-25 19:53:19.206865+00:00	2026-03-25 19:53:19.206865+00:00	66cde0d1-8358-4fcf-b24f-55cafacf9a70	{"pid": "A012937900", "type": "bf:Person", "variant_name": ["Maire, Daphn\\u00e9", "Gaudry, Daphn\\u00e9"], "preferred_name": "Gaudry-Maire, Daphn\\u00e9", "variant_access_point": ["Maire, Daphn\\u00e9", "Gaudry, Daphn\\u00e9"], "authorized_access_point": "Gaudry-Maire, Daphn\\u00e9", "md5": "0e33feec243134dc871498628c302591", "$schema": "https://mef.rero.ch/schemas/agents_rero/rero-agent-v0.0.1.json"}	1
2026-03-25 19:53:19.206890+00:00	2026-03-25 19:53:19.206890+00:00	f0c88683-7822-47ae-b7a1-b28cc349121f	{"pid": "A012950169", "type": "bf:Organisation", "conference": false, "preferred_name": "Laboratoire d'\\u00e9tude du droit public (Rennes). Colloque (2002 :", "authorized_access_point": "Laboratoire d'\\u00e9tude du droit public (Rennes). Colloque (2002 : Rennes)", "md5": "dbc046d4c094579b34ce651350243b5e", "$schema": "https://mef.rero.ch/schemas/agents_rero/rero-agent-v0.0.1.json"}	1
2026-03-25 19:53:19.206912+00:00	2026-03-25 19:53:19.206912+00:00	37d58fc9-76f5-4a37-89e9-a8d5f7415e90	{"pid": "A012957396", "type": "bf:Person", "preferred_name": "Gberie, Lansana", "authorized_access_point": "Gberie, Lansana", "md5": "ee809b942fa05c07d7de1ba588fcff15", "$schema": "https://mef.rero.ch/schemas/agents_rero/rero-agent-v0.0.1.json"}	1
2026-03-25 19:53:19.206933+00:00	2026-03-25 19:53:19.206933+00:00	fd1f32cb-363a-4b44-9993-2b196e5e52f5	{"pid": "A012963166", "type": "bf:Person", "preferred_name": "Gressard, J.-L", "authorized_access_point": "Gressard, J.-L", "md5": "9b0214de99ba531112b0bbd5b8f59eee", "$schema": "https://mef.rero.ch/schemas/agents_rero/rero-agent-v0.0.1.json"}	1
2026-03-25 19:53:19.206955+00:00	2026-03-25 19:53:19.206955+00:00	83ed944a-f542-4188-9625-05b591327f5e	{"pid": "A012966636", "type": "bf:Person", "preferred_name": "Greenfield, Laura", "authorized_access_point": "Greenfield, Laura", "md5": "b4c403d443a6e59ec421d0b5b2180dea", "$schema": "https://mef.rero.ch/schemas/agents_rero/rero-agent-v0.0.1.json"}	1
2026-03-25 19:53:19.206980+00:00	2026-03-25 19:53:19.206980+00:00	0382095a-7890-4ff0-b12c-ecc25c3748ea	{"pid": "A013062530", "type": "bf:Organisation", "conference": false, "variant_name": ["Galerie der Stadt Prag", "Galerie de la ville de Prague", "Galleria di Praga", "Galerie der Hauptstadt Prag", "Prague City Gallery", "City Gallery Prague"], "preferred_name": "Galerie hlavn\\u00edho m\\u011bsta Prahy", "variant_access_point": ["Galerie der Stadt Prag", "Galerie de la ville de Prague", "Galleria di Praga", "Galerie der Hauptstadt Prag", "Prague City Gallery", "City Gallery Prague"], "authorized_access_point": "Galerie hlavn\\u00edho m\\u011bsta Prahy", "md5": "94a1a4dceaada74da713f5343786e00a", "$schema": "https://mef.rero.ch/schemas/agents_rero/rero-agent-v0.0.1.json"}	1
2026-03-25 19:53:19.207006+00:00	2026-03-25 19:53:19.207006+00:00	51754eb8-9365-45b9-9b0b-5522958939ef	{"pid": "A013071942", "type": "bf:Person", "preferred_name": "Paula, Helmut", "authorized_access_point": "Paula, Helmut", "md5": "2f6e146729821346b21be73f7810db36", "$schema": "https://mef.rero.ch/schemas/agents_rero/rero-agent-v0.0.1.json"}	1
2026-03-25 19:53:19.207027+00:00	2026-03-25 19:53:19.207027+00:00	5cf0ff66-774c-4aca-8045-c8bf0958e419	{"pid": "A013084243", "type": "bf:Person", "preferred_name": "Cinelli, Luciano", "authorized_access_point": "Cinelli, Luciano", "md5": "3121335f038c422a277b577f34b9b6ee", "$schema": "https://mef.rero.ch/schemas/agents_rero/rero-agent-v0.0.1.json"}	1
2026-03-25 19:53:19.207049+00:00	2026-03-25 19:53:19.207049+00:00	ad2abb12-c70d-4e9c-a730-51648d26d2d6	{"pid": "A013088320", "type": "bf:Person", "date_of_birth": "1934", "preferred_name": "Stolte, Dieter,", "authorized_access_point": "Stolte, Dieter, 1934-", "md5": "43472e849f209f21128a44cbd8b4820f", "$schema": "https://mef.rero.ch/schemas/agents_rero/rero-agent-v0.0.1.json"}	1
2026-03-25 19:53:19.207071+00:00	2026-03-25 19:53:19.207071+00:00	3bd16150-2803-44b5-b760-f01996eb7fa7	{"pid": "A013094655", "type": "bf:Person", "preferred_name": "Rumpf, Heinrich L", "authorized_access_point": "Rumpf, Heinrich L", "md5": "d8c2de929fb30eaaedfd8fc3a273c0c6", "$schema": "https://mef.rero.ch/schemas/agents_rero/rero-agent-v0.0.1.json"}	1
2026-03-25 19:53:19.207093+00:00	2026-03-25 19:53:19.207093+00:00	29870ded-01d3-4193-b7c9-6295bd7dbf6e	{"pid": "A013096212", "type": "bf:Organisation", "conference": false, "preferred_name": "Interdi\\u00f6zesaner Katechetischer Fonds (\\u00d6sterreich)", "authorized_access_point": "Interdi\\u00f6zesaner Katechetischer Fonds (\\u00d6sterreich)", "md5": "c2022a15d730c74cc51eec7031f8e202", "$schema": "https://mef.rero.ch/schemas/agents_rero/rero-agent-v0.0.1.json"}	1
2026-03-25 19:53:19.207116+00:00	2026-03-25 19:53:19.207116+00:00	8cc9ce45-6bc4-4407-8830-c6db96ed4a71	{"pid": "A013128887", "type": "bf:Organisation", "conference": false, "preferred_name": "Sims Reed Gallery (London)", "authorized_access_point": "Sims Reed Gallery (London)", "md5": "36f1c113e4ce483115ed9bb9d546d007", "$schema": "https://mef.rero.ch/schemas/agents_rero/rero-agent-v0.0.1.json"}	1
2026-03-25 19:53:19.207146+00:00	2026-03-25 19:53:19.207146+00:00	76cd0f44-d926-4778-b64a-aaaf33ee5a03	{"pid": "A013135052", "type": "bf:Person", "preferred_name": "Korth, Konrad", "authorized_access_point": "Korth, Konrad", "md5": "1ab806766aa795b76a186ee12b001f6d", "$schema": "https://mef.rero.ch/schemas/agents_rero/rero-agent-v0.0.1.json"}	1
2026-03-25 19:53:19.207168+00:00	2026-03-25 19:53:19.207168+00:00	896aa6e1-dd5b-4f5b-9b78-cd198644fd02	{"pid": "A013137641", "type": "bf:Organisation", "conference": false, "preferred_name": "W\\u00fcrttembergisches Landesmuseum. Arch\\u00e4ologische Sammlungen", "authorized_access_point": "W\\u00fcrttembergisches Landesmuseum. Arch\\u00e4ologische Sammlungen", "md5": "836a1abe5135d2330141501abe513aab", "$schema": "https://mef.rero.ch/schemas/agents_rero/rero-agent-v0.0.1.json"}	1
2026-03-25 19:53:19.207192+00:00	2026-03-25 19:53:19.207192+00:00	1849509c-bf33-4cb4-a399-befb1b11e833	{"pid": "A013151927", "type": "bf:Person", "variant_name": ["Richterich, Lukas Emil"], "preferred_name": "Richterich, Lukas", "variant_access_point": ["Richterich, Lukas Emil"], "authorized_access_point": "Richterich, Lukas", "md5": "85f328e0c4680b27074b623b42950c5d", "$schema": "https://mef.rero.ch/schemas/agents_rero/rero-agent-v0.0.1.json"}	1
2026-03-25 19:53:19.207215+00:00	2026-03-25 19:53:19.207215+00:00	fa7a2716-3521-47ff-abbe-a8cee5058da2	{"pid": "A013160840", "type": "bf:Person", "preferred_name": "Jorio, Ettore", "authorized_access_point": "Jorio, Ettore", "md5": "237734f88c2787f8f1a31cf0f97a21d4", "$schema": "https://mef.rero.ch/schemas/agents_rero/rero-agent-v0.0.1.json"}	1
2026-03-25 19:53:19.207237+00:00	2026-03-25 19:53:19.207237+00:00	1569be8d-fea9-4c50-b3d0-73311774988f	{"pid": "A013187480", "type": "bf:Person", "preferred_name": "Unanue, Ander", "authorized_access_point": "Unanue, Ander", "md5": "e1c92f64c003a9d74b70b8d8ddeb4169", "$schema": "https://mef.rero.ch/schemas/agents_rero/rero-agent-v0.0.1.json"}	1
2026-03-25 19:53:19.207259+00:00	2026-03-25 19:53:19.207259+00:00	a185acff-18ef-44a6-a946-1a0ac91c4fd6	{"pid": "A013188863", "type": "bf:Person", "preferred_name": "Vrettos, Adrienne Maria", "authorized_access_point": "Vrettos, Adrienne Maria", "md5": "38269e56da655df83049c42b4854ce7e", "$schema": "https://mef.rero.ch/schemas/agents_rero/rero-agent-v0.0.1.json"}	1
2026-03-25 19:53:19.207281+00:00	2026-03-25 19:53:19.207281+00:00	712392e6-069d-42f0-a360-2e81378f85bf	{"pid": "A013193457", "type": "bf:Person", "preferred_name": "Verseils, Marcel", "authorized_access_point": "Verseils, Marcel", "md5": "7d5b7ae9323e4dc62f1c26868ced6d5d", "$schema": "https://mef.rero.ch/schemas/agents_rero/rero-agent-v0.0.1.json"}	1
2026-03-25 19:53:19.207303+00:00	2026-03-25 19:53:19.207303+00:00	b6339638-0c97-4cf3-bcbd-faf5763647ef	{"pid": "A013199001", "type": "bf:Person", "preferred_name": "Horn, Charles Norman", "authorized_access_point": "Horn, Charles Norman", "md5": "fff1218fac0a2f80fe9570142c0af17f", "$schema": "https://mef.rero.ch/schemas/agents_rero/rero-agent-v0.0.1.json"}	1
2026-03-25 19:53:19.207325+00:00	2026-03-25 19:53:19.207325+00:00	1049271c-ee6e-44ca-868b-ce5073683d85	{"pid": "A013216832", "type": "bf:Person", "preferred_name": "Scherpenberg, Norman van", "authorized_access_point": "Scherpenberg, Norman van", "md5": "441a99a7424aeed2fc4dbda14c5941ab", "$schema": "https://mef.rero.ch/schemas/agents_rero/rero-agent-v0.0.1.json"}	1
2026-03-25 19:53:19.207349+00:00	2026-03-25 19:53:19.207349+00:00	cdedc7f0-5259-4bf5-bff5-b7944fe1ded2	{"pid": "A013218412", "type": "bf:Organisation", "conference": false, "preferred_name": "Geschichts- und Altertumsverein (G\\u00f6ppingen)", "authorized_access_point": "Geschichts- und Altertumsverein (G\\u00f6ppingen)", "md5": "fe2cab4c7d49cc67564e3afb0d51106d", "$schema": "https://mef.rero.ch/schemas/agents_rero/rero-agent-v0.0.1.json"}	1
2026-03-25 19:53:19.207372+00:00	2026-03-25 19:53:19.207372+00:00	dcb51f68-2952-4b18-aaf2-7aea4a25ab5d	{"pid": "A013222117", "type": "bf:Person", "preferred_name": "Hanser, Richard", "authorized_access_point": "Hanser, Richard", "md5": "88376a771859fb98adbdd628b2a048b5", "$schema": "https://mef.rero.ch/schemas/agents_rero/rero-agent-v0.0.1.json"}	1
2026-03-25 19:53:19.207393+00:00	2026-03-25 19:53:19.207393+00:00	da1944f1-367b-441d-b86a-05e3d769aa02	{"pid": "A013234989", "type": "bf:Person", "preferred_name": "Sale, Nathalie", "authorized_access_point": "Sale, Nathalie", "md5": "2e131639680fbc6c9192df02f3edb625", "$schema": "https://mef.rero.ch/schemas/agents_rero/rero-agent-v0.0.1.json"}	1
2026-03-25 19:53:19.207456+00:00	2026-03-25 19:53:19.207456+00:00	6d1ba88e-cb3e-4e9b-a488-db65d2c335ab	{"pid": "A013238298", "type": "bf:Person", "preferred_name": "L\\u00e9paulart, Nicolas", "authorized_access_point": "L\\u00e9paulart, Nicolas", "md5": "f372dfa67256476b9f81e00037acdf1f", "$schema": "https://mef.rero.ch/schemas/agents_rero/rero-agent-v0.0.1.json"}	1
2026-03-25 19:53:19.207992+00:00	2026-03-25 19:53:19.207992+00:00	e7bbe476-83e2-4e81-9c3d-56cbb651632a	{"pid": "A013254669", "type": "bf:Organisation", "conference": false, "preferred_name": "Universit\\u00e9 Mohammed V (Rabat). D\\u00e9partement de sciences \\u00e9conomiques et sociales. Colloque (1997 :", "authorized_access_point": "Universit\\u00e9 Mohammed V (Rabat). D\\u00e9partement de sciences \\u00e9conomiques et sociales. Colloque (1997 : Rabat)", "md5": "836b7bfcf250e3006518e23b0c5c4d7d", "$schema": "https://mef.rero.ch/schemas/agents_rero/rero-agent-v0.0.1.json"}	1
2026-03-25 19:53:19.208020+00:00	2026-03-25 19:53:19.208020+00:00	9f9eabdc-57a9-4529-98c5-440f3256b009	{"pid": "A013254904", "type": "bf:Organisation", "conference": true, "preferred_name": "North American Conference on Muslim Evangelization (1978 :", "authorized_access_point": "North American Conference on Muslim Evangelization (1978 : Colorado Springs)", "md5": "cdc7db7d620e251435fb474bfa364e4b", "$schema": "https://mef.rero.ch/schemas/agents_rero/rero-agent-v0.0.1.json"}	1
2026-03-25 19:53:19.208044+00:00	2026-03-25 19:53:19.208044+00:00	778bff61-e6e2-4cbb-bfc4-eb65f6a2c270	{"pid": "A013264678", "type": "bf:Person", "preferred_name": "Petrotchenko, Olessia", "authorized_access_point": "Petrotchenko, Olessia", "md5": "47e0c3751eed831cd2aa33b430f90fcc", "$schema": "https://mef.rero.ch/schemas/agents_rero/rero-agent-v0.0.1.json"}	1
2026-03-25 19:53:19.208068+00:00	2026-03-25 19:53:19.208068+00:00	8f121b85-a83f-441e-a68f-9080276cead6	{"pid": "A013278476", "type": "bf:Person", "preferred_name": "Vrecken, Paul van der", "authorized_access_point": "Vrecken, Paul van der", "md5": "70ac620ce32e837a66d6f853a5a4dc5f", "$schema": "https://mef.rero.ch/schemas/agents_rero/rero-agent-v0.0.1.json"}	1
2026-03-25 19:53:19.208102+00:00	2026-03-25 19:53:19.208102+00:00	7eec84fa-5db8-46eb-8003-09196c9033af	{"pid": "A013288987", "type": "bf:Person", "preferred_name": "Blatz, Heinrich", "authorized_access_point": "Blatz, Heinrich", "md5": "093328d221279a8678d6ddbbbcaa47a8", "$schema": "https://mef.rero.ch/schemas/agents_rero/rero-agent-v0.0.1.json"}	1
2026-03-25 19:53:19.208136+00:00	2026-03-25 19:53:19.208136+00:00	3e2eaa5b-6539-46e5-85da-e091f748960e	{"pid": "A013298285", "type": "bf:Person", "qualifier": "comte de Hollande et roi des Romains", "numeration": "II", "preferred_name": "Guillaume II, comte de Hollande et roi des Romains", "authorized_access_point": "Guillaume II, comte de Hollande et roi des Romains", "md5": "b8999d7c03d707319d5a806f8aff474e", "$schema": "https://mef.rero.ch/schemas/agents_rero/rero-agent-v0.0.1.json"}	1
2026-03-25 19:53:19.208160+00:00	2026-03-25 19:53:19.208160+00:00	c906ce6f-94ab-4e31-8d06-785a8af0d80a	{"pid": "A013325785", "type": "bf:Person", "preferred_name": "Chodkiewicz, Kazimierz", "authorized_access_point": "Chodkiewicz, Kazimierz", "md5": "aaeb9100e2c83a24bed7b8f263c26270", "$schema": "https://mef.rero.ch/schemas/agents_rero/rero-agent-v0.0.1.json"}	1
2026-03-25 19:53:19.208184+00:00	2026-03-25 19:53:19.208184+00:00	13bb0b1f-c188-4a8b-8038-e5c6c57b3c4c	{"pid": "A013328589", "type": "bf:Organisation", "conference": true, "preferred_name": "Congr\\u00e8s de soins palliatifs p\\u00e9diatriques 2001 :", "authorized_access_point": "Congr\\u00e8s de soins palliatifs p\\u00e9diatriques (1 : 2001 : Montr\\u00e9al)", "md5": "5d21cabcb479cbd7edcc3484963c3aea", "$schema": "https://mef.rero.ch/schemas/agents_rero/rero-agent-v0.0.1.json"}	1
2026-03-25 19:53:19.208208+00:00	2026-03-25 19:53:19.208208+00:00	919cf040-e16c-4fdd-be5b-e466976f0d88	{"pid": "A013346407", "type": "bf:Person", "preferred_name": "Topf, Helmut", "authorized_access_point": "Topf, Helmut", "md5": "0ae62ae959f23aeaf55721cc3d81a655", "$schema": "https://mef.rero.ch/schemas/agents_rero/rero-agent-v0.0.1.json"}	1
2026-03-25 19:53:19.208229+00:00	2026-03-25 19:53:19.208229+00:00	5c066ff0-9c5e-4fff-b042-e72db8323065	{"pid": "A013388531", "type": "bf:Person", "preferred_name": "Florentz, Didier", "authorized_access_point": "Florentz, Didier", "md5": "5df288e062a6c6e8febf352692d80df0", "$schema": "https://mef.rero.ch/schemas/agents_rero/rero-agent-v0.0.1.json"}	1
2026-03-25 19:53:19.208252+00:00	2026-03-25 19:53:19.208252+00:00	602d1a7a-e826-45c2-bdcc-0ca02468b15f	{"pid": "A013395525", "type": "bf:Organisation", "conference": false, "preferred_name": "Espace Mont-Blanc. Comit\\u00e9 de pilotage Sch\\u00e9ma de d\\u00e9veloppement durable", "authorized_access_point": "Espace Mont-Blanc. Comit\\u00e9 de pilotage Sch\\u00e9ma de d\\u00e9veloppement durable", "md5": "64b57e5623b72c1757e50cfbe0c3c1c4", "$schema": "https://mef.rero.ch/schemas/agents_rero/rero-agent-v0.0.1.json"}	1
2026-03-25 19:53:19.208275+00:00	2026-03-25 19:53:19.208275+00:00	2470f6d7-fe21-4d96-a777-a0d118980f78	{"pid": "A013406985", "type": "bf:Person", "preferred_name": "Durieu, Jacques", "authorized_access_point": "Durieu, Jacques", "md5": "76ca9c48e9c3b16b78c0a6178600bdec", "$schema": "https://mef.rero.ch/schemas/agents_rero/rero-agent-v0.0.1.json"}	1
2026-03-25 19:53:19.208296+00:00	2026-03-25 19:53:19.208296+00:00	912e401d-05d4-4377-a222-914dd987790b	{"pid": "A013436592", "type": "bf:Person", "preferred_name": "Mattes, Larry J", "authorized_access_point": "Mattes, Larry J", "md5": "e741dff95d900de429d2cf76e7f86295", "$schema": "https://mef.rero.ch/schemas/agents_rero/rero-agent-v0.0.1.json"}	1
2026-03-25 19:53:19.208319+00:00	2026-03-25 19:53:19.208319+00:00	4c77a7a8-5f85-4e17-b06f-dcd4a09239d7	{"pid": "A013461986", "type": "bf:Organisation", "conference": false, "preferred_name": "Mi\\u0119dzyuczelniany Opozycyjny Ruch Studencki (Polska)", "authorized_access_point": "Mi\\u0119dzyuczelniany Opozycyjny Ruch Studencki (Polska)", "md5": "bb08a383a5450fc4d4553277d494a842", "$schema": "https://mef.rero.ch/schemas/agents_rero/rero-agent-v0.0.1.json"}	1
2026-03-25 19:53:19.208343+00:00	2026-03-25 19:53:19.208343+00:00	0234ff92-6d75-4412-a4ed-1ab6ce021fd8	{"pid": "A013469717", "type": "bf:Person", "date_of_birth": "1812", "date_of_death": "1886", "preferred_name": "Andrews, Stephen Pearl,", "authorized_access_point": "Andrews, Stephen Pearl, 1812-1886", "md5": "3f3c2ae81edd9da4e72ffd0cc36f6709", "$schema": "https://mef.rero.ch/schemas/agents_rero/rero-agent-v0.0.1.json"}	1
2026-03-25 19:53:19.208366+00:00	2026-03-25 19:53:19.208366+00:00	77f8f0a8-3f39-42ed-bd37-38db50304cb7	{"pid": "A013472806", "type": "bf:Person", "preferred_name": "Gr\\u00f6ne, Wilhelm", "authorized_access_point": "Gr\\u00f6ne, Wilhelm", "md5": "4c887a0a4a879a37380f1f13ee8c50f6", "$schema": "https://mef.rero.ch/schemas/agents_rero/rero-agent-v0.0.1.json"}	1
2026-03-25 19:53:19.208389+00:00	2026-03-25 19:53:19.208389+00:00	9549edfb-bcbd-4920-b10e-8917cea3486e	{"pid": "A013486130", "type": "bf:Person", "variant_name": ["Elperin, Juri"], "preferred_name": "Elperin, I\\ufe20U\\ufe21ri\\u012d", "variant_access_point": ["Elperin, Juri"], "authorized_access_point": "Elperin, I\\ufe20U\\ufe21ri\\u012d", "md5": "f4185c60bc160f7cbb7d8d988f6ff43a", "$schema": "https://mef.rero.ch/schemas/agents_rero/rero-agent-v0.0.1.json"}	1
2026-03-25 19:53:19.208415+00:00	2026-03-25 19:53:19.208415+00:00	aef6c699-fac5-4936-8cfe-707dcfe1800e	{"pid": "A013491491", "type": "bf:Person", "variant_name": ["Gor\\u010dakova, A"], "preferred_name": "Gorchakova, A", "variant_access_point": ["Gor\\u010dakova, A"], "parallel_access_point": ["\\u0413\\u043e\\u0440\\u0447\\u0430\\u043a\\u043e\\u0432\\u0430, \\u0410"], "authorized_access_point": "Gorchakova, A", "md5": "555749c58cf61527c147dea032c4649e", "$schema": "https://mef.rero.ch/schemas/agents_rero/rero-agent-v0.0.1.json"}	1
2026-03-25 19:53:19.208441+00:00	2026-03-25 19:53:19.208441+00:00	45d86830-3df7-4388-8404-73712f3a0459	{"pid": "A013496961", "type": "bf:Person", "variant_name": ["G\\u030cawhari, \\u02bfAbdel-\\u02bfAz\\u012bz"], "preferred_name": "Jawhar\\u012b, \\u02bfAbd al-\\u02bfAz\\u012bz", "variant_access_point": ["G\\u030cawhari, \\u02bfAbdel-\\u02bfAz\\u012bz"], "parallel_access_point": ["\\u062c\\u0648\\u0647\\u0631\\u064a\\u060c \\u0639\\u0628\\u062f \\u0627\\u0644\\u0639\\u0632\\u064a\\u0632"], "authorized_access_point": "Jawhar\\u012b, \\u02bfAbd al-\\u02bfAz\\u012bz", "md5": "dd82f58311239b2f4ad19cdff8021db9", "$schema": "https://mef.rero.ch/schemas/agents_rero/rero-agent-v0.0.1.json"}	1
2026-03-25 19:53:19.208470+00:00	2026-03-25 19:53:19.208470+00:00	6776032a-0b34-4db7-82ad-67983ada96e6	{"pid": "A013498494", "type": "bf:Person", "variant_name": ["Mel\\u02b9vil\\u02b9, Jurij Konstantinovi\\u010d"], "preferred_name": "Mel\\u02b9vil\\u02b9, I\\ufe20U\\ufe21ri\\u012d Konstantinovich", "variant_access_point": ["Mel\\u02b9vil\\u02b9, Jurij Konstantinovi\\u010d"], "parallel_access_point": ["\\u041c\\u0435\\u043b\\u044c\\u0432\\u0438\\u043b\\u044c, \\u042e\\u0440\\u0438\\u0439 \\u041a\\u043e\\u043d\\u0441\\u0442\\u0430\\u043d\\u0442\\u0438\\u043d\\u043e\\u0432\\u0438\\u0447"], "authorized_access_point": "Mel\\u02b9vil\\u02b9, I\\ufe20U\\ufe21ri\\u012d Konstantinovich", "md5": "99b6d3074f1c6ccf291048b55124861d", "$schema": "https://mef.rero.ch/schemas/agents_rero/rero-agent-v0.0.1.json"}	1
2026-03-25 19:53:19.208508+00:00	2026-03-25 19:53:19.208508+00:00	54b55fce-fa18-43fa-841a-b7f149d55788	{"pid": "A013503465", "type": "bf:Organisation", "conference": false, "variant_name": ["Russkoe entomologi\\u010deskoe ob\\u0161\\u010destvo"], "preferred_name": "Russkoe entomologicheskoe obshchestvo", "variant_access_point": ["Russkoe entomologi\\u010deskoe ob\\u0161\\u010destvo"], "parallel_access_point": ["\\u0420\\u0443\\u0441\\u0441\\u043a\\u043e\\u0435 \\u044d\\u043d\\u0442\\u043e\\u043c\\u043e\\u043b\\u043e\\u0433\\u0438\\u0447\\u0435\\u0441\\u043a\\u043e\\u0435 \\u043e\\u0431\\u0449\\u0435\\u0441\\u0442\\u0432\\u043e"], "authorized_access_point": "Russkoe entomologicheskoe obshchestvo", "md5": "df88b6aef98a256d3eaba2fb6c9cc6b7", "$schema": "https://mef.rero.ch/schemas/agents_rero/rero-agent-v0.0.1.json"}	1
2026-03-25 19:53:19.208537+00:00	2026-03-25 19:53:19.208537+00:00	562cb241-62c0-49bc-b304-ca142d60b99e	{"pid": "A013503508", "type": "bf:Person", "variant_name": ["\\u017dalinskij, Al'fred \\u0116rnestovi\\u010d"], "preferred_name": "Zhalinski\\u012d, Al\\u02b9fred \\u0116rnestovich", "variant_access_point": ["\\u017dalinskij, Al'fred \\u0116rnestovi\\u010d"], "parallel_access_point": ["\\u0416\\u0430\\u043b\\u0438\\u043d\\u0441\\u043a\\u0438\\u0439, \\u0410\\u043b\\u044c\\u0444\\u0440\\u0435\\u0434 \\u042d\\u0440\\u043d\\u0435\\u0441\\u0442\\u043e\\u0432\\u0438\\u0447"], "authorized_access_point": "Zhalinski\\u012d, Al\\u02b9fred \\u0116rnestovich", "md5": "e54ddfb163c7f3ba3151977d1cf4ff00", "$schema": "https://mef.rero.ch/schemas/agents_rero/rero-agent-v0.0.1.json"}	1
2026-03-25 19:53:19.208564+00:00	2026-03-25 19:53:19.208564+00:00	9e0c611f-76c3-4ea6-bd16-1b09c0f79d2c	{"pid": "A013505068", "type": "bf:Person", "variant_name": ["Maljakov, Lev Ivanovi\\u010d"], "preferred_name": "Mali\\ufe20a\\ufe21kov, Lev Ivanovich", "variant_access_point": ["Maljakov, Lev Ivanovi\\u010d"], "parallel_access_point": ["\\u041c\\u0430\\u043b\\u044f\\u043a\\u043e\\u0432, \\u041b\\u0435\\u0432 \\u0418\\u0432\\u0430\\u043d\\u043e\\u0432\\u0438\\u0447"], "authorized_access_point": "Mali\\ufe20a\\ufe21kov, Lev Ivanovich", "md5": "4633a66b095494f7273b9a97d232027f", "$schema": "https://mef.rero.ch/schemas/agents_rero/rero-agent-v0.0.1.json"}	1
2026-03-25 19:53:19.208591+00:00	2026-03-25 19:53:19.208591+00:00	0824690d-4464-4c42-8e70-09868411cb50	{"pid": "A013505146", "type": "bf:Person", "variant_name": ["Spi\\u0332lio\\u0332t\\u00e1ki\\u0332s, K.K"], "preferred_name": "Sp\\u0113li\\u014dtak\\u0113s, K.K", "variant_access_point": ["Spi\\u0332lio\\u0332t\\u00e1ki\\u0332s, K.K"], "parallel_access_point": ["\\u03a3\\u03c0\\u03b7\\u03bb\\u03b9\\u03c9\\u03c4\\u03ac\\u03ba\\u03b7\\u03c2, \\u039a.\\u039a"], "authorized_access_point": "Sp\\u0113li\\u014dtak\\u0113s, K.K", "md5": "f08c92bb22027377796e6aa3e8a6f127", "$schema": "https://mef.rero.ch/schemas/agents_rero/rero-agent-v0.0.1.json"}	1
2026-03-25 19:53:19.208618+00:00	2026-03-25 19:53:19.208618+00:00	9b2957a2-bc22-4fef-8bfa-b390fefcae4c	{"pid": "A013505439", "type": "bf:Person", "variant_name": ["Vardomackij, Andrej Petrovi\\u010d"], "preferred_name": "Vardomat\\ufe20s\\ufe21ki\\u012d, Andre\\u012d Petrovich", "variant_access_point": ["Vardomackij, Andrej Petrovi\\u010d"], "parallel_access_point": ["\\u0412\\u0430\\u0440\\u0434\\u043e\\u043c\\u0430\\u0446\\u043a\\u0438\\u0439, \\u0410\\u043d\\u0434\\u0440\\u0435\\u0439 \\u041f\\u0435\\u0442\\u0440\\u043e\\u0432\\u0438\\u0447"], "authorized_access_point": "Vardomat\\ufe20s\\ufe21ki\\u012d, Andre\\u012d Petrovich", "md5": "d3470c4f827915a8c47cb40b716b185c", "$schema": "https://mef.rero.ch/schemas/agents_rero/rero-agent-v0.0.1.json"}	1
2026-03-25 19:53:19.208647+00:00	2026-03-25 19:53:19.208647+00:00	e5ab743a-b92c-46c3-8704-3f5e92c9f494	{"pid": "A013506588", "type": "bf:Person", "variant_name": ["H\\u0101\\u0161im, \\u02bfAbd-al-H\\u0101d\\u012b,"], "date_of_birth": "1913", "preferred_name": "H\\u0101shim, \\u02bfAbd al-H\\u0101d\\u012b,", "variant_access_point": ["H\\u0101\\u0161im, \\u02bfAbd-al-H\\u0101d\\u012b, 1913-"], "parallel_access_point": ["\\u0647\\u0627\\u0634\\u0645\\u060c \\u0639\\u0628\\u062f \\u0627\\u0644\\u0647\\u0627\\u062f\\u064a\\u060c 1913-"], "authorized_access_point": "H\\u0101shim, \\u02bfAbd al-H\\u0101d\\u012b, 1913-", "md5": "8e95b672504e8474434756c6f7295406", "$schema": "https://mef.rero.ch/schemas/agents_rero/rero-agent-v0.0.1.json"}	1
2026-03-25 19:53:19.208676+00:00	2026-03-25 19:53:19.208676+00:00	2b0a5fae-89a3-4e7b-adfd-d79a03bb44a0	{"pid": "A013518111", "type": "bf:Organisation", "conference": false, "variant_name": ["Imperatorskoe Kavkazskoe Medicinskoe Ob\\u0161\\u010destvo"], "preferred_name": "Imperatorskoe Kavkazskoe Medit\\ufe20s\\ufe21inskoe Obshchestvo", "variant_access_point": ["Imperatorskoe Kavkazskoe Medicinskoe Ob\\u0161\\u010destvo"], "parallel_access_point": ["\\u0418\\u043c\\u043f\\u0435\\u0440\\u0430\\u0442\\u043e\\u0440\\u0441\\u043a\\u043e\\u0435 \\u041a\\u0430\\u0432\\u043a\\u0430\\u0437\\u0441\\u043a\\u043e\\u0435 \\u041c\\u0435\\u0434\\u0438\\u0446\\u0438\\u043d\\u0441\\u043a\\u043e\\u0435 \\u041e\\u0431\\u0449\\u0435\\u0441\\u0442\\u0432\\u043e"], "authorized_access_point": "Imperatorskoe Kavkazskoe Medit\\ufe20s\\ufe21inskoe Obshchestvo", "md5": "937102a633de792402f120de74de59bd", "$schema": "https://mef.rero.ch/schemas/agents_rero/rero-agent-v0.0.1.json"}	1
2026-03-25 19:53:19.208705+00:00	2026-03-25 19:53:19.208705+00:00	f23c3cfd-301a-43f3-bf6c-b9208f235ef7	{"pid": "A013519314", "type": "bf:Person", "variant_name": ["\\u0116lkin, Anatolij Sergeevi\\u010d"], "preferred_name": "\\u0116lkin, Anatoli\\u012d Sergeevich", "variant_access_point": ["\\u0116lkin, Anatolij Sergeevi\\u010d"], "parallel_access_point": ["\\u042d\\u043b\\u043a\\u0438\\u043d, \\u0410\\u043d\\u0430\\u0442\\u043e\\u043b\\u0438\\u0439 \\u0421\\u0435\\u0440\\u0433\\u0435\\u0435\\u0432\\u0438\\u0447"], "authorized_access_point": "\\u0116lkin, Anatoli\\u012d Sergeevich", "md5": "17c3b369a00ca10abc2ce9f3f00c5363", "$schema": "https://mef.rero.ch/schemas/agents_rero/rero-agent-v0.0.1.json"}	1
2026-03-25 19:53:19.208739+00:00	2026-03-25 19:53:19.208739+00:00	1b690eb5-0d1d-4df4-b137-945fcf4df0e0	{"pid": "A013521342", "type": "bf:Organisation", "conference": false, "variant_name": ["RSFSR (Rossijskaja Sovetskaja Federativnaja Socialisti\\u010deskaja Respublika). Juridi\\u010deskaja komissija soveta ministrov", "I\\ufe20U\\ufe21ridicheskai\\ufe20a\\ufe21 komissii\\ufe20a\\ufe21 pri Sovete Ministrov RSFSR", "RSFSR (Rossijskaja Sovetskaja Federativnaja Socialisti\\u010deskaja Respublika). Sovet Ministrov. I\\ufe20U\\ufe21ridicheskai\\ufe20a\\ufe21 komissii\\ufe20a\\ufe21"], "preferred_name": "RSFSR (Rossi\\u012dskai\\ufe20a\\ufe21 Sovetskai\\ufe20a\\ufe21 Federativnai\\ufe20a\\ufe21 Sot\\ufe20s\\ufe21ialisticheskai\\ufe20a\\ufe21 Respublika). I\\ufe20U\\ufe21ridicheskai\\ufe20a\\ufe21 komissii\\ufe20a\\ufe21", "variant_access_point": ["RSFSR (Rossijskaja Sovetskaja Federativnaja Socialisti\\u010deskaja Respublika). Juridi\\u010deskaja komissija soveta ministrov", "I\\ufe20U\\ufe21ridicheskai\\ufe20a\\ufe21 komissii\\ufe20a\\ufe21 pri Sovete Ministrov RSFSR", "RSFSR (Rossijskaja Sovetskaja Federativnaja Socialisti\\u010deskaja Respublika). Sovet Ministrov. I\\ufe20U\\ufe21ridicheskai\\ufe20a\\ufe21 komissii\\ufe20a\\ufe21"], "parallel_access_point": ["\\u0420\\u0421\\u0424\\u0421\\u0420 (\\u0420\\u043e\\u0441\\u0441\\u0438\\u0439\\u0441\\u043a\\u0430\\u044f \\u0421\\u043e\\u0432\\u0435\\u0442\\u0441\\u043a\\u0430\\u044f \\u0424\\u0435\\u0434\\u0435\\u0440\\u0430\\u0442\\u0438\\u0432\\u043d\\u0430\\u044f \\u0421\\u043e\\u0446\\u0438\\u0430\\u043b\\u0438\\u0441\\u0442\\u0438\\u0447\\u0435\\u0441\\u043a\\u0430\\u044f \\u0420\\u0435\\u0441\\u043f\\u0443\\u0431\\u043b\\u0438\\u043a\\u0430). \\u042e\\u0440\\u0438\\u0434\\u0438\\u0447\\u0435\\u0441\\u043a\\u0430\\u044f \\u043a\\u043e\\u043c\\u0438\\u0441\\u0441\\u0438\\u044f"], "authorized_access_point": "RSFSR (Rossi\\u012dskai\\ufe20a\\ufe21 Sovetskai\\ufe20a\\ufe21 Federativnai\\ufe20a\\ufe21 Sot\\ufe20s\\ufe21ialisticheskai\\ufe20a\\ufe21 Respublika). I\\ufe20U\\ufe21ridicheskai\\ufe20a\\ufe21 komissii\\ufe20a\\ufe21", "md5": "7f1cf80507e06684b4ba78c69a8acf16", "$schema": "https://mef.rero.ch/schemas/agents_rero/rero-agent-v0.0.1.json"}	1
2026-03-25 19:53:19.208779+00:00	2026-03-25 19:53:19.208779+00:00	b5d984af-06aa-4944-bbd7-094f59b70527	{"pid": "A013544891", "type": "bf:Person", "preferred_name": "Ruvinski\\u012d, Leonid Izotovich", "parallel_access_point": ["\\u0420\\u0443\\u0432\\u0438\\u043d\\u0441\\u043a\\u0438\\u0439, \\u041b\\u0435\\u043e\\u043d\\u0438\\u0434 \\u0418\\u0437\\u043e\\u0442\\u043e\\u0432\\u0438\\u0447"], "authorized_access_point": "Ruvinski\\u012d, Leonid Izotovich", "md5": "c3e9042868a7a86ee539c9b3a6b5fe14", "$schema": "https://mef.rero.ch/schemas/agents_rero/rero-agent-v0.0.1.json"}	1
2026-03-25 19:53:19.208804+00:00	2026-03-25 19:53:19.208804+00:00	592eb54e-b22b-479c-a859-1a2de98513a2	{"pid": "A013552965", "type": "bf:Organisation", "conference": true, "preferred_name": "Internationales Kolloquium zur W\\u00f6rterbuchforschung 2002 :", "authorized_access_point": "Internationales Kolloquium zur W\\u00f6rterbuchforschung (2 : 2002 : Sofia)", "md5": "4687ccddbdd3dcbb7ad0cdbacb30f629", "$schema": "https://mef.rero.ch/schemas/agents_rero/rero-agent-v0.0.1.json"}	1
2026-03-25 19:53:19.208826+00:00	2026-03-25 19:53:19.208826+00:00	6067e731-d7c6-4678-8131-6a791dc67b7e	{"pid": "A013553997", "type": "bf:Person", "preferred_name": "Lovey, Romaine", "authorized_access_point": "Lovey, Romaine", "md5": "c47623b38dc571a53ae2e67073509632", "$schema": "https://mef.rero.ch/schemas/agents_rero/rero-agent-v0.0.1.json"}	1
2026-03-25 19:53:19.208848+00:00	2026-03-25 19:53:19.208848+00:00	00cb95c6-daa7-4d57-aefc-6cea536607fa	{"pid": "A013583535", "type": "bf:Person", "preferred_name": "Hayward, Joseph", "authorized_access_point": "Hayward, Joseph", "md5": "0bed2bc09efe2ecc70c030a291cc5afc", "$schema": "https://mef.rero.ch/schemas/agents_rero/rero-agent-v0.0.1.json"}	1
2026-03-25 19:53:19.208870+00:00	2026-03-25 19:53:19.208870+00:00	f29b54fe-50a5-43b8-9e38-f79f49f33bb1	{"pid": "A013585039", "type": "bf:Person", "preferred_name": "Klefsj\\u00f6, Bengt", "authorized_access_point": "Klefsj\\u00f6, Bengt", "md5": "635aca026122877b6ff3efb5b7969640", "$schema": "https://mef.rero.ch/schemas/agents_rero/rero-agent-v0.0.1.json"}	1
2026-03-25 19:53:19.208892+00:00	2026-03-25 19:53:19.208892+00:00	379343af-46f7-49b8-94a2-f0cf10c3bc36	{"pid": "A013595086", "type": "bf:Person", "qualifier": "juriste", "preferred_name": "Buck, Christian, juriste", "authorized_access_point": "Buck, Christian, juriste", "md5": "3c3c1eb428a88f207776d9a1c239ccb3", "$schema": "https://mef.rero.ch/schemas/agents_rero/rero-agent-v0.0.1.json"}	1
2026-03-25 19:53:19.208916+00:00	2026-03-25 19:53:19.208916+00:00	02c6da30-c6b6-45db-a0fd-92a2df3b5693	{"pid": "A013595372", "type": "bf:Organisation", "conference": false, "variant_name": ["Museo di Casa Romei"], "preferred_name": "Casa Romei", "variant_access_point": ["Museo di Casa Romei"], "authorized_access_point": "Casa Romei", "md5": "16cca2a31dd344acc54fa34d3b8d1e15", "$schema": "https://mef.rero.ch/schemas/agents_rero/rero-agent-v0.0.1.json"}	1
2026-03-25 19:53:19.208939+00:00	2026-03-25 19:53:19.208939+00:00	e6578b0c-af3f-4035-b53e-e62a808817c4	{"pid": "A013621306", "type": "bf:Organisation", "conference": true, "preferred_name": "Colloque national de magn\\u00e9tisme (1957 :", "authorized_access_point": "Colloque national de magn\\u00e9tisme (1957 : Strasbourg)", "md5": "6b7c5b73c0f2430efe1a09c06b8be073", "$schema": "https://mef.rero.ch/schemas/agents_rero/rero-agent-v0.0.1.json"}	1
2026-03-25 19:53:19.208961+00:00	2026-03-25 19:53:19.208961+00:00	626b0097-4287-479a-89f4-96330a0f63e8	{"pid": "A013627680", "type": "bf:Person", "preferred_name": "Beardsall, Jeffery F", "authorized_access_point": "Beardsall, Jeffery F", "md5": "f43e193eab91beb6672a8866241847ac", "$schema": "https://mef.rero.ch/schemas/agents_rero/rero-agent-v0.0.1.json"}	1
2026-03-25 19:53:19.208982+00:00	2026-03-25 19:53:19.208982+00:00	bfdcae93-990c-4f83-b127-bfa741ff9b0e	{"pid": "A013629529", "type": "bf:Person", "preferred_name": "Schnegg, C\\u00e9line", "authorized_access_point": "Schnegg, C\\u00e9line", "md5": "45f65320332fb5d55ee0efd0dad851fb", "$schema": "https://mef.rero.ch/schemas/agents_rero/rero-agent-v0.0.1.json"}	1
2026-03-25 19:53:19.209004+00:00	2026-03-25 19:53:19.209004+00:00	b136de0b-1c39-4ca8-991d-b38e1e54eba4	{"pid": "A013654911", "type": "bf:Organisation", "conference": false, "preferred_name": "Museum of Mediterranean Archaeology (Nir Dav\\u0323id, Israel)", "authorized_access_point": "Museum of Mediterranean Archaeology (Nir Dav\\u0323id, Israel)", "md5": "cdc80d017ddedb8ada23934767fe49ae", "$schema": "https://mef.rero.ch/schemas/agents_rero/rero-agent-v0.0.1.json"}	1
2026-03-25 19:53:19.209027+00:00	2026-03-25 19:53:19.209027+00:00	2a343086-d3ec-4669-b31b-5afcd6a5da9c	{"pid": "A013663807", "type": "bf:Organisation", "conference": false, "preferred_name": "Deklin", "authorized_access_point": "Deklin", "md5": "3c06079259e74875e1901d8d92124e1f", "$schema": "https://mef.rero.ch/schemas/agents_rero/rero-agent-v0.0.1.json"}	1
2026-03-25 19:53:19.209048+00:00	2026-03-25 19:53:19.209048+00:00	91a1ce3a-3208-4def-96f1-f0b93c181389	{"pid": "A013675118", "type": "bf:Person", "preferred_name": "\\u00d8stergaard, Kim", "authorized_access_point": "\\u00d8stergaard, Kim", "md5": "f517675ff40f56959bfa68629fc09234", "$schema": "https://mef.rero.ch/schemas/agents_rero/rero-agent-v0.0.1.json"}	1
2026-03-25 19:53:19.209069+00:00	2026-03-25 19:53:19.209069+00:00	76f66884-58d0-4342-8894-c986f5d493be	{"pid": "A013683105", "type": "bf:Person", "preferred_name": "Laue, Thomas", "authorized_access_point": "Laue, Thomas", "md5": "fa39e2d3c7606b4860b073ed06f47ed0", "$schema": "https://mef.rero.ch/schemas/agents_rero/rero-agent-v0.0.1.json"}	1
2026-03-25 19:53:19.209091+00:00	2026-03-25 19:53:19.209091+00:00	ace73728-7f5e-4b96-9a06-e601c214d22e	{"pid": "A013688478", "type": "bf:Organisation", "conference": false, "preferred_name": "Rencontres de d\\u00e9cembre (La Chaux-de-Fonds)", "authorized_access_point": "Rencontres de d\\u00e9cembre (La Chaux-de-Fonds)", "md5": "8826b0eb862f5d6f8c16cd6da125b364", "$schema": "https://mef.rero.ch/schemas/agents_rero/rero-agent-v0.0.1.json"}	1
2026-03-25 19:53:19.209113+00:00	2026-03-25 19:53:19.209113+00:00	ce1b257b-ce06-41be-ad7a-cb1cab9441cf	{"pid": "A013706277", "type": "bf:Person", "preferred_name": "Kilcher, Jules", "authorized_access_point": "Kilcher, Jules", "md5": "1d5710aa38dd4784007b1012aec7320d", "$schema": "https://mef.rero.ch/schemas/agents_rero/rero-agent-v0.0.1.json"}	1
2026-03-25 19:53:19.209134+00:00	2026-03-25 19:53:19.209134+00:00	062b35a8-ab28-44f2-8186-e3e6d3473c27	{"pid": "A013720765", "type": "bf:Organisation", "conference": false, "preferred_name": "Deutsche Gesellschaft f\\u00fcr die Vereinten Nationen. Gesundheitskommission", "authorized_access_point": "Deutsche Gesellschaft f\\u00fcr die Vereinten Nationen. Gesundheitskommission", "md5": "67fb51e008c583216473bbe3fbe7560c", "$schema": "https://mef.rero.ch/schemas/agents_rero/rero-agent-v0.0.1.json"}	1
2026-03-25 19:53:19.209165+00:00	2026-03-25 19:53:19.209165+00:00	b2c30d58-4e66-4c56-9898-87ddc1c5b4b8	{"pid": "A013753495", "type": "bf:Person", "preferred_name": "Bogdan-Verger, Olimpia", "authorized_access_point": "Bogdan-Verger, Olimpia", "md5": "c48150f98eb48a3a7755afbf3c98f47c", "$schema": "https://mef.rero.ch/schemas/agents_rero/rero-agent-v0.0.1.json"}	1
2026-03-25 19:53:19.209186+00:00	2026-03-25 19:53:19.209186+00:00	5cbebf88-8613-4d7a-9776-c2367758b8f5	{"pid": "A013763647", "type": "bf:Person", "preferred_name": "B\\u00f6rner, Wilhelm", "authorized_access_point": "B\\u00f6rner, Wilhelm", "md5": "1cd86c4acbb1e8275d59f9a2ac7aacac", "$schema": "https://mef.rero.ch/schemas/agents_rero/rero-agent-v0.0.1.json"}	1
2026-03-25 19:53:19.209207+00:00	2026-03-25 19:53:19.209207+00:00	8a52f9ec-7e72-4dc4-90f8-60fec8609b78	{"pid": "A013784156", "type": "bf:Person", "preferred_name": "Parisi, Chiara", "authorized_access_point": "Parisi, Chiara", "md5": "429f32cf47e61d9b70c24073f0839d0b", "$schema": "https://mef.rero.ch/schemas/agents_rero/rero-agent-v0.0.1.json"}	1
2026-03-25 19:53:19.209229+00:00	2026-03-25 19:53:19.209229+00:00	54506734-8007-4c22-8362-2a714abd8dd2	{"pid": "A013786026", "type": "bf:Person", "preferred_name": "Blaser, C\\u00e9line", "authorized_access_point": "Blaser, C\\u00e9line", "md5": "3bba4609c192e39bd596a213273b55dd", "$schema": "https://mef.rero.ch/schemas/agents_rero/rero-agent-v0.0.1.json"}	1
2026-03-25 19:53:19.209251+00:00	2026-03-25 19:53:19.209251+00:00	f4c99ae5-1d1d-4736-b868-6d12f6e026d4	{"pid": "A013793627", "type": "bf:Person", "preferred_name": "Catterini, Robert", "authorized_access_point": "Catterini, Robert", "md5": "d102139e265523d3a9fe601b571e380e", "$schema": "https://mef.rero.ch/schemas/agents_rero/rero-agent-v0.0.1.json"}	1
2026-03-25 19:53:19.209272+00:00	2026-03-25 19:53:19.209272+00:00	6a95341e-e128-4039-9cd3-69ce7f8bb055	{"pid": "A013796408", "type": "bf:Person", "preferred_name": "Simmen, Denise", "authorized_access_point": "Simmen, Denise", "md5": "3aa6fe411d32aaa6d8d16f7db1626b3c", "$schema": "https://mef.rero.ch/schemas/agents_rero/rero-agent-v0.0.1.json"}	1
2026-03-25 19:53:19.209293+00:00	2026-03-25 19:53:19.209293+00:00	866ef78a-1605-4dc5-a5e6-71ab633f7b27	{"pid": "A013815334", "type": "bf:Person", "preferred_name": "Lim-Hing, Sharon", "authorized_access_point": "Lim-Hing, Sharon", "md5": "e909127fc98b7032fa3b9c0b9fe617ce", "$schema": "https://mef.rero.ch/schemas/agents_rero/rero-agent-v0.0.1.json"}	1
2026-03-25 19:53:19.209315+00:00	2026-03-25 19:53:19.209315+00:00	14789a3e-ea88-4fe1-b1e0-b807bf316a7f	{"pid": "A013839708", "type": "bf:Organisation", "conference": false, "preferred_name": "Marburger Universit\\u00e4tsbund", "authorized_access_point": "Marburger Universit\\u00e4tsbund", "md5": "15fdb8d203fff37aaf48e191411ef05e", "$schema": "https://mef.rero.ch/schemas/agents_rero/rero-agent-v0.0.1.json"}	1
2026-03-25 19:53:19.209337+00:00	2026-03-25 19:53:19.209337+00:00	db589658-33f6-4e54-9502-c4010eae6958	{"pid": "A013851171", "type": "bf:Person", "preferred_name": "Kantirea, Maria", "authorized_access_point": "Kantirea, Maria", "md5": "430072d9819c3ccf8762c21d0d2477f6", "$schema": "https://mef.rero.ch/schemas/agents_rero/rero-agent-v0.0.1.json"}	1
2026-03-25 19:53:19.209358+00:00	2026-03-25 19:53:19.209358+00:00	7529b747-b4bc-4e9d-b2d8-2ead57192a60	{"pid": "A013863028", "type": "bf:Person", "preferred_name": "Hoult, Nicholas", "authorized_access_point": "Hoult, Nicholas", "md5": "db16e86ca84324a029dc114b29475c7c", "$schema": "https://mef.rero.ch/schemas/agents_rero/rero-agent-v0.0.1.json"}	1
2026-03-25 19:53:19.209380+00:00	2026-03-25 19:53:19.209380+00:00	efc3da51-79ad-48d7-867d-a26c74fecbc0	{"pid": "A013902798", "type": "bf:Organisation", "conference": true, "preferred_name": "Symposium slavicum (1977 :", "authorized_access_point": "Symposium slavicum (1977 : Innsbruck)", "md5": "71242e033f8d55414736f70e83208c80", "$schema": "https://mef.rero.ch/schemas/agents_rero/rero-agent-v0.0.1.json"}	1
2026-03-25 19:53:19.209402+00:00	2026-03-25 19:53:19.209402+00:00	7fc9d721-e46c-4a24-9606-21ffedbf611d	{"pid": "A013936998", "type": "bf:Person", "preferred_name": "Piekut, Kazimierz", "authorized_access_point": "Piekut, Kazimierz", "md5": "5a9953a5f91eda70e17ebb5cc6bc60fa", "$schema": "https://mef.rero.ch/schemas/agents_rero/rero-agent-v0.0.1.json"}	1
2026-03-25 19:53:19.209423+00:00	2026-03-25 19:53:19.209423+00:00	5defc97d-40a2-424e-a9bd-a161b89c8c4f	{"pid": "A013939562", "type": "bf:Person", "preferred_name": "Krzysko, Maria", "authorized_access_point": "Krzysko, Maria", "md5": "c28d14dd7572f6c365326b65c12d24a5", "$schema": "https://mef.rero.ch/schemas/agents_rero/rero-agent-v0.0.1.json"}	1
2026-03-25 19:53:19.209444+00:00	2026-03-25 19:53:19.209444+00:00	7dacc9b5-cd46-4166-9f2b-f1033aab023f	{"pid": "A013941086", "type": "bf:Person", "preferred_name": "Holt, Leslie E", "authorized_access_point": "Holt, Leslie E", "md5": "5bfc2e0a1873d150cca587252dbd63ba", "$schema": "https://mef.rero.ch/schemas/agents_rero/rero-agent-v0.0.1.json"}	1
2026-03-25 19:53:19.209465+00:00	2026-03-25 19:53:19.209465+00:00	c8f2b0d2-6a5e-454e-bde0-e9a275016171	{"pid": "A013948865", "type": "bf:Person", "preferred_name": "Panas, Mario", "authorized_access_point": "Panas, Mario", "md5": "92bcf3b7f012289d281e9f822eb329ca", "$schema": "https://mef.rero.ch/schemas/agents_rero/rero-agent-v0.0.1.json"}	1
2026-03-25 19:53:19.209487+00:00	2026-03-25 19:53:19.209487+00:00	0dfb8f9d-e268-41be-b20b-ac3a6649ebf2	{"pid": "A013952563", "type": "bf:Person", "preferred_name": "Mintoume, Sim\\u00e9on Clotaire", "authorized_access_point": "Mintoume, Sim\\u00e9on Clotaire", "md5": "2173649f2b510cdc0f388085a6d9a3a5", "$schema": "https://mef.rero.ch/schemas/agents_rero/rero-agent-v0.0.1.json"}	1
2026-03-25 19:53:19.209508+00:00	2026-03-25 19:53:19.209508+00:00	5c42e4ef-66d9-4d28-b783-6fd45f56e5fe	{"pid": "A013970354", "type": "bf:Person", "preferred_name": "Weiglin, Paul", "authorized_access_point": "Weiglin, Paul", "md5": "2a9b2cb93c86c0669f401d9d5d539618", "$schema": "https://mef.rero.ch/schemas/agents_rero/rero-agent-v0.0.1.json"}	1
2026-03-25 19:53:19.209530+00:00	2026-03-25 19:53:19.209530+00:00	2c92b3a4-272c-4ef6-83fb-4e8a8511b2fd	{"pid": "A013986424", "type": "bf:Person", "date_of_birth": "1924", "preferred_name": "Eckardt, H.,", "authorized_access_point": "Eckardt, H., 1924-", "md5": "933c0711372da36d5bd3b71b41cf976a", "$schema": "https://mef.rero.ch/schemas/agents_rero/rero-agent-v0.0.1.json"}	1
2026-03-25 19:53:19.209558+00:00	2026-03-25 19:53:19.209558+00:00	0980dada-79c7-4b4f-8093-9cb36dc07e2e	{"pid": "A013993183", "type": "bf:Person", "preferred_name": "Barbi, Elisabetta", "authorized_access_point": "Barbi, Elisabetta", "md5": "6a70c996f3109d50eb4c2ed700cb29f7", "$schema": "https://mef.rero.ch/schemas/agents_rero/rero-agent-v0.0.1.json"}	1
2026-03-25 19:53:19.209579+00:00	2026-03-25 19:53:19.209579+00:00	44bf6b2b-721d-4ea3-9237-d67c1703245d	{"pid": "A013995035", "type": "bf:Person", "preferred_name": "Mackowitz, R", "authorized_access_point": "Mackowitz, R", "md5": "52cdfc43b84cf7b3ed432d4171c9694d", "$schema": "https://mef.rero.ch/schemas/agents_rero/rero-agent-v0.0.1.json"}	1
2026-03-25 19:53:19.209601+00:00	2026-03-25 19:53:19.209601+00:00	cb57250c-1443-4fdd-8352-581d91208815	{"pid": "A014012002", "type": "bf:Organisation", "conference": true, "preferred_name": "Giornata di studi bizantini 1992 :", "authorized_access_point": "Giornata di studi bizantini (02 : 1992 : Salerno)", "md5": "7e5720708c28a2e3adffa874b843e35f", "$schema": "https://mef.rero.ch/schemas/agents_rero/rero-agent-v0.0.1.json"}	1
2026-03-25 19:53:19.209624+00:00	2026-03-25 19:53:19.209624+00:00	e442d439-433e-4242-9e04-068a4651853a	{"pid": "A014025587", "type": "bf:Person", "qualifier": "directeur de Dixi S.A", "preferred_name": "Castella, Paul, directeur de Dixi S.A", "authorized_access_point": "Castella, Paul, directeur de Dixi S.A", "md5": "d47f1681f1895f68f5ca2f35524f1497", "$schema": "https://mef.rero.ch/schemas/agents_rero/rero-agent-v0.0.1.json"}	1
2026-03-25 19:53:19.209646+00:00	2026-03-25 19:53:19.209646+00:00	a8c328ac-fd42-46af-899e-506c16d0e62a	{"pid": "A014026079", "type": "bf:Person", "preferred_name": "Wiese, Ren\\u00e9", "authorized_access_point": "Wiese, Ren\\u00e9", "md5": "3004e0be4de9f3737ffd72b6ac718291", "$schema": "https://mef.rero.ch/schemas/agents_rero/rero-agent-v0.0.1.json"}	1
2026-03-25 19:53:19.209667+00:00	2026-03-25 19:53:19.209667+00:00	19c14fcd-07b1-41f7-a396-5ec6aaa4b8bd	{"pid": "A014036096", "type": "bf:Person", "preferred_name": "Bouteiller, J\\u00e9r\\u00f4me", "authorized_access_point": "Bouteiller, J\\u00e9r\\u00f4me", "md5": "22f309271ec04b9b8e0bcc851f76f20f", "$schema": "https://mef.rero.ch/schemas/agents_rero/rero-agent-v0.0.1.json"}	1
2026-03-25 19:53:19.209695+00:00	2026-03-25 19:53:19.209695+00:00	909c1915-07fc-43b6-b1a8-17517ff426c0	{"pid": "A014037717", "type": "bf:Person", "preferred_name": "Lavelle, Patricia", "authorized_access_point": "Lavelle, Patricia", "md5": "6661948b48f93cc6eff634272a1951eb", "$schema": "https://mef.rero.ch/schemas/agents_rero/rero-agent-v0.0.1.json"}	1
2026-03-25 19:53:19.209717+00:00	2026-03-25 19:53:19.209717+00:00	61d59b84-9a97-4186-9fa0-6938af9ed562	{"pid": "A014059339", "type": "bf:Person", "preferred_name": "Encarnaci\\u00f3n, Omar G", "authorized_access_point": "Encarnaci\\u00f3n, Omar G", "md5": "201f48c8be7a19246234142554142800", "$schema": "https://mef.rero.ch/schemas/agents_rero/rero-agent-v0.0.1.json"}	1
2026-03-25 19:53:19.209739+00:00	2026-03-25 19:53:19.209739+00:00	9c66eed5-5d0c-4173-9991-7c3186ee0950	{"pid": "A014065225", "type": "bf:Person", "preferred_name": "Serventy, Dominic Louis", "authorized_access_point": "Serventy, Dominic Louis", "md5": "b0b6315895c61f382c77656beca2b1e0", "$schema": "https://mef.rero.ch/schemas/agents_rero/rero-agent-v0.0.1.json"}	1
2026-03-25 19:53:19.209761+00:00	2026-03-25 19:53:19.209761+00:00	28c4a09b-a91b-443e-917a-5837b4a9a841	{"pid": "A014070967", "type": "bf:Person", "preferred_name": "Betschart, Kurt", "authorized_access_point": "Betschart, Kurt", "md5": "2407be6c80f6962792d70615aa861094", "$schema": "https://mef.rero.ch/schemas/agents_rero/rero-agent-v0.0.1.json"}	1
2026-03-25 19:53:19.209782+00:00	2026-03-25 19:53:19.209782+00:00	ddb24a66-76d7-4202-ad27-c89b5263fbde	{"pid": "A014074228", "type": "bf:Organisation", "conference": false, "preferred_name": "Oratorio di San Ludovico (Venezia)", "authorized_access_point": "Oratorio di San Ludovico (Venezia)", "md5": "428f31710e7ddb0f946964bcb6ea4ee4", "$schema": "https://mef.rero.ch/schemas/agents_rero/rero-agent-v0.0.1.json"}	1
2026-03-25 19:53:19.209804+00:00	2026-03-25 19:53:19.209804+00:00	d13ee174-4884-40f4-911f-c415a7a4e99c	{"pid": "A014087607", "type": "bf:Person", "preferred_name": "Fronsac, Henri", "authorized_access_point": "Fronsac, Henri", "md5": "5d312c56270e6cda065ce0e741635a53", "$schema": "https://mef.rero.ch/schemas/agents_rero/rero-agent-v0.0.1.json"}	1
2026-03-25 19:53:19.209826+00:00	2026-03-25 19:53:19.209826+00:00	eb079f6e-96ed-47d2-a163-f96013d3419a	{"pid": "A014087918", "type": "bf:Organisation", "conference": true, "preferred_name": "Biennale di Venezia 1938)", "authorized_access_point": "Biennale di Venezia (21 : 1938)", "md5": "3ca31953ecf92a609b0b855858e4d7d0", "$schema": "https://mef.rero.ch/schemas/agents_rero/rero-agent-v0.0.1.json"}	1
2026-03-25 19:53:19.209848+00:00	2026-03-25 19:53:19.209848+00:00	1bef124b-0854-44d4-89cb-169474963bfe	{"pid": "A014091750", "type": "bf:Person", "date_of_birth": "1941", "preferred_name": "Novak, David,", "authorized_access_point": "Novak, David, 1941-", "md5": "62b7b6fd8036c888c39a0bf6fec331d4", "$schema": "https://mef.rero.ch/schemas/agents_rero/rero-agent-v0.0.1.json"}	1
2026-03-25 19:53:19.209876+00:00	2026-03-25 19:53:19.209876+00:00	d1042d5e-418e-4a73-890d-1eb73ae6b4c7	{"pid": "A014094375", "type": "bf:Person", "variant_name": ["Morellet, abbe\\u0301,", "A.M.,", "M.L.M.,", "M., M.L.,", "M., A.,"], "date_of_birth": "1727", "date_of_death": "1819", "preferred_name": "Morellet, Andr\\u00e9,", "variant_access_point": ["Morellet, abbe\\u0301, 1727-1819", "A.M., 1727-1819", "M.L.M., 1727-1819", "M., M.L., 1727-1819", "M., A., 1727-1819"], "authorized_access_point": "Morellet, Andr\\u00e9, 1727-1819", "biographical_information": ["A aussi traduit de l'italien, de l'anglais et du latin en fran\\u00e7ais. - Eccl\\u00e9siastique. - Economiste. - Membre de l'Acad\\u00e9mie fran\\u00e7aise (\\u00e9lu en 1785 et nomm\\u00e9 en 1803)"], "md5": "3929ed6b9014a8fded2aba29075099bb", "$schema": "https://mef.rero.ch/schemas/agents_rero/rero-agent-v0.0.1.json"}	1
2026-03-25 19:53:19.209902+00:00	2026-03-25 19:53:19.209902+00:00	5f5b2bae-1a78-4e92-ba81-3c32c29140c6	{"pid": "A014111148", "type": "bf:Person", "preferred_name": "Martin, G\\u00e9rard", "authorized_access_point": "Martin, G\\u00e9rard", "md5": "42a61a9a9e8c069654cbdb4320bf3ed0", "$schema": "https://mef.rero.ch/schemas/agents_rero/rero-agent-v0.0.1.json"}	1
2026-03-25 19:53:19.209923+00:00	2026-03-25 19:53:19.209923+00:00	ad40a507-29dc-4104-98be-eb0bc7043cec	{"pid": "A014127767", "type": "bf:Person", "preferred_name": "D\\u0101sa, Vedavy\\u0101sa", "authorized_access_point": "D\\u0101sa, Vedavy\\u0101sa", "md5": "7cae81e4488b32430a0cac7a3c782583", "$schema": "https://mef.rero.ch/schemas/agents_rero/rero-agent-v0.0.1.json"}	1
2026-03-25 19:53:19.209958+00:00	2026-03-25 19:53:19.209958+00:00	b1640d31-a73a-4cf3-bd25-2e4a65608403	{"pid": "A014139981", "type": "bf:Person", "preferred_name": "Sylvan, Robin", "authorized_access_point": "Sylvan, Robin", "md5": "b1229d33ae27cfe452fa71a77367c823", "$schema": "https://mef.rero.ch/schemas/agents_rero/rero-agent-v0.0.1.json"}	1
2026-03-25 19:53:19.209980+00:00	2026-03-25 19:53:19.209980+00:00	a6a8cb76-ad04-416d-8bd3-6b4fa74e0b24	{"pid": "A014145274", "type": "bf:Person", "preferred_name": "Boireau-Tartarat, Suzanne", "authorized_access_point": "Boireau-Tartarat, Suzanne", "md5": "cb7e97ae27041b043f4ad3d0e02eb4d1", "$schema": "https://mef.rero.ch/schemas/agents_rero/rero-agent-v0.0.1.json"}	1
2026-03-25 19:53:19.210001+00:00	2026-03-25 19:53:19.210001+00:00	f4ac522e-5540-447f-bb0a-e22187731e84	{"pid": "A014193528", "type": "bf:Person", "preferred_name": "Sciboz, Jacqueline", "authorized_access_point": "Sciboz, Jacqueline", "md5": "54e9910bdf6e163c2e868531f818d504", "$schema": "https://mef.rero.ch/schemas/agents_rero/rero-agent-v0.0.1.json"}	1
2026-03-25 19:53:19.210022+00:00	2026-03-25 19:53:19.210022+00:00	94c835d8-9fe9-45cd-a5b7-a752a156fe59	{"pid": "A014201130", "type": "bf:Person", "preferred_name": "Mavrommatis, Dimitri", "authorized_access_point": "Mavrommatis, Dimitri", "md5": "60db7604b134aef0e77d7772af50b43d", "$schema": "https://mef.rero.ch/schemas/agents_rero/rero-agent-v0.0.1.json"}	1
2026-03-25 19:53:19.210044+00:00	2026-03-25 19:53:19.210044+00:00	a96ce37d-e6e1-4b51-a96e-1ca5bc475561	{"pid": "A014202551", "type": "bf:Organisation", "conference": false, "preferred_name": "Museo Palazzo Venezia (Roma)", "authorized_access_point": "Museo Palazzo Venezia (Roma)", "md5": "8010ff2f77844c69cb5da95bd14655f2", "$schema": "https://mef.rero.ch/schemas/agents_rero/rero-agent-v0.0.1.json"}	1
2026-03-25 19:53:19.210069+00:00	2026-03-25 19:53:19.210069+00:00	8ee4205c-ed6e-450d-8597-048291150657	{"pid": "A014219231", "type": "bf:Organisation", "conference": false, "variant_name": ["Australia. National Archives"], "preferred_name": "National Archives of Australia", "variant_access_point": ["Australia. National Archives"], "authorized_access_point": "National Archives of Australia", "biographical_information": ["Jusqu'en 1997 : Australian Archives", "D\\u00e8s 1998 : National Archives of Australia"], "md5": "af9f353948bf0e228d024bee3f7a8ad8", "$schema": "https://mef.rero.ch/schemas/agents_rero/rero-agent-v0.0.1.json"}	1
2026-03-25 19:53:19.210096+00:00	2026-03-25 19:53:19.210096+00:00	c9b55f0a-e9d6-4751-851d-df6e74f79d87	{"pid": "A014222396", "type": "bf:Person", "variant_name": ["Neguine, Oleg"], "preferred_name": "Negin, Oleg", "variant_access_point": ["Neguine, Oleg"], "parallel_access_point": ["\\u041d\\u0435\\u0433\\u0438\\u043d, \\u041e"], "authorized_access_point": "Negin, Oleg", "md5": "186a8a546ab351703110e338791c2414", "$schema": "https://mef.rero.ch/schemas/agents_rero/rero-agent-v0.0.1.json"}	1
2026-03-25 19:53:19.210119+00:00	2026-03-25 19:53:19.210119+00:00	0eac0fe1-0b76-4410-a47f-85a6cc7f8088	{"pid": "A014224284", "type": "bf:Person", "preferred_name": "Karp, Carol R", "authorized_access_point": "Karp, Carol R", "md5": "dfea543d7b86427a5af5c1812764b843", "$schema": "https://mef.rero.ch/schemas/agents_rero/rero-agent-v0.0.1.json"}	1
2026-03-25 19:53:19.210140+00:00	2026-03-25 19:53:19.210140+00:00	0a381ead-e7d2-4836-9351-925064a8db6b	{"pid": "A014242112", "type": "bf:Person", "preferred_name": "Rasmussen, Kenneth A", "authorized_access_point": "Rasmussen, Kenneth A", "md5": "c61bc1f36aea2ef5f9a5cf7a8cf4b46d", "$schema": "https://mef.rero.ch/schemas/agents_rero/rero-agent-v0.0.1.json"}	1
2026-03-25 19:53:19.210162+00:00	2026-03-25 19:53:19.210162+00:00	77471037-3baf-42dd-a6ec-5025d35ca709	{"pid": "A014246692", "type": "bf:Person", "date_of_birth": "1957", "preferred_name": "Jolliet, Philippe,", "authorized_access_point": "Jolliet, Philippe, 1957-", "biographical_information": ["Dr sciences Univ. Fribourg Suisse 1987, chimiste"], "md5": "0ecad5dbd0a7138007e136e37d3684dd", "$schema": "https://mef.rero.ch/schemas/agents_rero/rero-agent-v0.0.1.json"}	1
2026-03-25 19:53:19.210184+00:00	2026-03-25 19:53:19.210184+00:00	f945ad90-be35-484f-9610-af168b99722c	{"pid": "A014251795", "type": "bf:Person", "preferred_name": "Beerli, Debora", "authorized_access_point": "Beerli, Debora", "md5": "c764889f365430579efc63c359d8e1f6", "$schema": "https://mef.rero.ch/schemas/agents_rero/rero-agent-v0.0.1.json"}	1
2026-03-25 19:53:19.210205+00:00	2026-03-25 19:53:19.210205+00:00	3820b147-4c74-48d2-a169-378b81ad5fba	{"pid": "A014255110", "type": "bf:Person", "preferred_name": "Ewart, Ewa", "authorized_access_point": "Ewart, Ewa", "md5": "28c0a3706a30e7d75687ea5648045cdd", "$schema": "https://mef.rero.ch/schemas/agents_rero/rero-agent-v0.0.1.json"}	1
2026-03-25 19:53:19.210226+00:00	2026-03-25 19:53:19.210226+00:00	b22185d8-c95d-4572-a835-875b6c3d8f72	{"pid": "A014258973", "type": "bf:Person", "preferred_name": "Joye, Isabelle", "authorized_access_point": "Joye, Isabelle", "md5": "14b696fb17b1c7c7ff79f9841f0c7acf", "$schema": "https://mef.rero.ch/schemas/agents_rero/rero-agent-v0.0.1.json"}	1
2026-03-25 19:53:19.210247+00:00	2026-03-25 19:53:19.210247+00:00	eb2fd73e-e541-4650-9a1a-7260a6d74dcb	{"pid": "A014273717", "type": "bf:Person", "preferred_name": "Kummer, Jodok", "authorized_access_point": "Kummer, Jodok", "md5": "c54ed6683ba2b858b05f583c1c443e4d", "$schema": "https://mef.rero.ch/schemas/agents_rero/rero-agent-v0.0.1.json"}	1
2026-03-25 19:53:19.210268+00:00	2026-03-25 19:53:19.210268+00:00	7438b7f1-e5ab-4322-ba44-8673988f057c	{"pid": "A014276779", "type": "bf:Person", "preferred_name": "Cugliandro, Sabrina", "authorized_access_point": "Cugliandro, Sabrina", "md5": "2e6d76cfa7107e21ffa8e6a35e19e41c", "$schema": "https://mef.rero.ch/schemas/agents_rero/rero-agent-v0.0.1.json"}	1
2026-03-25 19:53:19.210289+00:00	2026-03-25 19:53:19.210289+00:00	3e7c8937-b8ec-494a-8532-dcff57fcecdc	{"pid": "A014313002", "type": "bf:Person", "preferred_name": "Jonneret, Jean-Claude", "authorized_access_point": "Jonneret, Jean-Claude", "md5": "cc3bfc8a64f7811443531cb674fb3ad8", "$schema": "https://mef.rero.ch/schemas/agents_rero/rero-agent-v0.0.1.json"}	1
2026-03-25 19:53:19.210309+00:00	2026-03-25 19:53:19.210309+00:00	6fbae941-a5ad-49ea-9460-fa56729e60d9	{"pid": "A014336689", "type": "bf:Person", "preferred_name": "Stutz, Roman", "authorized_access_point": "Stutz, Roman", "md5": "177620dad279312102d3c3d340977b01", "$schema": "https://mef.rero.ch/schemas/agents_rero/rero-agent-v0.0.1.json"}	1
2026-03-25 19:53:19.210343+00:00	2026-03-25 19:53:19.210343+00:00	89d94c51-d250-4767-9f78-f1a674254647	{"pid": "A014337377", "type": "bf:Person", "preferred_name": "Clavien, Raymond", "authorized_access_point": "Clavien, Raymond", "md5": "752cc061c97f1ab4abb1289154547fad", "$schema": "https://mef.rero.ch/schemas/agents_rero/rero-agent-v0.0.1.json"}	1
2026-03-25 19:53:19.210371+00:00	2026-03-25 19:53:19.210371+00:00	463d5e93-fb28-4aac-a3ef-fc625f42a730	{"pid": "A014352979", "type": "bf:Organisation", "conference": false, "variant_name": ["Service national de la cat\\u00e9ch\\u00e8se et du cat\\u00e9chum\\u00e9nat (France)", "SNCC (Service national de la cat\\u00e9ch\\u00e8se et du cat\\u00e9chum\\u00e9nat)", "Service national du cat\\u00e9chum\\u00e9nat (France)"], "preferred_name": "Ecclesia catholica. Conf\\u00e9rence \\u00e9piscopale fran\\u00e7aise. Service national de la cat\\u00e9ch\\u00e8se et du cat\\u00e9chum\\u00e9nat", "variant_access_point": ["Service national de la cat\\u00e9ch\\u00e8se et du cat\\u00e9chum\\u00e9nat (France)", "SNCC (Service national de la cat\\u00e9ch\\u00e8se et du cat\\u00e9chum\\u00e9nat)", "Service national du cat\\u00e9chum\\u00e9nat (France)"], "authorized_access_point": "Ecclesia catholica. Conf\\u00e9rence \\u00e9piscopale fran\\u00e7aise. Service national de la cat\\u00e9ch\\u00e8se et du cat\\u00e9chum\\u00e9nat", "biographical_information": ["Avant 2007: Centre national de l'enseignement religieux (France)"], "md5": "c8b2c682e4268469c28368d28daad0a1", "$schema": "https://mef.rero.ch/schemas/agents_rero/rero-agent-v0.0.1.json"}	1
2026-03-25 19:53:19.210399+00:00	2026-03-25 19:53:19.210399+00:00	b7b017ec-5cf8-44be-b940-cfee0cb89601	{"pid": "A014357923", "type": "bf:Person", "preferred_name": "Nielsen, S\\u00f8ren B", "authorized_access_point": "Nielsen, S\\u00f8ren B", "md5": "1acbbb058a72a449450e74f3784c0d60", "$schema": "https://mef.rero.ch/schemas/agents_rero/rero-agent-v0.0.1.json"}	1
2026-03-25 19:53:19.210421+00:00	2026-03-25 19:53:19.210421+00:00	d919ac6f-2006-4937-bc84-86b512479da3	{"pid": "A016238365", "type": "bf:Person", "preferred_name": "Boz\\u030cic\\u0301, Ivan", "authorized_access_point": "Boz\\u030cic\\u0301, Ivan", "md5": "a56c19c333681832a868c562051e8f5f", "$schema": "https://mef.rero.ch/schemas/agents_rero/rero-agent-v0.0.1.json"}	1
2026-03-25 19:53:19.210444+00:00	2026-03-25 19:53:19.210444+00:00	41465592-532d-47df-8532-f30a85fed85a	{"pid": "A016298786", "type": "bf:Organisation", "conference": true, "preferred_name": "Comparative Labour Law Seminar 2008 :", "authorized_access_point": "Comparative Labour Law Seminar (9 : 2008 : Tokyo)", "md5": "1cff7845f2b5b798ed4cd5b0f306f391", "$schema": "https://mef.rero.ch/schemas/agents_rero/rero-agent-v0.0.1.json"}	1
2026-03-25 19:53:19.210466+00:00	2026-03-25 19:53:19.210466+00:00	d9615959-2678-498b-a140-a1dcc8f3485a	{"pid": "A016303136", "type": "bf:Person", "preferred_name": "Cleasson, Urban", "authorized_access_point": "Cleasson, Urban", "md5": "0513823292a3c93465e02c15272fcb4e", "$schema": "https://mef.rero.ch/schemas/agents_rero/rero-agent-v0.0.1.json"}	1
2026-03-25 19:53:19.210488+00:00	2026-03-25 19:53:19.210488+00:00	15db66fd-1578-4114-88da-15316e49e62a	{"pid": "A016318307", "type": "bf:Person", "preferred_name": "Martinez, Ren\\u00e9", "authorized_access_point": "Martinez, Ren\\u00e9", "md5": "0a708b117688d81c4c6ed3c1a85c20ce", "$schema": "https://mef.rero.ch/schemas/agents_rero/rero-agent-v0.0.1.json"}	1
2026-03-25 19:53:19.210514+00:00	2026-03-25 19:53:19.210514+00:00	05158bd9-05c1-4e4d-a94e-d45576578b86	{"pid": "A016389042", "type": "bf:Person", "qualifier": "traducteur", "variant_name": ["Grimaldi, Joseph, traducteur"], "preferred_name": "Grenier, Jean, traducteur", "variant_access_point": ["Grimaldi, Joseph, traducteur"], "authorized_access_point": "Grenier, Jean, traducteur", "biographical_information": ["Joseph Grimaldi est le pseudonyme utilis\\u00e9 par Jean Grenier (18??-19??) pour la traduction du po\\u00e8me \\"Le chant du voleur d'amour / Bilhana\\". Traduit du sanscrit en fran\\u00e7ais (en 1923 ou 1924), il a \\u00e9t\\u00e9 publi\\u00e9 dans la revue des \\"Cahiers du Sud\\" (en 1945)"], "md5": "e4583ef45f9118293ea35e9d2db66bdf", "$schema": "https://mef.rero.ch/schemas/agents_rero/rero-agent-v0.0.1.json"}	1
2026-03-25 19:53:19.210542+00:00	2026-03-25 19:53:19.210542+00:00	cd946aa5-5b9b-4330-9e5e-a4de632c26c1	{"pid": "A016404123", "type": "bf:Organisation", "conference": false, "preferred_name": "R\\u00e9seau acad\\u00e9mique de droit p\\u00e9nal europ\\u00e9en. Colloque international (2007 :", "authorized_access_point": "R\\u00e9seau acad\\u00e9mique de droit p\\u00e9nal europ\\u00e9en. Colloque international (2007 : Luxembourg)", "md5": "a6a1a58a0b091d2bdb678e725280ca31", "$schema": "https://mef.rero.ch/schemas/agents_rero/rero-agent-v0.0.1.json"}	1
2026-03-25 19:53:19.210565+00:00	2026-03-25 19:53:19.210565+00:00	9937742d-d3fe-4e2e-8aca-9b4d07ced903	{"pid": "A016411096", "type": "bf:Person", "preferred_name": "Chojnacka, Halina", "authorized_access_point": "Chojnacka, Halina", "md5": "300937023e629349d628e043e61d2fbd", "$schema": "https://mef.rero.ch/schemas/agents_rero/rero-agent-v0.0.1.json"}	1
2026-03-25 19:53:19.210587+00:00	2026-03-25 19:53:19.210587+00:00	7ecce76e-90f0-4491-9f1a-51742026cadd	{"pid": "A016415566", "type": "bf:Person", "preferred_name": "Melin, Pierre", "authorized_access_point": "Melin, Pierre", "md5": "3756fc69bf2f307bb142ebbee8cbdd38", "$schema": "https://mef.rero.ch/schemas/agents_rero/rero-agent-v0.0.1.json"}	1
2026-03-25 19:53:19.210609+00:00	2026-03-25 19:53:19.210609+00:00	fb929cfb-693f-4219-9b94-6944a64463b7	{"pid": "A016426300", "type": "bf:Person", "preferred_name": "Berthon, M\\u00e9lanie", "authorized_access_point": "Berthon, M\\u00e9lanie", "md5": "f3a91738d61258392efa25cd554285e4", "$schema": "https://mef.rero.ch/schemas/agents_rero/rero-agent-v0.0.1.json"}	1
2026-03-25 19:53:19.210633+00:00	2026-03-25 19:53:19.210633+00:00	bd893d07-836d-47f7-a14d-5d8d66773f79	{"pid": "A016444932", "type": "bf:Person", "variant_name": ["De Oliveira, Hayd\\u00e9e Torres", "Torres de Oliveira, Hayd\\u00e9e"], "preferred_name": "Oliveira, Hayd\\u00e9e Torres de", "variant_access_point": ["De Oliveira, Hayd\\u00e9e Torres", "Torres de Oliveira, Hayd\\u00e9e"], "authorized_access_point": "Oliveira, Hayd\\u00e9e Torres de", "md5": "0dc14ef35fcae6d5ae4a5facf60b0907", "$schema": "https://mef.rero.ch/schemas/agents_rero/rero-agent-v0.0.1.json"}	1
2026-03-25 19:53:19.210656+00:00	2026-03-25 19:53:19.210656+00:00	f0475871-6777-431f-a0bc-e267dd14fab0	{"pid": "A016459229", "type": "bf:Person", "preferred_name": "Darn\\u00e9, Txell", "authorized_access_point": "Darn\\u00e9, Txell", "md5": "ccf7c6c8d98dd2914f58897bd60fd64a", "$schema": "https://mef.rero.ch/schemas/agents_rero/rero-agent-v0.0.1.json"}	1
2026-03-25 19:53:19.210685+00:00	2026-03-25 19:53:19.210685+00:00	1c538c16-3d07-4305-85ce-a1bce11680f2	{"pid": "A016459550", "type": "bf:Person", "preferred_name": "Sledge, Ginger", "authorized_access_point": "Sledge, Ginger", "md5": "199a147dd0418c76938a5a5e9b8506fa", "$schema": "https://mef.rero.ch/schemas/agents_rero/rero-agent-v0.0.1.json"}	1
2026-03-25 19:53:19.210706+00:00	2026-03-25 19:53:19.210706+00:00	c19393f5-8e84-463b-8f9c-400a93a2dd03	{"pid": "A016477477", "type": "bf:Person", "preferred_name": "Lamaud, P", "authorized_access_point": "Lamaud, P", "md5": "ce32affa22a50f936cdff974ed0e29ff", "$schema": "https://mef.rero.ch/schemas/agents_rero/rero-agent-v0.0.1.json"}	1
2026-03-25 19:53:19.210729+00:00	2026-03-25 19:53:19.210729+00:00	32a72a17-e12e-494e-9654-c697b87a4044	{"pid": "A016482621", "type": "bf:Person", "date_of_birth": "1746", "date_of_death": "1790", "preferred_name": "Salomon, Ernst Dietrich,", "authorized_access_point": "Salomon, Ernst Dietrich, 1746-1790", "md5": "199c027b59e114caa7d42a5de4dfdbc7", "$schema": "https://mef.rero.ch/schemas/agents_rero/rero-agent-v0.0.1.json"}	1
2026-03-25 19:53:19.210751+00:00	2026-03-25 19:53:19.210751+00:00	78e48eda-6c8d-4420-bd68-7facc2b222a5	{"pid": "A016484771", "type": "bf:Person", "date_of_birth": "1965", "preferred_name": "Gibson, Kevin,", "authorized_access_point": "Gibson, Kevin, 1965-", "md5": "5aeb35ae08488941cadff783f105bce2", "$schema": "https://mef.rero.ch/schemas/agents_rero/rero-agent-v0.0.1.json"}	1
2026-03-25 19:53:19.210773+00:00	2026-03-25 19:53:19.210773+00:00	8ac792c2-0065-4bf3-b528-864edd92545f	{"pid": "A016506102", "type": "bf:Person", "preferred_name": "Renner, Heinrich", "authorized_access_point": "Renner, Heinrich", "md5": "e71602bc7aa52500d6e4b02e138ca5fa", "$schema": "https://mef.rero.ch/schemas/agents_rero/rero-agent-v0.0.1.json"}	1
2026-03-25 19:53:19.210794+00:00	2026-03-25 19:53:19.210794+00:00	d71a9b98-6fba-4590-a4d0-6d497aaea951	{"pid": "A016511435", "type": "bf:Person", "preferred_name": "Dreuilh, J. J", "authorized_access_point": "Dreuilh, J. J", "md5": "683662161038f30b3c719a3d26d98122", "$schema": "https://mef.rero.ch/schemas/agents_rero/rero-agent-v0.0.1.json"}	1
2026-03-25 19:53:19.210815+00:00	2026-03-25 19:53:19.210815+00:00	c258bce3-a4bd-4427-8101-8dbbd294554b	{"pid": "A016513981", "type": "bf:Person", "preferred_name": "Weber, Renaud", "authorized_access_point": "Weber, Renaud", "md5": "940ad3a88592d6149525bfd9fc46ee73", "$schema": "https://mef.rero.ch/schemas/agents_rero/rero-agent-v0.0.1.json"}	1
2026-03-25 19:53:19.210836+00:00	2026-03-25 19:53:19.210836+00:00	a1eb5a33-e3d8-4f99-8360-38fa6e0cd5e5	{"pid": "A016514568", "type": "bf:Person", "preferred_name": "Derrick, G.H", "authorized_access_point": "Derrick, G.H", "md5": "8908d1123a648d24b9a1b77e8415e658", "$schema": "https://mef.rero.ch/schemas/agents_rero/rero-agent-v0.0.1.json"}	1
2026-03-25 19:53:19.210857+00:00	2026-03-25 19:53:19.210857+00:00	b7a22662-1190-40c2-9393-bc48c201627a	{"pid": "A016521212", "type": "bf:Person", "preferred_name": "Byun, Ok-kyung", "authorized_access_point": "Byun, Ok-kyung", "md5": "95d1b0dc4d76c07b629d8bc73137a1e1", "$schema": "https://mef.rero.ch/schemas/agents_rero/rero-agent-v0.0.1.json"}	1
2026-03-25 19:53:19.210880+00:00	2026-03-25 19:53:19.210880+00:00	6bb771da-89be-4bf3-a341-20183112a22e	{"pid": "A016528677", "type": "bf:Organisation", "conference": false, "preferred_name": "Universit\\u00e9 de Paris 1. D\\u00e9partement d'ergonomie et d'\\u00e9cologie humaine. S\\u00e9minaire annuel (2004 :", "authorized_access_point": "Universit\\u00e9 de Paris 1. D\\u00e9partement d'ergonomie et d'\\u00e9cologie humaine. S\\u00e9minaire annuel (2004 : Paris)", "md5": "d4d96f4ed8816a87c2f6bf8797e06e85", "$schema": "https://mef.rero.ch/schemas/agents_rero/rero-agent-v0.0.1.json"}	1
2026-03-25 19:53:19.210903+00:00	2026-03-25 19:53:19.210903+00:00	804b1d9d-f929-4298-bf63-696e9d4b09ad	{"pid": "A016535988", "type": "bf:Person", "preferred_name": "Prohens Oliver, Tomeu", "authorized_access_point": "Prohens Oliver, Tomeu", "md5": "c9891cd5076c9b96f11e04f8a2c0c098", "$schema": "https://mef.rero.ch/schemas/agents_rero/rero-agent-v0.0.1.json"}	1
2026-03-25 19:53:19.210924+00:00	2026-03-25 19:53:19.210924+00:00	411b9462-107a-4e78-ad3c-28bd2bcd0015	{"pid": "A016548812", "type": "bf:Person", "date_of_birth": "1944", "preferred_name": "B\\u00f6diker, Tonio,", "authorized_access_point": "B\\u00f6diker, Tonio, 1944-", "md5": "77e90867f7bf2cf0e89a31c511a20545", "$schema": "https://mef.rero.ch/schemas/agents_rero/rero-agent-v0.0.1.json"}	1
2026-03-25 19:53:19.210948+00:00	2026-03-25 19:53:19.210948+00:00	09955dd1-98d0-493a-8995-f0b84a51b482	{"pid": "A016550065", "type": "bf:Organisation", "conference": false, "preferred_name": "Universidade de Coimbra. Centro do Estudos de Direito do Ordenamento, do Urbanismo e do Ambiente", "authorized_access_point": "Universidade de Coimbra. Centro do Estudos de Direito do Ordenamento, do Urbanismo e do Ambiente", "md5": "f0443950fc282ce7f0d41dd631db60ee", "$schema": "https://mef.rero.ch/schemas/agents_rero/rero-agent-v0.0.1.json"}	1
2026-03-25 19:53:19.210971+00:00	2026-03-25 19:53:19.210971+00:00	682565fc-7e28-427e-b574-7727b26de6fa	{"pid": "A016568873", "type": "bf:Organisation", "conference": true, "preferred_name": "Stony Brook Human Evolution Symposium and Workhop 2006 :", "authorized_access_point": "Stony Brook Human Evolution Symposium and Workhop (3 : 2006 : Stony Brook, NY)", "md5": "9ab06b874e6bb52c31ba57891ccc631d", "$schema": "https://mef.rero.ch/schemas/agents_rero/rero-agent-v0.0.1.json"}	1
2026-03-25 19:53:19.210994+00:00	2026-03-25 19:53:19.210994+00:00	55f9c0f3-674d-4675-a6de-8a0cee135b81	{"pid": "A016604176", "type": "bf:Organisation", "conference": false, "preferred_name": "Simulation. International Symposium and Course (1975 :", "authorized_access_point": "Simulation. International Symposium and Course (1975 : Z\\u00fcrich)", "md5": "823e5f6a458bed570a4b14a10e772058", "$schema": "https://mef.rero.ch/schemas/agents_rero/rero-agent-v0.0.1.json"}	1
2026-03-25 19:53:19.211017+00:00	2026-03-25 19:53:19.211017+00:00	24f701ba-dae2-41b2-8dc8-d304e2873592	{"pid": "A016614032", "type": "bf:Person", "qualifier": "juriste", "preferred_name": "Piel, Jean, juriste", "authorized_access_point": "Piel, Jean, juriste", "md5": "7d7302cfb8bb5ccee6ff8c00d134e23f", "$schema": "https://mef.rero.ch/schemas/agents_rero/rero-agent-v0.0.1.json"}	1
2026-03-25 19:53:19.211038+00:00	2026-03-25 19:53:19.211038+00:00	15a4b367-611e-4e38-9ecb-4b03cd6362d7	{"pid": "A016637978", "type": "bf:Person", "preferred_name": "Gletting, John", "authorized_access_point": "Gletting, John", "md5": "65469a17dbf0f25298f1ca247eda8de5", "$schema": "https://mef.rero.ch/schemas/agents_rero/rero-agent-v0.0.1.json"}	1
2026-03-25 19:53:19.211065+00:00	2026-03-25 19:53:19.211065+00:00	bc1d27aa-28f5-4247-aa3c-5fbbd227a6c4	{"pid": "A016638657", "type": "bf:Person", "preferred_name": "Trieux, Florent", "authorized_access_point": "Trieux, Florent", "md5": "7e11a4799b8a63329e01ef839e6829c5", "$schema": "https://mef.rero.ch/schemas/agents_rero/rero-agent-v0.0.1.json"}	1
2026-03-25 19:53:19.211087+00:00	2026-03-25 19:53:19.211087+00:00	a4724b0f-bf8b-4915-9781-b9ef66e75d53	{"pid": "A016638677", "type": "bf:Person", "preferred_name": "Kreuzer, A", "authorized_access_point": "Kreuzer, A", "md5": "abe5bb48597a3d4b417e3130619208c8", "$schema": "https://mef.rero.ch/schemas/agents_rero/rero-agent-v0.0.1.json"}	1
2026-03-25 19:53:19.211108+00:00	2026-03-25 19:53:19.211108+00:00	7e3a64d4-49c9-4f60-9343-37b2b197134e	{"pid": "A016651275", "type": "bf:Person", "preferred_name": "Chavannes, Andr\\u00e9", "authorized_access_point": "Chavannes, Andr\\u00e9", "md5": "eb2dd3ad35cc72f31c1eab8b4dd4ac3e", "$schema": "https://mef.rero.ch/schemas/agents_rero/rero-agent-v0.0.1.json"}	1
2026-03-25 19:53:19.211129+00:00	2026-03-25 19:53:19.211129+00:00	f197a9d5-c9b8-42fd-97f8-45bb29e95d30	{"pid": "A016655749", "type": "bf:Person", "preferred_name": "Duerrenberger, J", "authorized_access_point": "Duerrenberger, J", "md5": "cad2321939d25b56db5473036712eb5e", "$schema": "https://mef.rero.ch/schemas/agents_rero/rero-agent-v0.0.1.json"}	1
2026-03-25 19:53:19.211150+00:00	2026-03-25 19:53:19.211150+00:00	2f9c4a1a-b34f-4c8b-98dc-8ac736b95165	{"pid": "A016666286", "type": "bf:Person", "preferred_name": "Theytaz, Patrice", "authorized_access_point": "Theytaz, Patrice", "md5": "1aa06989a485bfeefdb4dac8f8436e2b", "$schema": "https://mef.rero.ch/schemas/agents_rero/rero-agent-v0.0.1.json"}	1
2026-03-25 19:53:19.211172+00:00	2026-03-25 19:53:19.211172+00:00	7a9ddea8-f221-47e4-8b7e-7f6cc5b97dd7	{"pid": "A016675995", "type": "bf:Organisation", "conference": false, "preferred_name": "Universidad Miguel Hern\\u00e1ndez (San Juan de Alicante). Facultad de Medicina", "authorized_access_point": "Universidad Miguel Hern\\u00e1ndez (San Juan de Alicante). Facultad de Medicina", "md5": "7be08851ee89ed50e6432c901f61f89c", "$schema": "https://mef.rero.ch/schemas/agents_rero/rero-agent-v0.0.1.json"}	1
2026-03-25 19:53:19.211204+00:00	2026-03-25 19:53:19.211204+00:00	eb21b6a1-e684-4ca8-b1ed-46a44e601990	{"pid": "A016678629", "type": "bf:Person", "variant_name": ["Hjarl Petersen, Jane"], "preferred_name": "Petersen, Jane Hjarl", "variant_access_point": ["Hjarl Petersen, Jane"], "authorized_access_point": "Petersen, Jane Hjarl", "biographical_information": ["Arch\\u00e9ologue danoise"], "md5": "0c52a572b66bafa9b4eb88ce23076974", "$schema": "https://mef.rero.ch/schemas/agents_rero/rero-agent-v0.0.1.json"}	1
2026-03-25 19:53:19.211227+00:00	2026-03-25 19:53:19.211227+00:00	5a1e492b-95d7-4d4f-bee7-9c0eaeff24ac	{"pid": "A016688565", "type": "bf:Person", "preferred_name": "Truong, Doan-Nhien", "authorized_access_point": "Truong, Doan-Nhien", "md5": "dac40fd18777de90f2ad09b264d0a1eb", "$schema": "https://mef.rero.ch/schemas/agents_rero/rero-agent-v0.0.1.json"}	1
2026-03-25 19:53:19.211249+00:00	2026-03-25 19:53:19.211249+00:00	6c8c3481-4073-4333-b572-32fdb9c6218c	{"pid": "A016697578", "type": "bf:Organisation", "conference": false, "preferred_name": "Soci\\u00e9t\\u00e9 fran\\u00e7aise pour le droit international. Colloque 2008 :", "authorized_access_point": "Soci\\u00e9t\\u00e9 fran\\u00e7aise pour le droit international. Colloque (42 : 2008 : Bruxelles)", "md5": "288edb664ba39f0f58544a898af93b37", "$schema": "https://mef.rero.ch/schemas/agents_rero/rero-agent-v0.0.1.json"}	1
2026-03-25 19:53:19.211273+00:00	2026-03-25 19:53:19.211273+00:00	413b9269-2eb9-4f85-9248-e0d5d4547181	{"pid": "A016697664", "type": "bf:Organisation", "conference": false, "preferred_name": "Australian Institute of Archaeology", "authorized_access_point": "Australian Institute of Archaeology", "md5": "4b1951e02e422432ea7c9de7e1e2b520", "$schema": "https://mef.rero.ch/schemas/agents_rero/rero-agent-v0.0.1.json"}	1
2026-03-25 19:53:19.211297+00:00	2026-03-25 19:53:19.211297+00:00	c7b46d1c-49a1-42b4-8858-f6617dd6555c	{"pid": "A016744040", "type": "bf:Organisation", "conference": false, "variant_name": ["AEEF (Association europeenne pour les \\u00e9tudes francophones)"], "preferred_name": "Association europeenne pour les \\u00e9tudes francophones", "variant_access_point": ["AEEF (Association europeenne pour les \\u00e9tudes francophones)"], "authorized_access_point": "Association europeenne pour les \\u00e9tudes francophones", "md5": "10ae1f3fedfd9902f51ab5fd673e57d3", "$schema": "https://mef.rero.ch/schemas/agents_rero/rero-agent-v0.0.1.json"}	1
2026-03-25 19:53:19.211320+00:00	2026-03-25 19:53:19.211320+00:00	9e4f7708-2ce9-4fab-bb81-6fa7a113fccc	{"pid": "A016755736", "type": "bf:Person", "preferred_name": "Hoadley, John", "authorized_access_point": "Hoadley, John", "md5": "50735767b9ff20a5b4c0e7cb555dbd0d", "$schema": "https://mef.rero.ch/schemas/agents_rero/rero-agent-v0.0.1.json"}	1
2026-03-25 19:53:19.211342+00:00	2026-03-25 19:53:19.211342+00:00	9062b3fc-b5e2-48ae-99d3-d7fa45b73453	{"pid": "A016768352", "type": "bf:Person", "qualifier": "musicien", "preferred_name": "Patry, Andr\\u00e9 J., musicien", "authorized_access_point": "Patry, Andr\\u00e9 J., musicien", "md5": "b645b18161a080f73b3ad3558f3baacb", "$schema": "https://mef.rero.ch/schemas/agents_rero/rero-agent-v0.0.1.json"}	1
2026-03-25 19:53:19.211364+00:00	2026-03-25 19:53:19.211364+00:00	372ab74a-2ccf-4d78-8cf9-9fb56307588e	{"pid": "A016787995", "type": "bf:Person", "date_of_birth": "1953", "preferred_name": "Nyk\\u00e4nen, Harri,", "authorized_access_point": "Nyk\\u00e4nen, Harri, 1953-", "md5": "1eff72124f5e8ca43723261e033c18c7", "$schema": "https://mef.rero.ch/schemas/agents_rero/rero-agent-v0.0.1.json"}	1
2026-03-25 19:53:19.211386+00:00	2026-03-25 19:53:19.211386+00:00	cfb087c8-04a8-4454-9732-96e6db5d255b	{"pid": "A016799486", "type": "bf:Person", "preferred_name": "Sedley, Liz", "authorized_access_point": "Sedley, Liz", "md5": "970ffd99a3262ca78ef23f38242e3193", "$schema": "https://mef.rero.ch/schemas/agents_rero/rero-agent-v0.0.1.json"}	1
2026-03-25 19:53:19.211407+00:00	2026-03-25 19:53:19.211407+00:00	5c937f1f-32fb-4634-bc5c-cf8fbda20fa2	{"pid": "A016809743", "type": "bf:Organisation", "conference": false, "preferred_name": "Universit\\u00e0 di Padova. Dipartimento di archeologia", "authorized_access_point": "Universit\\u00e0 di Padova. Dipartimento di archeologia", "md5": "0d7ce8ee949ff8a5983c30be7c60aae9", "$schema": "https://mef.rero.ch/schemas/agents_rero/rero-agent-v0.0.1.json"}	1
2026-03-25 19:53:19.211437+00:00	2026-03-25 19:53:19.211437+00:00	ab8cc430-3e81-4046-aa92-99a260434b1c	{"pid": "A016813599", "type": "bf:Person", "preferred_name": "Thum, Oliver", "authorized_access_point": "Thum, Oliver", "md5": "af054e38a02d77e1c1428b199c7aeb56", "$schema": "https://mef.rero.ch/schemas/agents_rero/rero-agent-v0.0.1.json"}	1
2026-03-25 19:53:19.211458+00:00	2026-03-25 19:53:19.211458+00:00	3582782b-9078-47d8-9d81-2d558807966e	{"pid": "A016814681", "type": "bf:Person", "preferred_name": "Zuazua, R", "authorized_access_point": "Zuazua, R", "md5": "f6de48b776f410679e3056c65170c533", "$schema": "https://mef.rero.ch/schemas/agents_rero/rero-agent-v0.0.1.json"}	1
2026-03-25 19:53:19.211523+00:00	2026-03-25 19:53:19.211523+00:00	eeb03c59-b130-489d-aaaa-b5eead44a432	{"pid": "A016816789", "type": "bf:Person", "preferred_name": "Lekhina, Ekaterina", "authorized_access_point": "Lekhina, Ekaterina", "md5": "e1a2baaf5db667bf848cd61a1f663849", "$schema": "https://mef.rero.ch/schemas/agents_rero/rero-agent-v0.0.1.json"}	1
2026-03-25 19:53:19.212092+00:00	2026-03-25 19:53:19.212092+00:00	8ed1abd2-a056-4431-a599-f2c323139606	{"pid": "A016818796", "type": "bf:Person", "preferred_name": "Lacour, Henri", "authorized_access_point": "Lacour, Henri", "md5": "4866000fd18e8be1250d5d967c103b07", "$schema": "https://mef.rero.ch/schemas/agents_rero/rero-agent-v0.0.1.json"}	1
2026-03-25 19:53:19.212117+00:00	2026-03-25 19:53:19.212117+00:00	56d4b53d-1320-49aa-a905-8dcb272152a4	{"pid": "A016841342", "type": "bf:Person", "preferred_name": "Fanguin, Daniel", "authorized_access_point": "Fanguin, Daniel", "md5": "cde2d080eb7cc6e5bf56a0940f27a9c8", "$schema": "https://mef.rero.ch/schemas/agents_rero/rero-agent-v0.0.1.json"}	1
2026-03-25 19:53:19.212143+00:00	2026-03-25 19:53:19.212143+00:00	656cb797-952b-4270-8b6f-6f9836318c26	{"pid": "A016871460", "type": "bf:Person", "variant_name": ["MacDonnell, Thomas Michael", "Mc Donnell, Thomas Michael", "Mac Donnell, Thomas Michael"], "preferred_name": "McDonnell, Thomas Michael", "variant_access_point": ["MacDonnell, Thomas Michael", "Mc Donnell, Thomas Michael", "Mac Donnell, Thomas Michael"], "authorized_access_point": "McDonnell, Thomas Michael", "md5": "2301f706421e0b440310f2ac764bfd8a", "$schema": "https://mef.rero.ch/schemas/agents_rero/rero-agent-v0.0.1.json"}	1
2026-03-25 19:53:19.212168+00:00	2026-03-25 19:53:19.212168+00:00	6ec24f1f-982c-4e50-85dd-b7cb2ab78b14	{"pid": "A016877431", "type": "bf:Organisation", "conference": true, "preferred_name": "International Conference on Electron Spectroscopy (1974 :", "authorized_access_point": "International Conference on Electron Spectroscopy (1974 : Namur)", "md5": "43b7f7eda942c3c856c10f53df25dcc2", "$schema": "https://mef.rero.ch/schemas/agents_rero/rero-agent-v0.0.1.json"}	1
2026-03-25 19:53:19.212196+00:00	2026-03-25 19:53:19.212196+00:00	ec5cf08b-221a-4454-aaf0-e2f0288ae45c	{"pid": "A016969116", "type": "bf:Organisation", "conference": false, "variant_name": ["Institut f\\u00fcr Politikwissenschaft (Sankt Gallen : 1995-)"], "preferred_name": "Universit\\u00e4t (Sankt Gallen). Institut f\\u00fcr Politikwissenschaft", "variant_access_point": ["Institut f\\u00fcr Politikwissenschaft (Sankt Gallen : 1995-)"], "authorized_access_point": "Universit\\u00e4t (Sankt Gallen). Institut f\\u00fcr Politikwissenschaft", "biographical_information": ["D\\u00e8s le 1er octobre 1995: Universit\\u00e4t St. Gallen. Institut f\\u00fcr Politikwissenschaft", "De 1989 \\u00e0 septembre 1995 : Hochschule Sankt Gallen f\\u00fcr Wirtschafts-, Rechts- und Sozialwissenschaften. Institut f\\u00fcr Politikwissenschaft"], "md5": "1f7b29a5e6513751e26cc4ec6c5b8c65", "$schema": "https://mef.rero.ch/schemas/agents_rero/rero-agent-v0.0.1.json"}	1
2026-03-25 19:53:19.212223+00:00	2026-03-25 19:53:19.212223+00:00	16be67ff-58d7-47fc-9b53-1ac2e178baf8	{"pid": "A016972683", "type": "bf:Person", "variant_name": ["Bischoffshausen, Albrecht Schmidt-", "Schmidt-Bischoffshausen, Albrecht"], "preferred_name": "Bischoffshausen, Albrecht", "variant_access_point": ["Bischoffshausen, Albrecht Schmidt-", "Schmidt-Bischoffshausen, Albrecht"], "authorized_access_point": "Bischoffshausen, Albrecht", "md5": "6b74c6050aa96e44b7c4758e42ace681", "$schema": "https://mef.rero.ch/schemas/agents_rero/rero-agent-v0.0.1.json"}	1
2026-03-25 19:53:19.212247+00:00	2026-03-25 19:53:19.212247+00:00	22c776b2-e9ce-4261-9063-a858ac021076	{"pid": "A017020235", "type": "bf:Person", "preferred_name": "Pedriali, Alessandra", "authorized_access_point": "Pedriali, Alessandra", "md5": "179a5542dffd96509bbe94d362120278", "$schema": "https://mef.rero.ch/schemas/agents_rero/rero-agent-v0.0.1.json"}	1
2026-03-25 19:53:19.212269+00:00	2026-03-25 19:53:19.212269+00:00	55fce4cc-5863-404f-ac23-463473c1523d	{"pid": "A017025989", "type": "bf:Person", "preferred_name": "Lieber, C", "authorized_access_point": "Lieber, C", "md5": "8e6c496151113b78358425273cf3cfdc", "$schema": "https://mef.rero.ch/schemas/agents_rero/rero-agent-v0.0.1.json"}	1
2026-03-25 19:53:19.212291+00:00	2026-03-25 19:53:19.212291+00:00	8875ba30-3803-41b3-907c-252355746312	{"pid": "A017057870", "type": "bf:Person", "preferred_name": "Krasny, A", "authorized_access_point": "Krasny, A", "md5": "16e2bc78663d822541d27fc6b4690988", "$schema": "https://mef.rero.ch/schemas/agents_rero/rero-agent-v0.0.1.json"}	1
2026-03-25 19:53:19.212313+00:00	2026-03-25 19:53:19.212313+00:00	61e797ed-5775-49c0-9960-308198485b12	{"pid": "A017097186", "type": "bf:Organisation", "conference": false, "preferred_name": "Eherechtskommission des deutschen Rates f\\u00fcr internationales Privatrecht", "authorized_access_point": "Eherechtskommission des deutschen Rates f\\u00fcr internationales Privatrecht", "md5": "7e09ffd06bfbf5c9a9c60006c4817dbb", "$schema": "https://mef.rero.ch/schemas/agents_rero/rero-agent-v0.0.1.json"}	1
2026-03-25 19:53:19.212336+00:00	2026-03-25 19:53:19.212336+00:00	ed5f22d4-a9e5-46b2-ba66-b7977bfff449	{"pid": "A017122036", "type": "bf:Person", "preferred_name": "Ridruejo, Jose Antonio Paster", "authorized_access_point": "Ridruejo, Jose Antonio Paster", "md5": "c1b37d8d3e111d7abc538ec9fe98693f", "$schema": "https://mef.rero.ch/schemas/agents_rero/rero-agent-v0.0.1.json"}	1
2026-03-25 19:53:19.212357+00:00	2026-03-25 19:53:19.212357+00:00	df084456-9ee0-4a00-850d-02abe54da089	{"pid": "A017130152", "type": "bf:Person", "preferred_name": "W\\u00fcndisch, Sebastian", "authorized_access_point": "W\\u00fcndisch, Sebastian", "md5": "4a58ba61d703724c56baa07a5ba5b781", "$schema": "https://mef.rero.ch/schemas/agents_rero/rero-agent-v0.0.1.json"}	1
2026-03-25 19:53:19.212379+00:00	2026-03-25 19:53:19.212379+00:00	733a9028-1309-41aa-be30-9d63f096a287	{"pid": "A017132207", "type": "bf:Person", "preferred_name": "Schildmann, Dirk", "authorized_access_point": "Schildmann, Dirk", "md5": "1b8a03978e31b8ecbc6614e86bb9e0fb", "$schema": "https://mef.rero.ch/schemas/agents_rero/rero-agent-v0.0.1.json"}	1
2026-03-25 19:53:19.212409+00:00	2026-03-25 19:53:19.212409+00:00	1250c0fc-12df-4c6e-8c31-79c303e83f3f	{"pid": "A017139224", "type": "bf:Person", "preferred_name": "G\\u00f6ben, Jens", "authorized_access_point": "G\\u00f6ben, Jens", "md5": "ba23cea8c8ff28505e3508f7b7224a13", "$schema": "https://mef.rero.ch/schemas/agents_rero/rero-agent-v0.0.1.json"}	1
2026-03-25 19:53:19.212431+00:00	2026-03-25 19:53:19.212431+00:00	91609318-795d-4fc9-84b1-b3524a9f330a	{"pid": "A017158101", "type": "bf:Person", "preferred_name": "Naciri, Khaled", "authorized_access_point": "Naciri, Khaled", "md5": "6e20560ebeb8fd40bb8c6c52feabf08a", "$schema": "https://mef.rero.ch/schemas/agents_rero/rero-agent-v0.0.1.json"}	1
2026-03-25 19:53:19.212452+00:00	2026-03-25 19:53:19.212452+00:00	baadd192-46dc-479a-91fa-a8753788f2b7	{"pid": "A017173033", "type": "bf:Person", "preferred_name": "Hungerb\\u00fchler, Ivo", "authorized_access_point": "Hungerb\\u00fchler, Ivo", "md5": "44222440b24ea0c59bbf98f2485a7274", "$schema": "https://mef.rero.ch/schemas/agents_rero/rero-agent-v0.0.1.json"}	1
2026-03-25 19:53:19.212474+00:00	2026-03-25 19:53:19.212474+00:00	88cec97f-c3e4-4c60-b223-efe1df8de438	{"pid": "A017178153", "type": "bf:Person", "preferred_name": "Buff, Christoph", "authorized_access_point": "Buff, Christoph", "md5": "50cf9413330166c892476d9e88d8ad75", "$schema": "https://mef.rero.ch/schemas/agents_rero/rero-agent-v0.0.1.json"}	1
2026-03-25 19:53:19.212496+00:00	2026-03-25 19:53:19.212496+00:00	1704a39c-5485-4aba-be0b-f065609bfa4c	{"pid": "A017187491", "type": "bf:Person", "preferred_name": "Kleinhenz, Barbara", "authorized_access_point": "Kleinhenz, Barbara", "md5": "52920e4036f884f101865af4bb6783ea", "$schema": "https://mef.rero.ch/schemas/agents_rero/rero-agent-v0.0.1.json"}	1
2026-03-25 19:53:19.212517+00:00	2026-03-25 19:53:19.212517+00:00	a737e200-9a2f-4f6b-b31b-6d01d9e584ac	{"pid": "A017202523", "type": "bf:Person", "preferred_name": "Baker R\\u00f6ben, Betsy", "authorized_access_point": "Baker R\\u00f6ben, Betsy", "md5": "97f44f515495dce32ad1dca875a0562f", "$schema": "https://mef.rero.ch/schemas/agents_rero/rero-agent-v0.0.1.json"}	1
2026-03-25 19:53:19.212539+00:00	2026-03-25 19:53:19.212539+00:00	a96349ce-9e5c-4881-90e0-b85731eb235e	{"pid": "A017237082", "type": "bf:Person", "preferred_name": "Jafferali, Rafa\\u00ebl", "authorized_access_point": "Jafferali, Rafa\\u00ebl", "md5": "5b59bfe54b5350bb7a8d79f66b2fa824", "$schema": "https://mef.rero.ch/schemas/agents_rero/rero-agent-v0.0.1.json"}	1
2026-03-25 19:53:19.212561+00:00	2026-03-25 19:53:19.212561+00:00	3ed4f7d4-3bce-438a-b893-9a0861cf3682	{"pid": "A017314321", "type": "bf:Person", "preferred_name": "Le Charpentier, Etienne", "authorized_access_point": "Le Charpentier, Etienne", "md5": "c9a727ad880f0e8059e051af8345ef57", "$schema": "https://mef.rero.ch/schemas/agents_rero/rero-agent-v0.0.1.json"}	1
2026-03-25 19:53:19.212582+00:00	2026-03-25 19:53:19.212582+00:00	b3464b1e-d443-4c1e-a033-db81c0ee8e46	{"pid": "A017326126", "type": "bf:Person", "preferred_name": "Subba Rao, N.S", "authorized_access_point": "Subba Rao, N.S", "md5": "8099949488cce340472d98d2491d2faa", "$schema": "https://mef.rero.ch/schemas/agents_rero/rero-agent-v0.0.1.json"}	1
2026-03-25 19:53:19.212605+00:00	2026-03-25 19:53:19.212605+00:00	07ef2b3b-eace-4aa5-b5e0-35d01bc04555	{"pid": "A017377907", "type": "bf:Organisation", "conference": false, "preferred_name": "Centre de recherche historique sur les soci\\u00e9t\\u00e9s et cultures de l'Ouest. Journ\\u00e9e d'\\u00e9tudes (2005 :", "authorized_access_point": "Centre de recherche historique sur les soci\\u00e9t\\u00e9s et cultures de l'Ouest. Journ\\u00e9e d'\\u00e9tudes (2005 : Rennes)", "md5": "b3d5c654a882a3c053b3bf452c10624c", "$schema": "https://mef.rero.ch/schemas/agents_rero/rero-agent-v0.0.1.json"}	1
2026-03-25 19:53:19.212628+00:00	2026-03-25 19:53:19.212628+00:00	acc3dd6b-8746-4f33-9d94-b8832e785c73	{"pid": "A017383534", "type": "bf:Person", "preferred_name": "Ming-Yuet, Kee", "authorized_access_point": "Ming-Yuet, Kee", "md5": "8f6284faddb6603d97224c051232e520", "$schema": "https://mef.rero.ch/schemas/agents_rero/rero-agent-v0.0.1.json"}	1
2026-03-25 19:53:19.212649+00:00	2026-03-25 19:53:19.212649+00:00	02670ab8-61c5-4c8d-90ca-efbe4c1b9933	{"pid": "A017410230", "type": "bf:Person", "preferred_name": "Meyer, Kuno", "authorized_access_point": "Meyer, Kuno", "md5": "6d961cd6e81bd3ea20f947413eaf410f", "$schema": "https://mef.rero.ch/schemas/agents_rero/rero-agent-v0.0.1.json"}	1
2026-03-25 19:53:19.212670+00:00	2026-03-25 19:53:19.212670+00:00	f3d298e5-927a-4466-a97b-92705755644f	{"pid": "A017429783", "type": "bf:Person", "preferred_name": "Jolliet, Florence", "authorized_access_point": "Jolliet, Florence", "md5": "2077ef1d1e4614da745a9596d93362e6", "$schema": "https://mef.rero.ch/schemas/agents_rero/rero-agent-v0.0.1.json"}	1
2026-03-25 19:53:19.212692+00:00	2026-03-25 19:53:19.212692+00:00	36c79535-efa8-45b1-b0b4-a16d26b61f18	{"pid": "A017435658", "type": "bf:Person", "preferred_name": "Gabathuler, Chlo\\u00e9", "authorized_access_point": "Gabathuler, Chlo\\u00e9", "md5": "ccc7bdbe09ff642e00a2299bf12df8fc", "$schema": "https://mef.rero.ch/schemas/agents_rero/rero-agent-v0.0.1.json"}	1
2026-03-25 19:53:19.212713+00:00	2026-03-25 19:53:19.212713+00:00	8ba5c35f-265b-4dad-a87d-9fece1be2dc6	{"pid": "A017451803", "type": "bf:Person", "preferred_name": "Masutti, Christophe", "authorized_access_point": "Masutti, Christophe", "md5": "9946cf0923b43c7a6c4a9cc10310c589", "$schema": "https://mef.rero.ch/schemas/agents_rero/rero-agent-v0.0.1.json"}	1
2026-03-25 19:53:19.212734+00:00	2026-03-25 19:53:19.212734+00:00	b75f51d6-2045-4f57-a316-41f1a61f4dbc	{"pid": "A017458456", "type": "bf:Person", "preferred_name": "Surraco, Oscar", "authorized_access_point": "Surraco, Oscar", "md5": "d4f85b81db8f74d4c5c0e898fe0d4b75", "$schema": "https://mef.rero.ch/schemas/agents_rero/rero-agent-v0.0.1.json"}	1
2026-03-25 19:53:19.212755+00:00	2026-03-25 19:53:19.212755+00:00	22b9e085-36b6-429d-8847-d038c276b17f	{"pid": "A017468446", "type": "bf:Person", "preferred_name": "Meyer, Susanna", "authorized_access_point": "Meyer, Susanna", "md5": "c2dde8fc9456caf28e945d06e1533e85", "$schema": "https://mef.rero.ch/schemas/agents_rero/rero-agent-v0.0.1.json"}	1
2026-03-25 19:53:19.212776+00:00	2026-03-25 19:53:19.212776+00:00	ab0175c9-2dc2-4022-bcb6-f53172728c8d	{"pid": "A017513975", "type": "bf:Person", "qualifier": "sc\\u00e9nariste", "preferred_name": "Martin, Rainer, sc\\u00e9nariste", "authorized_access_point": "Martin, Rainer, sc\\u00e9nariste", "md5": "fc29e7d7b7f3caa895f128f7c2632a6c", "$schema": "https://mef.rero.ch/schemas/agents_rero/rero-agent-v0.0.1.json"}	1
2026-03-25 19:53:19.212811+00:00	2026-03-25 19:53:19.212811+00:00	5085683a-3452-47ad-8211-23c70e607864	{"pid": "A017556608", "type": "bf:Person", "qualifier": "(de Tyr sainte)", "variant_name": ["Christina (de Bolsena ; sainte)", "Christine (de Bolsena ; sainte)"], "preferred_name": "Christine (de Tyr ; sainte)", "variant_access_point": ["Christina (de Bolsena ; sainte)", "Christine (de Bolsena ; sainte)"], "authorized_access_point": "Christine (de Tyr ; sainte)", "biographical_information": ["Dates de vie: 3e s. (fin) - 4e s. (d\\u00e9but)"], "md5": "f88d7c2dd8004591e5dc551eb0829169", "$schema": "https://mef.rero.ch/schemas/agents_rero/rero-agent-v0.0.1.json"}	1
2026-03-25 19:53:19.212838+00:00	2026-03-25 19:53:19.212838+00:00	93c0d82b-365f-40d6-baaf-080450b7a57f	{"pid": "A017565309", "type": "bf:Person", "variant_name": ["Abraham, Ernst A.,"], "date_of_birth": "1906", "preferred_name": "Abraham, Ernst August,", "variant_access_point": ["Abraham, Ernst A., 1906-"], "authorized_access_point": "Abraham, Ernst August, 1906-", "biographical_information": ["Economiste"], "md5": "022ddd16e2cb667ec427b8487fa917ee", "$schema": "https://mef.rero.ch/schemas/agents_rero/rero-agent-v0.0.1.json"}	1
2026-03-25 19:53:19.212863+00:00	2026-03-25 19:53:19.212863+00:00	86b0b36f-22b3-4177-b0c1-b736c70ba9fc	{"pid": "A017572454", "type": "bf:Organisation", "conference": false, "preferred_name": "Zhongguo ren quan fa zhan ji jin hui", "parallel_access_point": ["\\u4e2d\\u56fd\\u4eba\\u6743\\u53d1\\u5c55\\u57fa\\u91d1\\u4f1a"], "authorized_access_point": "Zhongguo ren quan fa zhan ji jin hui", "md5": "464c854dd8192112165701b9700be1f5", "$schema": "https://mef.rero.ch/schemas/agents_rero/rero-agent-v0.0.1.json"}	1
2026-03-25 19:53:19.212886+00:00	2026-03-25 19:53:19.212886+00:00	f531e55e-9af0-4d4b-aa92-96958c88d144	{"pid": "A017578807", "type": "bf:Person", "preferred_name": "Kreibig, Sylvia Dagmar", "authorized_access_point": "Kreibig, Sylvia Dagmar", "md5": "d1c41a21b16cfef7a543ce92ba8dde42", "$schema": "https://mef.rero.ch/schemas/agents_rero/rero-agent-v0.0.1.json"}	1
2026-03-25 19:53:19.212910+00:00	2026-03-25 19:53:19.212910+00:00	8089b2a3-99cf-4bef-abaa-11b287827b61	{"pid": "A017581317", "type": "bf:Organisation", "conference": false, "preferred_name": "Conf\\u00e9rence intercantonale de l'instruction publique de la Suisse romande et du Tessin. D\\u00e9l\\u00e9gation \\u00e0 la langue fran\\u00e7aise de Suisse romande", "authorized_access_point": "Conf\\u00e9rence intercantonale de l'instruction publique de la Suisse romande et du Tessin. D\\u00e9l\\u00e9gation \\u00e0 la langue fran\\u00e7aise de Suisse romande", "md5": "0d8e46ef4c30d9f9271398ee6307b889", "$schema": "https://mef.rero.ch/schemas/agents_rero/rero-agent-v0.0.1.json"}	1
2026-03-25 19:53:19.212933+00:00	2026-03-25 19:53:19.212933+00:00	59106a9b-e021-4f5d-af9a-375bbe927aeb	{"pid": "A017594651", "type": "bf:Person", "preferred_name": "Zufferey, Ernest", "authorized_access_point": "Zufferey, Ernest", "md5": "77eb20d565636786d044ccf179edb0cd", "$schema": "https://mef.rero.ch/schemas/agents_rero/rero-agent-v0.0.1.json"}	1
2026-03-25 19:53:19.212954+00:00	2026-03-25 19:53:19.212954+00:00	ffac8087-f7a0-4a10-8728-e83daa85adc9	{"pid": "A017596294", "type": "bf:Person", "preferred_name": "Vouillamoz, Aline", "authorized_access_point": "Vouillamoz, Aline", "md5": "6043b1f95bdec92e221b5ff2a63227dc", "$schema": "https://mef.rero.ch/schemas/agents_rero/rero-agent-v0.0.1.json"}	1
2026-03-25 19:53:19.212976+00:00	2026-03-25 19:53:19.212976+00:00	e2f24577-b533-4199-96af-ec4bc25c767f	{"pid": "A017602316", "type": "bf:Person", "preferred_name": "Plancke, V\\u00e9ronique van der", "authorized_access_point": "Plancke, V\\u00e9ronique van der", "md5": "0e7af9a340bea244e0032a977e163f70", "$schema": "https://mef.rero.ch/schemas/agents_rero/rero-agent-v0.0.1.json"}	1
2026-03-25 19:53:19.212998+00:00	2026-03-25 19:53:19.212998+00:00	f9857b31-f909-48dd-bba2-2ed457190cc9	{"pid": "A017611108", "type": "bf:Organisation", "conference": false, "preferred_name": "Katholischer Filmkreis Z\\u00fcrich", "authorized_access_point": "Katholischer Filmkreis Z\\u00fcrich", "md5": "2f475f7f9020040cf8eb4c0dadbc7196", "$schema": "https://mef.rero.ch/schemas/agents_rero/rero-agent-v0.0.1.json"}	1
2026-03-25 19:53:19.213020+00:00	2026-03-25 19:53:19.213020+00:00	c1a0b1ba-cb21-4d93-b6be-bed8cb221d3a	{"pid": "A017635757", "type": "bf:Person", "preferred_name": "M\\u00fcller, Arthur K", "authorized_access_point": "M\\u00fcller, Arthur K", "md5": "5b99a2165423ca60d4dd5d3133351f69", "$schema": "https://mef.rero.ch/schemas/agents_rero/rero-agent-v0.0.1.json"}	1
2026-03-25 19:53:19.213042+00:00	2026-03-25 19:53:19.213042+00:00	53241409-5da4-4144-ad16-f1c47b9afd63	{"pid": "A017650142", "type": "bf:Person", "preferred_name": "Lauren, Jillian", "authorized_access_point": "Lauren, Jillian", "md5": "ba83ff85869eb983de08a57d43a147fe", "$schema": "https://mef.rero.ch/schemas/agents_rero/rero-agent-v0.0.1.json"}	1
2026-03-25 19:53:19.213064+00:00	2026-03-25 19:53:19.213064+00:00	26cc1b4e-4829-405d-a32b-3df8cf60fd42	{"pid": "A017676479", "type": "bf:Person", "qualifier": "g\\u00e9ologue", "preferred_name": "Moix, Patrice, g\\u00e9ologue", "authorized_access_point": "Moix, Patrice, g\\u00e9ologue", "md5": "c4deb53a73854c40c145d0ef5ce31b84", "$schema": "https://mef.rero.ch/schemas/agents_rero/rero-agent-v0.0.1.json"}	1
2026-03-25 19:53:19.213085+00:00	2026-03-25 19:53:19.213085+00:00	60bdde77-5070-43b1-96fb-04dcdc953770	{"pid": "A017678297", "type": "bf:Person", "preferred_name": "Atorf, Walter", "authorized_access_point": "Atorf, Walter", "md5": "4d6f5d8c267ae2184ba29d35e76967f1", "$schema": "https://mef.rero.ch/schemas/agents_rero/rero-agent-v0.0.1.json"}	1
2026-03-25 19:53:19.213106+00:00	2026-03-25 19:53:19.213106+00:00	886daf06-0de4-4cc8-a7a4-e1228b0c979c	{"pid": "A017696857", "type": "bf:Person", "preferred_name": "Laval, Roseline", "authorized_access_point": "Laval, Roseline", "md5": "24d1936bef25af712f800749a42ab53c", "$schema": "https://mef.rero.ch/schemas/agents_rero/rero-agent-v0.0.1.json"}	1
2026-03-25 19:53:19.213128+00:00	2026-03-25 19:53:19.213128+00:00	fae7664e-2626-41f0-86e6-72701e522d64	{"pid": "A017737385", "type": "bf:Person", "preferred_name": "Cuaz, Bruno", "authorized_access_point": "Cuaz, Bruno", "md5": "9a21ab465f5483bf564b4707121d1938", "$schema": "https://mef.rero.ch/schemas/agents_rero/rero-agent-v0.0.1.json"}	1
2026-03-25 19:53:19.213149+00:00	2026-03-25 19:53:19.213149+00:00	1c0b9074-d107-4837-b589-cb0f5bf3e948	{"pid": "A017743945", "type": "bf:Organisation", "conference": false, "preferred_name": "Allegheny College (Meadville)", "authorized_access_point": "Allegheny College (Meadville)", "md5": "210fba25e776f066e31afe111f1abe95", "$schema": "https://mef.rero.ch/schemas/agents_rero/rero-agent-v0.0.1.json"}	1
2026-03-25 19:53:19.214469+00:00	2026-03-25 19:53:19.214469+00:00	52cbe85b-a5c8-4feb-bc66-14e374aee5d6	{"pid": "A017761491", "type": "bf:Person", "preferred_name": "Benjamin, A. Cornelius", "authorized_access_point": "Benjamin, A. Cornelius", "md5": "bdb8471a8b3031840bdc936c907255f6", "$schema": "https://mef.rero.ch/schemas/agents_rero/rero-agent-v0.0.1.json"}	1
2026-03-25 19:53:19.214544+00:00	2026-03-25 19:53:19.214544+00:00	20726448-e1f4-42a7-92f9-fa820d62f819	{"pid": "A017762299", "type": "bf:Organisation", "conference": true, "preferred_name": "Centre de recherche de l'\\u00e9ducation sp\\u00e9cialis\\u00e9e et de l'adaptation scolaire (Paris)", "authorized_access_point": "Centre de recherche de l'\\u00e9ducation sp\\u00e9cialis\\u00e9e et de l'adaptation scolaire (Paris)", "md5": "781284b29f262ba16b26ed4da06d89c9", "$schema": "https://mef.rero.ch/schemas/agents_rero/rero-agent-v0.0.1.json"}	1
2026-03-25 19:53:19.214579+00:00	2026-03-25 19:53:19.214579+00:00	2e54563b-e2ae-4bf6-9ce1-78728c01cdf5	{"pid": "A017784112", "type": "bf:Person", "preferred_name": "Furse, Raymond W", "authorized_access_point": "Furse, Raymond W", "md5": "75cbedccc865fc41b824afb54e4ccdc9", "$schema": "https://mef.rero.ch/schemas/agents_rero/rero-agent-v0.0.1.json"}	1
2026-03-25 19:53:19.214606+00:00	2026-03-25 19:53:19.214606+00:00	668f58a6-dbc9-4cbe-b69d-bbf9b940660a	{"pid": "A017798464", "type": "bf:Person", "preferred_name": "Viet, Barbara", "authorized_access_point": "Viet, Barbara", "md5": "41a83c70cff3be4424e0add75ce1cd21", "$schema": "https://mef.rero.ch/schemas/agents_rero/rero-agent-v0.0.1.json"}	1
2026-03-25 19:53:19.214632+00:00	2026-03-25 19:53:19.214632+00:00	3f1a22e1-1500-419a-a2a6-91344108ba54	{"pid": "A017940250", "type": "bf:Organisation", "conference": true, "preferred_name": "Conf\\u00e9rence des Cours constitutionnelles europ\\u00e9ennes 1996 :", "authorized_access_point": "Conf\\u00e9rence des Cours constitutionnelles europ\\u00e9ennes (10 : 1996 : Budapest)", "md5": "d64ddc6b7c178c36a3e367fd16a8f14e", "$schema": "https://mef.rero.ch/schemas/agents_rero/rero-agent-v0.0.1.json"}	1
2026-03-25 19:53:19.214702+00:00	2026-03-25 19:53:19.214702+00:00	8c1bf459-f5cd-498c-aa7d-bc98c8599aa8	{"pid": "A017944030", "type": "bf:Person", "preferred_name": "Sandner, Henrike", "authorized_access_point": "Sandner, Henrike", "md5": "428efd7f3ab0ae5a2e06771b0311157e", "$schema": "https://mef.rero.ch/schemas/agents_rero/rero-agent-v0.0.1.json"}	1
2026-03-25 19:53:19.214729+00:00	2026-03-25 19:53:19.214729+00:00	4c46bd4e-2c01-4738-8cd7-bf02f5613b76	{"pid": "A017944947", "type": "bf:Person", "qualifier": "(fils)", "preferred_name": "Jacot-Guillarmod, Simon-Pierre (fils)", "authorized_access_point": "Jacot-Guillarmod, Simon-Pierre (fils)", "biographical_information": ["Dates de vie: 1803-1824"], "md5": "3e233be2ac0558e787f4b3e5a498d286", "$schema": "https://mef.rero.ch/schemas/agents_rero/rero-agent-v0.0.1.json"}	1
2026-03-25 19:53:19.214755+00:00	2026-03-25 19:53:19.214755+00:00	cafccc73-9e36-43ad-a9b2-ecaf94b7afc9	{"pid": "A017955463", "type": "bf:Organisation", "conference": false, "preferred_name": "Paroisse (Voll\\u00e8ges : catholique-romaine)", "authorized_access_point": "Paroisse (Voll\\u00e8ges : catholique-romaine)", "md5": "df5a9db8ff1248a2251265c7ad2f1848", "$schema": "https://mef.rero.ch/schemas/agents_rero/rero-agent-v0.0.1.json"}	1
2026-03-25 19:53:19.214780+00:00	2026-03-25 19:53:19.214780+00:00	3357c3ed-4509-482c-84eb-dcfeccb2d6ca	{"pid": "A017961866", "type": "bf:Person", "preferred_name": "Kosolapov, B", "authorized_access_point": "Kosolapov, B", "md5": "25f007a1870aca69b45f237f1f299730", "$schema": "https://mef.rero.ch/schemas/agents_rero/rero-agent-v0.0.1.json"}	1
2026-03-25 19:53:19.214803+00:00	2026-03-25 19:53:19.214803+00:00	34a83307-a2ec-456b-aa00-9a2feda925a5	{"pid": "A017970655", "type": "bf:Person", "preferred_name": "Unteregger, Regula", "authorized_access_point": "Unteregger, Regula", "md5": "1ab2672fb19bc660a5abd0b8d925c023", "$schema": "https://mef.rero.ch/schemas/agents_rero/rero-agent-v0.0.1.json"}	1
2026-03-25 19:53:19.214826+00:00	2026-03-25 19:53:19.214826+00:00	731f114b-0ea5-46a4-b511-b03549f1c4d7	{"pid": "A017977912", "type": "bf:Person", "preferred_name": "Bentancur Viglione, Mar\\u00eda Gabriela", "authorized_access_point": "Bentancur Viglione, Mar\\u00eda Gabriela", "md5": "8c134d819784ec4ecbea6cef39af59c1", "$schema": "https://mef.rero.ch/schemas/agents_rero/rero-agent-v0.0.1.json"}	1
2026-03-25 19:53:19.214850+00:00	2026-03-25 19:53:19.214850+00:00	7b6385f8-c6ae-43bc-acbb-1a608381c6bd	{"pid": "A017990946", "type": "bf:Person", "preferred_name": "Sendr\\u00e8s, Didier", "authorized_access_point": "Sendr\\u00e8s, Didier", "md5": "9689a78c6ed8e49c87aac5a13388f868", "$schema": "https://mef.rero.ch/schemas/agents_rero/rero-agent-v0.0.1.json"}	1
2026-03-25 19:53:19.214872+00:00	2026-03-25 19:53:19.214872+00:00	2f7aad35-46c6-47d5-91fc-b983ea91e0af	{"pid": "A017997426", "type": "bf:Person", "preferred_name": "Keenan, Rebecca", "authorized_access_point": "Keenan, Rebecca", "md5": "82fb0ab3385959b52f586e71355fb622", "$schema": "https://mef.rero.ch/schemas/agents_rero/rero-agent-v0.0.1.json"}	1
2026-03-25 19:53:19.214896+00:00	2026-03-25 19:53:19.214896+00:00	f5bd6004-3973-4621-9ec2-2e5dfbed8e31	{"pid": "A017998485", "type": "bf:Organisation", "conference": false, "preferred_name": "Arm\\u00e9nie. Cour constitutionnelle. Conf\\u00e9rence internationale 2009 :", "authorized_access_point": "Arm\\u00e9nie. Cour constitutionnelle. Conf\\u00e9rence internationale (14 : 2009 : Erevan)", "md5": "1e044054fb05ced881b9187709ccb2fa", "$schema": "https://mef.rero.ch/schemas/agents_rero/rero-agent-v0.0.1.json"}	1
2026-03-25 19:53:19.214923+00:00	2026-03-25 19:53:19.214923+00:00	fd51e957-aa82-43bf-9232-cf297c82c3ef	{"pid": "A018022500", "type": "bf:Person", "variant_name": ["Gorman, Jessica K", "Gorman, Jess"], "preferred_name": "Gorman, J. K.", "variant_access_point": ["Gorman, Jessica K", "Gorman, Jess"], "authorized_access_point": "Gorman, J. K. (Jessica K.)", "md5": "bba767d9449cff4a4c640707bbe33967", "$schema": "https://mef.rero.ch/schemas/agents_rero/rero-agent-v0.0.1.json"}	1
2026-03-25 19:53:19.214947+00:00	2026-03-25 19:53:19.214947+00:00	ad3c5c84-ff21-4299-be93-65263096e06a	{"pid": "A018042156", "type": "bf:Person", "preferred_name": "Marculet, Stefan", "authorized_access_point": "Marculet, Stefan", "md5": "55e46322b189aaf0ec1e715e00bb3519", "$schema": "https://mef.rero.ch/schemas/agents_rero/rero-agent-v0.0.1.json"}	1
2026-03-25 19:53:19.214970+00:00	2026-03-25 19:53:19.214970+00:00	921a7f23-4fd8-4a3b-bdd9-dade77759803	{"pid": "A018051739", "type": "bf:Organisation", "conference": false, "preferred_name": "Nederland. Ministerie van Buitenlandse Zaken. Symposium (2009 :", "authorized_access_point": "Nederland. Ministerie van Buitenlandse Zaken. Symposium (2009 : Den Haag)", "md5": "174ecd06bd23c8e07628bf1d981ea5a2", "$schema": "https://mef.rero.ch/schemas/agents_rero/rero-agent-v0.0.1.json"}	1
2026-03-25 19:53:19.215010+00:00	2026-03-25 19:53:19.215010+00:00	0190fcfc-8b48-436f-88dd-be85b83e4d07	{"pid": "A018052277", "type": "bf:Person", "preferred_name": "Seijiro, Koyama", "authorized_access_point": "Seijiro, Koyama", "md5": "ac3ec486ae44f32b7685c8125016c977", "$schema": "https://mef.rero.ch/schemas/agents_rero/rero-agent-v0.0.1.json"}	1
2026-03-25 19:53:19.215032+00:00	2026-03-25 19:53:19.215032+00:00	7ed2edd5-e918-4d93-8f4a-fa04367b59e7	{"pid": "A018063051", "type": "bf:Person", "preferred_name": "Stefaniak, Stefan", "authorized_access_point": "Stefaniak, Stefan", "md5": "dcc08153fd69111f5ba29030cac84c36", "$schema": "https://mef.rero.ch/schemas/agents_rero/rero-agent-v0.0.1.json"}	1
2026-03-25 19:53:19.215056+00:00	2026-03-25 19:53:19.215056+00:00	92e7b1cb-c4a1-4548-abde-072c8b4d7e3f	{"pid": "A018070048", "type": "bf:Person", "date_of_birth": "578", "date_of_death": "648", "preferred_name": "Fang, Xuanling,", "parallel_access_point": ["\\u623f\\u7384\\u9f61, 578-648"], "authorized_access_point": "Fang, Xuanling, 578-648", "md5": "270c7bc777c63c4de4afebbcc15ef5c1", "$schema": "https://mef.rero.ch/schemas/agents_rero/rero-agent-v0.0.1.json"}	1
2026-03-25 19:53:19.215080+00:00	2026-03-25 19:53:19.215080+00:00	37993a4f-1433-4141-8da2-1565497c2f9f	{"pid": "A018080715", "type": "bf:Person", "preferred_name": "Zittel, Niggi", "authorized_access_point": "Zittel, Niggi", "md5": "3293e6d3f9547b223e644d6c7ed32e38", "$schema": "https://mef.rero.ch/schemas/agents_rero/rero-agent-v0.0.1.json"}	1
2026-03-25 19:53:19.215102+00:00	2026-03-25 19:53:19.215102+00:00	ac27fb9b-c857-496b-aa0a-753243ee8387	{"pid": "A018087920", "type": "bf:Person", "preferred_name": "Schwandt, Michael", "authorized_access_point": "Schwandt, Michael", "md5": "852960e190c6b7a453d6480bf42c57c5", "$schema": "https://mef.rero.ch/schemas/agents_rero/rero-agent-v0.0.1.json"}	1
2026-03-25 19:53:19.215125+00:00	2026-03-25 19:53:19.215125+00:00	bb7ca5b9-b94f-4701-a201-3d23015df600	{"pid": "A018093417", "type": "bf:Organisation", "conference": true, "preferred_name": "Salon international du livre et de la presse 1990 :", "authorized_access_point": "Salon international du livre et de la presse (4 : 1990 : Gen\\u00e8ve)", "md5": "bfc6e10a00420310eeab24762b1ea665", "$schema": "https://mef.rero.ch/schemas/agents_rero/rero-agent-v0.0.1.json"}	1
2026-03-25 19:53:19.215148+00:00	2026-03-25 19:53:19.215148+00:00	a5efbc07-c5a9-426c-8496-2346d7572dfd	{"pid": "A018105228", "type": "bf:Person", "preferred_name": "Allen, Sarah", "authorized_access_point": "Allen, Sarah", "md5": "286cc83d8789e92ba0a94504419e063b", "$schema": "https://mef.rero.ch/schemas/agents_rero/rero-agent-v0.0.1.json"}	1
2026-03-25 19:53:19.215169+00:00	2026-03-25 19:53:19.215169+00:00	93542eef-0123-41b1-92d1-0b356ff652d2	{"pid": "A018108985", "type": "bf:Person", "preferred_name": "Chakrabarti, Nina", "authorized_access_point": "Chakrabarti, Nina", "md5": "cb442230c1fc5e5f119d1154b43de2b6", "$schema": "https://mef.rero.ch/schemas/agents_rero/rero-agent-v0.0.1.json"}	1
2026-03-25 19:53:19.215191+00:00	2026-03-25 19:53:19.215191+00:00	581de524-5b31-4b92-bf43-04184d7ffdaf	{"pid": "A018112339", "type": "bf:Organisation", "conference": false, "preferred_name": "Dortmund (Stadt)", "authorized_access_point": "Dortmund (Stadt)", "md5": "9fe22d3b405f2cde9b94bbb3db264301", "$schema": "https://mef.rero.ch/schemas/agents_rero/rero-agent-v0.0.1.json"}	1
2026-03-25 19:53:19.215213+00:00	2026-03-25 19:53:19.215213+00:00	ce632f91-cd81-4ce6-a076-3a8d497ac6c4	{"pid": "A018117701", "type": "bf:Person", "preferred_name": "Zanetti, Cinzia", "authorized_access_point": "Zanetti, Cinzia", "md5": "530df75e88818bbb507faafcafbc3fab", "$schema": "https://mef.rero.ch/schemas/agents_rero/rero-agent-v0.0.1.json"}	1
2026-03-25 19:53:19.215235+00:00	2026-03-25 19:53:19.215235+00:00	dfd5d182-1034-449f-80a0-4ed37e16dc5a	{"pid": "A018138835", "type": "bf:Person", "preferred_name": "Haidn-Tschalova, Veronika", "authorized_access_point": "Haidn-Tschalova, Veronika", "md5": "a373133000951bac4c41949c0391e1a8", "$schema": "https://mef.rero.ch/schemas/agents_rero/rero-agent-v0.0.1.json"}	1
2026-03-25 19:53:19.215257+00:00	2026-03-25 19:53:19.215257+00:00	22c4a5b3-d119-4b45-9c36-381992654ec3	{"pid": "A018140650", "type": "bf:Organisation", "conference": false, "preferred_name": "\\"Celebrating Eleanor Roosevelt\\" (Gen\\u00e8ve)", "authorized_access_point": "\\"Celebrating Eleanor Roosevelt\\" (Gen\\u00e8ve)", "md5": "6b81ead2d80f9d6ee44b230c93efcb50", "$schema": "https://mef.rero.ch/schemas/agents_rero/rero-agent-v0.0.1.json"}	1
2026-03-25 19:53:19.215280+00:00	2026-03-25 19:53:19.215280+00:00	afa5bbc8-664e-491f-ac86-4e616bcdcbbe	{"pid": "A018155271", "type": "bf:Person", "preferred_name": "Dahl, Gina", "authorized_access_point": "Dahl, Gina", "md5": "5a6870f2caac08b4f9b4f6155ecd45be", "$schema": "https://mef.rero.ch/schemas/agents_rero/rero-agent-v0.0.1.json"}	1
2026-03-25 19:53:19.215302+00:00	2026-03-25 19:53:19.215302+00:00	a472872d-fbaf-401e-801f-6d4b1b07b184	{"pid": "A018157124", "type": "bf:Person", "preferred_name": "Rollston, Chris A", "authorized_access_point": "Rollston, Chris A", "md5": "1278b2277281e17240796157cd9d8923", "$schema": "https://mef.rero.ch/schemas/agents_rero/rero-agent-v0.0.1.json"}	1
2026-03-25 19:53:19.215324+00:00	2026-03-25 19:53:19.215324+00:00	4c918ac9-ba73-4ab8-81f0-e280d5d05ad8	{"pid": "A018172231", "type": "bf:Person", "preferred_name": "Cathry, Karl", "authorized_access_point": "Cathry, Karl", "md5": "928ea71aa576ee2fc798826cd5da84f0", "$schema": "https://mef.rero.ch/schemas/agents_rero/rero-agent-v0.0.1.json"}	1
2026-03-25 19:53:19.215345+00:00	2026-03-25 19:53:19.215345+00:00	6f77dc2a-77c9-4bf9-bdd4-b46fd0f953c7	{"pid": "A018201635", "type": "bf:Person", "preferred_name": "Terrari, Yves", "authorized_access_point": "Terrari, Yves", "md5": "cd3271e7ed97f41b4b6877284f262e1d", "$schema": "https://mef.rero.ch/schemas/agents_rero/rero-agent-v0.0.1.json"}	1
2026-03-25 19:53:19.215367+00:00	2026-03-25 19:53:19.215367+00:00	8e3b6d76-9a0c-4bee-a508-3ce2348dc392	{"pid": "A018206914", "type": "bf:Person", "preferred_name": "Glaus, M.R", "authorized_access_point": "Glaus, M.R", "md5": "8d0a30051fcc91b277d012dfecd61404", "$schema": "https://mef.rero.ch/schemas/agents_rero/rero-agent-v0.0.1.json"}	1
2026-03-25 19:53:19.215388+00:00	2026-03-25 19:53:19.215388+00:00	ff8698cf-3587-44de-921a-185676e5c5bc	{"pid": "A018237999", "type": "bf:Person", "preferred_name": "D\\u00e9lez, Christian", "authorized_access_point": "D\\u00e9lez, Christian", "md5": "1c0b20eafd4fde1e4f637c3168ff1850", "$schema": "https://mef.rero.ch/schemas/agents_rero/rero-agent-v0.0.1.json"}	1
2026-03-25 19:53:19.215426+00:00	2026-03-25 19:53:19.215426+00:00	f34dd3e4-4b40-4a76-87fb-725a4aa191ac	{"pid": "A018243805", "type": "bf:Person", "preferred_name": "Riedmatten, Charles de", "authorized_access_point": "Riedmatten, Charles de", "md5": "43c544a4d656a5300931565ad3685c7d", "$schema": "https://mef.rero.ch/schemas/agents_rero/rero-agent-v0.0.1.json"}	1
2026-03-25 19:53:19.215448+00:00	2026-03-25 19:53:19.215448+00:00	a842e80c-cfca-477b-a478-50fd8b8f894e	{"pid": "A018251580", "type": "bf:Person", "preferred_name": "Gabioud, Serge", "authorized_access_point": "Gabioud, Serge", "md5": "1f9b4c9559390e1acb670af053f8cd07", "$schema": "https://mef.rero.ch/schemas/agents_rero/rero-agent-v0.0.1.json"}	1
2026-03-25 19:53:19.215474+00:00	2026-03-25 19:53:19.215474+00:00	baca0a11-8364-4806-8aee-c87a4b1dc262	{"pid": "A018310828", "type": "bf:Organisation", "conference": false, "variant_name": ["Kunstverein Ludwigshafen am Rhein", "Ludwigshafener Kunstverein", "Kunstverein Ludwigshafen a. Rh"], "preferred_name": "Kunstverein Ludwigshafen", "variant_access_point": ["Kunstverein Ludwigshafen am Rhein", "Ludwigshafener Kunstverein", "Kunstverein Ludwigshafen a. Rh"], "authorized_access_point": "Kunstverein Ludwigshafen", "md5": "e118e20bd440f5bfd22a6b78387175f0", "$schema": "https://mef.rero.ch/schemas/agents_rero/rero-agent-v0.0.1.json"}	1
2026-03-25 19:53:19.215501+00:00	2026-03-25 19:53:19.215501+00:00	dc187018-4e0d-494b-bbce-9643fe1a5537	{"pid": "A018321048", "type": "bf:Organisation", "conference": false, "variant_name": ["SASS (Spazio archeologico sotterraneo del sas)"], "preferred_name": "Spazio archeologico sotterraneo del sas", "variant_access_point": ["SASS (Spazio archeologico sotterraneo del sas)"], "authorized_access_point": "Spazio archeologico sotterraneo del sas", "md5": "2d765fefb10e2f508bfc1a5d8bec513f", "$schema": "https://mef.rero.ch/schemas/agents_rero/rero-agent-v0.0.1.json"}	1
2026-03-25 19:53:19.215525+00:00	2026-03-25 19:53:19.215525+00:00	b1da9db2-ae19-424b-a5dd-a6cb9be77a26	{"pid": "A018322337", "type": "bf:Organisation", "conference": false, "preferred_name": "Gustav-L\\u00fcbcke-Museum (Hamm)", "authorized_access_point": "Gustav-L\\u00fcbcke-Museum (Hamm)", "md5": "f64ea9b7160ba42dd0abce6445229ce4", "$schema": "https://mef.rero.ch/schemas/agents_rero/rero-agent-v0.0.1.json"}	1
2026-03-25 19:53:19.215547+00:00	2026-03-25 19:53:19.215547+00:00	8abb9b6f-c1ab-4e87-8c21-2160770a663a	{"pid": "A018324391", "type": "bf:Person", "preferred_name": "Reibel, Olivier", "authorized_access_point": "Reibel, Olivier", "md5": "e5b81164b04c4407eab5c6d03618ffff", "$schema": "https://mef.rero.ch/schemas/agents_rero/rero-agent-v0.0.1.json"}	1
2026-03-25 19:53:19.215569+00:00	2026-03-25 19:53:19.215569+00:00	f9eec3fc-521d-415e-90d5-8b5a68bc0ad1	{"pid": "A018331793", "type": "bf:Person", "preferred_name": "Fiebiger, Rainer", "authorized_access_point": "Fiebiger, Rainer", "md5": "d62b7f2a15c49eb230981de2f28c2357", "$schema": "https://mef.rero.ch/schemas/agents_rero/rero-agent-v0.0.1.json"}	1
2026-03-25 19:53:19.215591+00:00	2026-03-25 19:53:19.215591+00:00	7c4f3f3b-02ab-419b-a8ea-2cc559e2aa01	{"pid": "A018332342", "type": "bf:Organisation", "conference": false, "preferred_name": "Europ\\u00e4ische Anwaltsvereinigung. Tagung 2010 :", "authorized_access_point": "Europ\\u00e4ische Anwaltsvereinigung. Tagung (43 : 2010 : Lausanne)", "md5": "2b98ddc062c0c2781edb44038f3d76f2", "$schema": "https://mef.rero.ch/schemas/agents_rero/rero-agent-v0.0.1.json"}	1
2026-03-25 19:53:19.215614+00:00	2026-03-25 19:53:19.215614+00:00	9eac25e2-4b5b-4286-97fc-38b52336994b	{"pid": "A018345923", "type": "bf:Person", "preferred_name": "Galanopoulos, Philippe", "authorized_access_point": "Galanopoulos, Philippe", "md5": "fdd22223d013349473c8f91a88ffa781", "$schema": "https://mef.rero.ch/schemas/agents_rero/rero-agent-v0.0.1.json"}	1
2026-03-25 19:53:19.215637+00:00	2026-03-25 19:53:19.215637+00:00	3abe9fb8-85d8-430b-82a5-c125ce2ef873	{"pid": "A018346336", "type": "bf:Organisation", "conference": false, "preferred_name": "Antigos Refeit\\u00f3rios da Mundet (Seixal)", "authorized_access_point": "Antigos Refeit\\u00f3rios da Mundet (Seixal)", "md5": "d9f891c20fb00df5543675991bfb1c3c", "$schema": "https://mef.rero.ch/schemas/agents_rero/rero-agent-v0.0.1.json"}	1
2026-03-25 19:53:19.215661+00:00	2026-03-25 19:53:19.215661+00:00	7950c894-05a3-4def-9ccc-cb3263ffd800	{"pid": "A018351276", "type": "bf:Organisation", "conference": false, "preferred_name": "Institut international de sociologie juridique (O\\u00f1ati). Workshop (2008 :", "authorized_access_point": "Institut international de sociologie juridique (O\\u00f1ati). Workshop (2008 : O\\u00f1ati)", "md5": "d65823feabdd78d1635fe1625496f041", "$schema": "https://mef.rero.ch/schemas/agents_rero/rero-agent-v0.0.1.json"}	1
2026-03-25 19:53:19.215689+00:00	2026-03-25 19:53:19.215689+00:00	d68671f6-8a94-48f3-8fbc-ce3feefbfd51	{"pid": "A018387362", "type": "bf:Organisation", "conference": false, "variant_name": ["France. Acad\\u00e9mie (Cr\\u00e9teil). Mission d'action culturelle des cultures et langues r\\u00e9gionales"], "preferred_name": "France. Acad\\u00e9mie (Cr\\u00e9teil). Mission de l'action culturelle des cultures et langues r\\u00e9gionales", "variant_access_point": ["France. Acad\\u00e9mie (Cr\\u00e9teil). Mission d'action culturelle des cultures et langues r\\u00e9gionales"], "authorized_access_point": "France. Acad\\u00e9mie (Cr\\u00e9teil). Mission de l'action culturelle des cultures et langues r\\u00e9gionales", "md5": "412b62b5a5b410ce162e853dabe2bd8b", "$schema": "https://mef.rero.ch/schemas/agents_rero/rero-agent-v0.0.1.json"}	1
2026-03-25 19:53:19.215714+00:00	2026-03-25 19:53:19.215714+00:00	53f6ee3c-54ba-44f5-9f9e-26d4d915b937	{"pid": "A018391771", "type": "bf:Person", "preferred_name": "Frerk, Hans", "authorized_access_point": "Frerk, Hans", "md5": "5666a1799a8f0c1c8b87157f599594be", "$schema": "https://mef.rero.ch/schemas/agents_rero/rero-agent-v0.0.1.json"}	1
2026-03-25 19:53:19.215740+00:00	2026-03-25 19:53:19.215740+00:00	6d3f6545-f577-47d1-a550-4bcf84802c58	{"pid": "A018394246", "type": "bf:Person", "variant_name": ["Blanc, Thomas le,", "LeBlanc, Thomas,"], "date_of_birth": "1951", "preferred_name": "Le Blanc, Thomas,", "variant_access_point": ["Blanc, Thomas le, 1951-", "LeBlanc, Thomas, 1951-"], "authorized_access_point": "Le Blanc, Thomas, 1951-", "biographical_information": ["Ecrivain, critique, \\u00e9diteur"], "md5": "1d89ebab98918b5916d0e33f396e5d0e", "$schema": "https://mef.rero.ch/schemas/agents_rero/rero-agent-v0.0.1.json"}	1
2026-03-25 19:53:19.215765+00:00	2026-03-25 19:53:19.215765+00:00	36690546-5fec-4e1c-8586-eeb183b65b6c	{"pid": "A018395567", "type": "bf:Person", "date_of_birth": "1986", "preferred_name": "Kull, Iara,", "authorized_access_point": "Kull, Iara, 1986-", "md5": "107b23b5a67ebdad1bc7859959c8b676", "$schema": "https://mef.rero.ch/schemas/agents_rero/rero-agent-v0.0.1.json"}	1
2026-03-25 19:53:19.215799+00:00	2026-03-25 19:53:19.215799+00:00	258720a2-abc5-43ed-93f8-88ac7e4aab0e	{"pid": "A018410690", "type": "bf:Person", "preferred_name": "S\\u0323urayfi\\u0304, Mu\\u1e25ammad", "parallel_access_point": ["\\u0635\\u0631\\u064a\\u0641\\u064a\\u060c \\u0645\\u062d\\u0645\\u062f"], "authorized_access_point": "S\\u0323urayfi\\u0304, Mu\\u1e25ammad", "md5": "223d56b2cbb7dc96488095b5eb3f4c6d", "$schema": "https://mef.rero.ch/schemas/agents_rero/rero-agent-v0.0.1.json"}	1
2026-03-25 19:53:19.215823+00:00	2026-03-25 19:53:19.215823+00:00	687c8b05-4952-4b12-b8c8-73c7b53e61c3	{"pid": "A018418232", "type": "bf:Person", "preferred_name": "Di Mino, Patrizio", "authorized_access_point": "Di Mino, Patrizio", "md5": "d7293dff1fa95a3e22c6e6b09a4fe60c", "$schema": "https://mef.rero.ch/schemas/agents_rero/rero-agent-v0.0.1.json"}	1
2026-03-25 19:53:19.215848+00:00	2026-03-25 19:53:19.215848+00:00	f0d2f545-0b74-409e-bf08-c8a7f4f52448	{"pid": "A018432097", "type": "bf:Organisation", "conference": false, "preferred_name": "Centro per gli studi storici italo-germanici in Trento. Convegno internazionale (2005 :", "authorized_access_point": "Centro per gli studi storici italo-germanici in Trento. Convegno internazionale (2005 : Trento)", "md5": "34ceb321dc3858587257cc13afec3a3f", "$schema": "https://mef.rero.ch/schemas/agents_rero/rero-agent-v0.0.1.json"}	1
2026-03-25 19:53:19.215872+00:00	2026-03-25 19:53:19.215872+00:00	a4a055f8-e69d-4e49-beeb-cc14132adb15	{"pid": "A018440172", "type": "bf:Person", "preferred_name": "Cornet, May", "authorized_access_point": "Cornet, May", "md5": "1fbc3708746a1304b37286d28b257cb3", "$schema": "https://mef.rero.ch/schemas/agents_rero/rero-agent-v0.0.1.json"}	1
2026-03-25 19:53:19.215893+00:00	2026-03-25 19:53:19.215893+00:00	7f5c185b-7def-4380-a7d1-e7a0f76424ea	{"pid": "A018456288", "type": "bf:Person", "preferred_name": "Halperin, Natalie", "authorized_access_point": "Halperin, Natalie", "md5": "a6980bc523cb6a8429ba689dd75cd2f5", "$schema": "https://mef.rero.ch/schemas/agents_rero/rero-agent-v0.0.1.json"}	1
2026-03-25 19:53:19.215915+00:00	2026-03-25 19:53:19.215915+00:00	12235c0b-f199-497d-8bed-c413349a83c7	{"pid": "A018459512", "type": "bf:Person", "qualifier": "m\\u00e9decin", "preferred_name": "Schl\\u00fcssel, m\\u00e9decin", "authorized_access_point": "Schl\\u00fcssel, m\\u00e9decin", "md5": "409a3e42c7b2fb59f317f28d0f5af5f7", "$schema": "https://mef.rero.ch/schemas/agents_rero/rero-agent-v0.0.1.json"}	1
2026-03-25 19:53:19.215938+00:00	2026-03-25 19:53:19.215938+00:00	fb569622-8593-48d6-a681-e72a44f952be	{"pid": "A018463176", "type": "bf:Person", "preferred_name": "Zhou, Yiqun", "authorized_access_point": "Zhou, Yiqun", "md5": "aae0c0e9776d4dbde0f19ff7fbf8ffa2", "$schema": "https://mef.rero.ch/schemas/agents_rero/rero-agent-v0.0.1.json"}	1
2026-03-25 19:53:19.215961+00:00	2026-03-25 19:53:19.215961+00:00	908d8694-b932-4e63-a886-01446010782f	{"pid": "A018475973", "type": "bf:Person", "date_of_birth": "1910", "date_of_death": "1997", "preferred_name": "Bielawski, J\\u00f3zef,", "authorized_access_point": "Bielawski, J\\u00f3zef, 1910-1997", "md5": "7270b0ed157e318227effe8d33b2b856", "$schema": "https://mef.rero.ch/schemas/agents_rero/rero-agent-v0.0.1.json"}	1
2026-03-25 19:53:19.215984+00:00	2026-03-25 19:53:19.215984+00:00	23feedba-3dbc-4d07-9e1f-007a0f1c2636	{"pid": "A018477130", "type": "bf:Person", "preferred_name": "Na\\u0304ji\\u0304, Hila\\u0304l", "parallel_access_point": ["\\u0646\\u0627\\u062c\\u064a\\u060c \\u0647\\u0644\\u0627\\u0644"], "authorized_access_point": "Na\\u0304ji\\u0304, Hila\\u0304l", "md5": "d6a525127b3f0b652050d00fe7fd3f32", "$schema": "https://mef.rero.ch/schemas/agents_rero/rero-agent-v0.0.1.json"}	1
2026-03-25 19:53:19.216007+00:00	2026-03-25 19:53:19.216007+00:00	25df498b-445f-4b21-a37b-754610e4241a	{"pid": "A018486553", "type": "bf:Person", "preferred_name": "Mittner, Mathias", "authorized_access_point": "Mittner, Mathias", "md5": "47fc4a98794f0a241b2843b40dd30c42", "$schema": "https://mef.rero.ch/schemas/agents_rero/rero-agent-v0.0.1.json"}	1
2026-03-25 19:53:19.216029+00:00	2026-03-25 19:53:19.216029+00:00	f0da0fac-7a50-4848-84cb-e785aceccf90	{"pid": "A018541924", "type": "bf:Person", "preferred_name": "Alarashi, Hala", "authorized_access_point": "Alarashi, Hala", "md5": "6efe09603a24a0b3b166442d4746ee1b", "$schema": "https://mef.rero.ch/schemas/agents_rero/rero-agent-v0.0.1.json"}	1
2026-03-25 19:53:19.216050+00:00	2026-03-25 19:53:19.216050+00:00	7abdac6e-3bc1-42de-af7d-744758116b54	{"pid": "A018548221", "type": "bf:Person", "preferred_name": "Klingelh\\u00f6ffer, Kerstin", "authorized_access_point": "Klingelh\\u00f6ffer, Kerstin", "md5": "0a006ce8e9626ea0cef717899d3e4689", "$schema": "https://mef.rero.ch/schemas/agents_rero/rero-agent-v0.0.1.json"}	1
2026-03-25 19:53:19.216072+00:00	2026-03-25 19:53:19.216072+00:00	d8bf8f9e-b930-440b-986b-1f4689434eef	{"pid": "A018556919", "type": "bf:Person", "preferred_name": "Kn\\u00fcfermann, Eckar", "authorized_access_point": "Kn\\u00fcfermann, Eckar", "md5": "f7adc9f8a3906bc209a5ee93656b92c0", "$schema": "https://mef.rero.ch/schemas/agents_rero/rero-agent-v0.0.1.json"}	1
2026-03-25 19:53:19.216094+00:00	2026-03-25 19:53:19.216094+00:00	42f17990-f40d-424d-89fb-1b82eeceea2a	{"pid": "A018562369", "type": "bf:Person", "preferred_name": "Kershaw, Paul J. E", "authorized_access_point": "Kershaw, Paul J. E", "md5": "350cf354529049589a6832587d257cab", "$schema": "https://mef.rero.ch/schemas/agents_rero/rero-agent-v0.0.1.json"}	1
2026-03-25 19:53:19.216115+00:00	2026-03-25 19:53:19.216115+00:00	a64ffbef-b511-4a27-9113-5fb5483e8766	{"pid": "A018581906", "type": "bf:Person", "preferred_name": "La Chevallerie, A. de", "authorized_access_point": "La Chevallerie, A. de", "md5": "f35aa8a068ec7dc36b5a76e7e2e957c0", "$schema": "https://mef.rero.ch/schemas/agents_rero/rero-agent-v0.0.1.json"}	1
2026-03-25 19:53:19.216136+00:00	2026-03-25 19:53:19.216136+00:00	791d8e40-5521-454e-894a-801d0ad46dac	{"pid": "A018584020", "type": "bf:Person", "preferred_name": "Del Vivo, Ranieri", "authorized_access_point": "Del Vivo, Ranieri", "md5": "feeb404dde50422bef99d69d057117d6", "$schema": "https://mef.rero.ch/schemas/agents_rero/rero-agent-v0.0.1.json"}	1
2026-03-25 19:53:19.216157+00:00	2026-03-25 19:53:19.216157+00:00	f43b63c2-1fdb-4710-99b6-6e6b23100b05	{"pid": "A018585140", "type": "bf:Person", "preferred_name": "Lange, Eug\\u00e9nie", "authorized_access_point": "Lange, Eug\\u00e9nie", "md5": "d38b865b9b9a6383cb48064add8822ed", "$schema": "https://mef.rero.ch/schemas/agents_rero/rero-agent-v0.0.1.json"}	1
2026-03-25 19:53:19.216187+00:00	2026-03-25 19:53:19.216187+00:00	a9bd7d63-eb3c-46e9-be29-f56f29a65922	{"pid": "A018591525", "type": "bf:Person", "preferred_name": "Dupont-Belrhali, Karine", "authorized_access_point": "Dupont-Belrhali, Karine", "md5": "f94499942bd5c0efb50a340c19677a59", "$schema": "https://mef.rero.ch/schemas/agents_rero/rero-agent-v0.0.1.json"}	1
2026-03-25 19:53:19.216209+00:00	2026-03-25 19:53:19.216209+00:00	143b3135-23d6-4eec-9774-4a2d7376ba47	{"pid": "A018606059", "type": "bf:Person", "preferred_name": "Zakrzewski, Marek", "authorized_access_point": "Zakrzewski, Marek", "md5": "1c56b9066d490658e450e3655c3a3bcd", "$schema": "https://mef.rero.ch/schemas/agents_rero/rero-agent-v0.0.1.json"}	1
2026-03-25 19:53:19.216230+00:00	2026-03-25 19:53:19.216230+00:00	27a87a29-0545-42c9-ab36-dbd3ef31b903	{"pid": "A018606217", "type": "bf:Person", "preferred_name": "Rothrock, Paul Ernest", "authorized_access_point": "Rothrock, Paul Ernest", "md5": "f571f33d40d28c796e765f457a72716a", "$schema": "https://mef.rero.ch/schemas/agents_rero/rero-agent-v0.0.1.json"}	1
2026-03-25 19:53:19.216262+00:00	2026-03-25 19:53:19.216262+00:00	db9ce5da-3f2e-4db1-b2bf-6e4324f0e927	{"pid": "A018610634", "type": "bf:Person", "preferred_name": "Abbott, Colleen", "authorized_access_point": "Abbott, Colleen", "md5": "678a9be4fe3c634a0c6a2ab6d1c2d6c3", "$schema": "https://mef.rero.ch/schemas/agents_rero/rero-agent-v0.0.1.json"}	1
2026-03-25 19:53:19.216284+00:00	2026-03-25 19:53:19.216284+00:00	93272920-c475-4e7f-908c-342445f27963	{"pid": "A018613224", "type": "bf:Person", "preferred_name": "Dumouchel, Jacques", "authorized_access_point": "Dumouchel, Jacques", "md5": "89ca4d25e35c7f0b045f0827c68e2791", "$schema": "https://mef.rero.ch/schemas/agents_rero/rero-agent-v0.0.1.json"}	1
2026-03-25 19:53:19.216306+00:00	2026-03-25 19:53:19.216306+00:00	347baf4b-7e09-4a50-a65d-b6ffb72a80c3	{"pid": "A018617749", "type": "bf:Organisation", "conference": false, "preferred_name": "Lustersaal (Judenburg)", "authorized_access_point": "Lustersaal (Judenburg)", "md5": "e803c43a77184a3d5b4d88885964be7d", "$schema": "https://mef.rero.ch/schemas/agents_rero/rero-agent-v0.0.1.json"}	1
2026-03-25 19:53:19.216328+00:00	2026-03-25 19:53:19.216328+00:00	d1dd5eea-dbe5-4ca9-9559-d3107fe88886	{"pid": "A018623512", "type": "bf:Person", "preferred_name": "Arizmendi, Luis", "authorized_access_point": "Arizmendi, Luis", "md5": "cfa11413342a4308113313b1fc00a3f0", "$schema": "https://mef.rero.ch/schemas/agents_rero/rero-agent-v0.0.1.json"}	1
2026-03-25 19:53:19.216349+00:00	2026-03-25 19:53:19.216349+00:00	e25d4bcf-0728-4286-8eaa-49f52303ca5b	{"pid": "A018651679", "type": "bf:Person", "preferred_name": "Logean, Sylvie", "authorized_access_point": "Logean, Sylvie", "md5": "5b7fa73fb9a7a030afa2108afa522690", "$schema": "https://mef.rero.ch/schemas/agents_rero/rero-agent-v0.0.1.json"}	1
2026-03-25 19:53:19.216373+00:00	2026-03-25 19:53:19.216373+00:00	69e18b4a-4e2b-41a6-84b6-41b87ef27c64	{"pid": "A018655587", "type": "bf:Organisation", "conference": false, "preferred_name": "Ecole technique (Neuch\\u00e2tel)", "authorized_access_point": "Ecole technique (Neuch\\u00e2tel)", "biographical_information": ["Avant 1969: Ecole de m\\u00e9canique et d'\\u00e9lectricit\\u00e9 (Neuch\\u00e2tel)", "D\\u00e8s 1974: l'Ecole technique est rattach\\u00e9e au CPLN"], "md5": "67e5b0f0e40a54690caaedf5815b5304", "$schema": "https://mef.rero.ch/schemas/agents_rero/rero-agent-v0.0.1.json"}	1
2026-03-25 19:53:19.216398+00:00	2026-03-25 19:53:19.216398+00:00	ebbe791f-16f5-4647-be67-f8270e4cca34	{"pid": "A018689283", "type": "bf:Person", "preferred_name": "Had\\u0101w\\u012b, H\\u0323asan", "parallel_access_point": ["\\u0647\\u062f\\u0627\\u0648\\u064a\\u060c \\u062d\\u0633\\u0646"], "authorized_access_point": "Had\\u0101w\\u012b, H\\u0323asan", "md5": "038b48fbb5172024b1ac293b0fb290ed", "$schema": "https://mef.rero.ch/schemas/agents_rero/rero-agent-v0.0.1.json"}	1
2026-03-25 19:53:19.216423+00:00	2026-03-25 19:53:19.216423+00:00	8cfcd95c-3ae9-434c-b854-9de564fd2e88	{"pid": "A018689940", "type": "bf:Organisation", "conference": false, "preferred_name": "International Center for Research on Environmental Issues. Conf\\u00e9rence internationale 2008 :", "authorized_access_point": "International Center for Research on Environmental Issues. Conf\\u00e9rence internationale (7 : 2008 : Aix-en-Provence)", "md5": "09165d8e52f35af43fb619066b5d629f", "$schema": "https://mef.rero.ch/schemas/agents_rero/rero-agent-v0.0.1.json"}	1
2026-03-25 19:53:19.216446+00:00	2026-03-25 19:53:19.216446+00:00	7b1c4284-caf0-4282-94f9-77857671a3af	{"pid": "A018699407", "type": "bf:Person", "preferred_name": "Janssen, Hildegonda", "authorized_access_point": "Janssen, Hildegonda", "md5": "f85eb3a61999718dd62eef4561666a28", "$schema": "https://mef.rero.ch/schemas/agents_rero/rero-agent-v0.0.1.json"}	1
2026-03-25 19:53:19.216468+00:00	2026-03-25 19:53:19.216468+00:00	604cffd8-f6ea-442f-b507-7c07ef8e5d72	{"pid": "A018703625", "type": "bf:Person", "preferred_name": "Nikoloff, Mladen", "authorized_access_point": "Nikoloff, Mladen", "md5": "931f952d3ea230d18e939e3e12f9211e", "$schema": "https://mef.rero.ch/schemas/agents_rero/rero-agent-v0.0.1.json"}	1
2026-03-25 19:53:19.216490+00:00	2026-03-25 19:53:19.216490+00:00	00d209a5-6a57-49af-a7bc-b67ff9bf0166	{"pid": "A018726776", "type": "bf:Person", "preferred_name": "Pugin, J", "authorized_access_point": "Pugin, J", "md5": "e4e90490cb0a2d06c5d7bd906c147742", "$schema": "https://mef.rero.ch/schemas/agents_rero/rero-agent-v0.0.1.json"}	1
2026-03-25 19:53:19.216511+00:00	2026-03-25 19:53:19.216511+00:00	92690405-b21c-4ca3-827b-279a0100abb4	{"pid": "A018750238", "type": "bf:Person", "preferred_name": "Lafite, Elisabeth", "authorized_access_point": "Lafite, Elisabeth", "md5": "7cd0f7e8358f0f38ba93842478fb7b27", "$schema": "https://mef.rero.ch/schemas/agents_rero/rero-agent-v0.0.1.json"}	1
2026-03-25 19:53:19.216533+00:00	2026-03-25 19:53:19.216533+00:00	09f9e263-455a-4194-8f71-a5f05cd66025	{"pid": "A018777696", "type": "bf:Person", "preferred_name": "Forg\\u00e1cs, Robert", "authorized_access_point": "Forg\\u00e1cs, Robert", "md5": "55ce22cdffe9d49886dcdb58e76069ac", "$schema": "https://mef.rero.ch/schemas/agents_rero/rero-agent-v0.0.1.json"}	1
2026-03-25 19:53:19.216554+00:00	2026-03-25 19:53:19.216554+00:00	4d86a634-876b-4e43-9877-4a3ebb5452ac	{"pid": "A018790254", "type": "bf:Person", "preferred_name": "Aeschlimann, Daniel", "authorized_access_point": "Aeschlimann, Daniel", "md5": "20441e58f12bafb792793814513b4d6f", "$schema": "https://mef.rero.ch/schemas/agents_rero/rero-agent-v0.0.1.json"}	1
2026-03-25 19:53:19.216585+00:00	2026-03-25 19:53:19.216585+00:00	a3025d93-95b3-4700-9a56-d4059ab899f5	{"pid": "A018795339", "type": "bf:Person", "preferred_name": "Power, Alacoque", "authorized_access_point": "Power, Alacoque", "md5": "e1fa8345405f71266cad30624efc9434", "$schema": "https://mef.rero.ch/schemas/agents_rero/rero-agent-v0.0.1.json"}	1
2026-03-25 19:53:19.216607+00:00	2026-03-25 19:53:19.216607+00:00	8da4394c-26b6-407a-aeb8-209e4ff5e663	{"pid": "A018796853", "type": "bf:Person", "preferred_name": "Prelitsch, Hans", "authorized_access_point": "Prelitsch, Hans", "md5": "9b68852d6a2e76bc39508c39d05c794b", "$schema": "https://mef.rero.ch/schemas/agents_rero/rero-agent-v0.0.1.json"}	1
2026-03-25 19:53:19.216629+00:00	2026-03-25 19:53:19.216629+00:00	20e65a61-7948-4de2-850b-1e1c75ef0d04	{"pid": "A018810961", "type": "bf:Organisation", "conference": false, "preferred_name": "Fundaci\\u00f3n Espa\\u00f1ola de Historia Moderna (Madrid)", "authorized_access_point": "Fundaci\\u00f3n Espa\\u00f1ola de Historia Moderna (Madrid)", "md5": "8a32111b58a87c826a407e99891738a3", "$schema": "https://mef.rero.ch/schemas/agents_rero/rero-agent-v0.0.1.json"}	1
2026-03-25 19:53:19.216660+00:00	2026-03-25 19:53:19.216660+00:00	6335f9b3-388a-43e5-9307-ef5d8080640a	{"pid": "A018836965", "type": "bf:Person", "preferred_name": "Roediger, Walter", "authorized_access_point": "Roediger, Walter", "md5": "0ebd70d8e1db06ec07046f52d754c7df", "$schema": "https://mef.rero.ch/schemas/agents_rero/rero-agent-v0.0.1.json"}	1
2026-03-25 19:53:19.216681+00:00	2026-03-25 19:53:19.216681+00:00	37b13ced-0677-452b-bf91-239ca47d9e41	{"pid": "A018838435", "type": "bf:Person", "preferred_name": "Ro\\u00ebll, Paul v", "authorized_access_point": "Ro\\u00ebll, Paul v", "md5": "41dac7e81a987cca6905152ff5a6e1e5", "$schema": "https://mef.rero.ch/schemas/agents_rero/rero-agent-v0.0.1.json"}	1
2026-03-25 19:53:19.216704+00:00	2026-03-25 19:53:19.216704+00:00	105ef5f1-3e12-445a-9fa3-464f372d96d2	{"pid": "A018857106", "type": "bf:Person", "date_of_birth": "1976", "preferred_name": "Le Fleming, Orlando,", "authorized_access_point": "Le Fleming, Orlando, 1976-", "md5": "534bacdb3a2d3365f451107b4342e104", "$schema": "https://mef.rero.ch/schemas/agents_rero/rero-agent-v0.0.1.json"}	1
2026-03-25 19:53:19.216727+00:00	2026-03-25 19:53:19.216727+00:00	13cd7d17-a76c-49f9-957f-368936358b97	{"pid": "A018863994", "type": "bf:Person", "qualifier": "sc\\u00e9nariste", "preferred_name": "Stephens, John, sc\\u00e9nariste", "authorized_access_point": "Stephens, John, sc\\u00e9nariste", "md5": "ae0162240e7646c0ca679f82cecdf73a", "$schema": "https://mef.rero.ch/schemas/agents_rero/rero-agent-v0.0.1.json"}	1
2026-03-25 19:53:19.216749+00:00	2026-03-25 19:53:19.216749+00:00	35ebdb08-ed92-4722-ab05-c3db94587aef	{"pid": "A018867909", "type": "bf:Person", "preferred_name": "Lenfant, Anne-Yvonne", "authorized_access_point": "Lenfant, Anne-Yvonne", "md5": "7e6f51fcb7ec77da5f0f1d9670ca25ee", "$schema": "https://mef.rero.ch/schemas/agents_rero/rero-agent-v0.0.1.json"}	1
2026-03-25 19:53:19.216770+00:00	2026-03-25 19:53:19.216770+00:00	71b794ac-3685-437a-b6a8-31f28bb08bdd	{"pid": "A018875034", "type": "bf:Person", "preferred_name": "Schill, Adolf", "authorized_access_point": "Schill, Adolf", "md5": "98cb792bde64810b9e4906157233e8c0", "$schema": "https://mef.rero.ch/schemas/agents_rero/rero-agent-v0.0.1.json"}	1
2026-03-25 19:53:19.216792+00:00	2026-03-25 19:53:19.216792+00:00	4e0a0efa-e81c-4dd5-9cf4-41ee25ab9317	{"pid": "A018879902", "type": "bf:Person", "preferred_name": "Gassmann, Aude", "authorized_access_point": "Gassmann, Aude", "md5": "3265ea19e31e959dbd181b3151bfa1a2", "$schema": "https://mef.rero.ch/schemas/agents_rero/rero-agent-v0.0.1.json"}	1
2026-03-25 19:53:19.216812+00:00	2026-03-25 19:53:19.216812+00:00	f0e35add-e7cf-4827-b70e-72ec11734c6f	{"pid": "A018880000", "type": "bf:Person", "preferred_name": "Kreppi, Bernard", "authorized_access_point": "Kreppi, Bernard", "md5": "95f1c0edb5b50e05705bfd3cab7ae7d9", "$schema": "https://mef.rero.ch/schemas/agents_rero/rero-agent-v0.0.1.json"}	1
2026-03-25 19:53:19.216834+00:00	2026-03-25 19:53:19.216834+00:00	b97d65ee-832a-4fb1-8ec1-1a76ad415a7e	{"pid": "A018906120", "type": "bf:Person", "preferred_name": "Lancaster, Mike A", "authorized_access_point": "Lancaster, Mike A", "md5": "d57b42a0f887ba89c170a8a67652eb94", "$schema": "https://mef.rero.ch/schemas/agents_rero/rero-agent-v0.0.1.json"}	1
2026-03-25 19:53:19.216858+00:00	2026-03-25 19:53:19.216858+00:00	375f7717-67ce-4ba0-9945-e622ffa2abc0	{"pid": "A018910104", "type": "bf:Person", "variant_name": ["Nahounou Digbeu, Am\\u00e9d\\u00e9e", "Digbeu, Am\\u00e9d\\u00e9e Nahounou"], "preferred_name": "Pierre, Am\\u00e9d\\u00e9e", "variant_access_point": ["Nahounou Digbeu, Am\\u00e9d\\u00e9e", "Digbeu, Am\\u00e9d\\u00e9e Nahounou"], "authorized_access_point": "Pierre, Am\\u00e9d\\u00e9e", "biographical_information": ["Dates de vie: 1937-"], "md5": "165743fae929fbacea99177a3fda13b7", "$schema": "https://mef.rero.ch/schemas/agents_rero/rero-agent-v0.0.1.json"}	1
2026-03-25 19:53:19.216883+00:00	2026-03-25 19:53:19.216883+00:00	733cd6e0-3d0f-420e-b51a-94274fabfee5	{"pid": "A018913029", "type": "bf:Person", "preferred_name": "Fr\\u00e9noy, Olivier", "authorized_access_point": "Fr\\u00e9noy, Olivier", "md5": "2ba537bf9821c1e929e36610e09a9e7d", "$schema": "https://mef.rero.ch/schemas/agents_rero/rero-agent-v0.0.1.json"}	1
2026-03-25 19:53:19.216904+00:00	2026-03-25 19:53:19.216904+00:00	ce6b6ff5-8f8a-40c3-b4e0-4bec34f0bfb6	{"pid": "A018939247", "type": "bf:Person", "preferred_name": "Sensburg, Ernst Philipp von", "authorized_access_point": "Sensburg, Ernst Philipp von", "md5": "8aed79baa4956cd254247e458920e8ad", "$schema": "https://mef.rero.ch/schemas/agents_rero/rero-agent-v0.0.1.json"}	1
2026-03-25 19:53:19.216926+00:00	2026-03-25 19:53:19.216926+00:00	b70172f8-73be-4d2e-8d49-9c605fae83bd	{"pid": "A018946790", "type": "bf:Person", "preferred_name": "Martine, L junior", "authorized_access_point": "Martine, L junior", "md5": "fcf211a33466bb1b6feb5d77bae8ce12", "$schema": "https://mef.rero.ch/schemas/agents_rero/rero-agent-v0.0.1.json"}	1
2026-03-25 19:53:19.216947+00:00	2026-03-25 19:53:19.216947+00:00	cd032984-5f6f-48f3-b0d2-b2aa35837342	{"pid": "A018953919", "type": "bf:Person", "preferred_name": "Weissbrodt, No\\u00e9mie", "authorized_access_point": "Weissbrodt, No\\u00e9mie", "md5": "cc8f69fdf207a6cb9d72fb2b9dfc0cb8", "$schema": "https://mef.rero.ch/schemas/agents_rero/rero-agent-v0.0.1.json"}	1
2026-03-25 19:53:19.221064+00:00	2026-03-25 19:53:19.221064+00:00	83586ed8-d7d5-44b6-b527-1a9d7c1f5812	{"pid": "A018954799", "type": "bf:Person", "preferred_name": "Souch\\u00e9, A", "authorized_access_point": "Souch\\u00e9, A", "md5": "6d2664017c42b45f57d4d4afe0a04e46", "$schema": "https://mef.rero.ch/schemas/agents_rero/rero-agent-v0.0.1.json"}	1
2026-03-25 19:53:19.221116+00:00	2026-03-25 19:53:19.221116+00:00	17e52326-99bb-468d-bd6a-e8ccc880c2e3	{"pid": "A018986263", "type": "bf:Person", "preferred_name": "Whisnant, Rebecca", "authorized_access_point": "Whisnant, Rebecca", "md5": "9b8c136e950d1a7b31dc06fa3d690b74", "$schema": "https://mef.rero.ch/schemas/agents_rero/rero-agent-v0.0.1.json"}	1
2026-03-25 19:53:19.221160+00:00	2026-03-25 19:53:19.221160+00:00	1478fbf6-df0e-4af7-8fee-52f4b8871cda	{"pid": "A019010974", "type": "bf:Person", "variant_name": ["Tetsuo, Owada,"], "date_of_birth": "1944", "preferred_name": "Owada, Tetsuo,", "variant_access_point": ["Tetsuo, Owada, 1944-"], "parallel_access_point": ["\\u5c0f\\u548c\\u7530\\u54f2\\u7537, 1944-"], "authorized_access_point": "Owada, Tetsuo, 1944-", "biographical_information": ["Docteur \\u00e8s lettres, dipl\\u00f4m\\u00e9 de l'Universit\\u00e9 de Waseda, T\\u014dky\\u014d, Japon. - En poste \\u00e0 l'Universit\\u00e9 de Shizuoka, Japon (en 2006). - Sp\\u00e9cialiste de l'histoire m\\u00e9di\\u00e9vale du Japon"], "md5": "fbf2238db826fa19671ac0a10c915edc", "$schema": "https://mef.rero.ch/schemas/agents_rero/rero-agent-v0.0.1.json"}	1
2026-03-25 19:53:19.221196+00:00	2026-03-25 19:53:19.221196+00:00	7a12bb1c-fc7a-4baa-9802-7189038db587	{"pid": "A019019750", "type": "bf:Organisation", "conference": false, "preferred_name": "Nei Menggu she hui ke xue yuan. Li shi suo. \\"Menggu zu tong shi\\" bian xie zu", "parallel_access_point": ["\\u5167\\u8499\\u53e4\\u793e\\u4f1a\\u79d1\\u5b66\\u9662. \\u5386\\u53f2\\u6240. \\"\\u8499\\u53e4\\u65cf\\u901a\\u53f2\\" \\u7f16\\u5199\\u7ec4"], "authorized_access_point": "Nei Menggu she hui ke xue yuan. Li shi suo. \\"Menggu zu tong shi\\" bian xie zu", "md5": "872072cfa60d6b6282926d61cc762fed", "$schema": "https://mef.rero.ch/schemas/agents_rero/rero-agent-v0.0.1.json"}	1
2026-03-25 19:53:19.221257+00:00	2026-03-25 19:53:19.221257+00:00	44aeb65c-1f3f-46d0-95dd-d81ccfda315b	{"pid": "A019033792", "type": "bf:Person", "preferred_name": "Gern, Didier", "authorized_access_point": "Gern, Didier", "md5": "af317ddfe3774a73e295950d41c6b4f8", "$schema": "https://mef.rero.ch/schemas/agents_rero/rero-agent-v0.0.1.json"}	1
2026-03-25 19:53:19.221299+00:00	2026-03-25 19:53:19.221299+00:00	5c01051d-9c50-4f66-a0d7-d3e120ff1194	{"pid": "A019052882", "type": "bf:Person", "preferred_name": "O'Hara, S. Paul", "authorized_access_point": "O'Hara, S. Paul", "md5": "75815640e6fa832045573b23b2a8b596", "$schema": "https://mef.rero.ch/schemas/agents_rero/rero-agent-v0.0.1.json"}	1
2026-03-25 19:53:19.221330+00:00	2026-03-25 19:53:19.221330+00:00	074793e7-7eed-4d1b-8330-11a65f599e92	{"pid": "A019060042", "type": "bf:Organisation", "conference": false, "preferred_name": "Asociaci\\u00f3n Ni\\u00f1os del Fort\\u00edn", "authorized_access_point": "Asociaci\\u00f3n Ni\\u00f1os del Fort\\u00edn", "md5": "9cc5717548284052b6bcf5d2f6c9fb83", "$schema": "https://mef.rero.ch/schemas/agents_rero/rero-agent-v0.0.1.json"}	1
2026-03-25 19:53:19.221359+00:00	2026-03-25 19:53:19.221359+00:00	35d64cb9-4c4d-4d0d-a352-be4785b911d5	{"pid": "A019072876", "type": "bf:Person", "date_of_birth": "1977", "preferred_name": "Stephens, Mark B.,", "authorized_access_point": "Stephens, Mark B., 1977-", "biographical_information": ["Mark B. Stephens est actuellement professeur d'\\u00e9tudes bibliques \\u00e0 l'Institut Wesley (Australie)"], "md5": "6dd1de650fb981141dddb4624d876ea8", "$schema": "https://mef.rero.ch/schemas/agents_rero/rero-agent-v0.0.1.json"}	1
2026-03-25 19:53:19.221385+00:00	2026-03-25 19:53:19.221385+00:00	f35d52cb-c057-49fb-bab2-feb7b35cf84b	{"pid": "A019100305", "type": "bf:Person", "preferred_name": "Sorrin, Pierrick", "authorized_access_point": "Sorrin, Pierrick", "md5": "d9a169764627623f78e8da542cce49af", "$schema": "https://mef.rero.ch/schemas/agents_rero/rero-agent-v0.0.1.json"}	1
2026-03-25 19:53:19.221413+00:00	2026-03-25 19:53:19.221413+00:00	170f4b5c-a53f-441b-9f48-72e2aee0c4cd	{"pid": "A019104065", "type": "bf:Person", "preferred_name": "Pelizza, Giovanna", "authorized_access_point": "Pelizza, Giovanna", "md5": "408da309f8f895ca0ff084011869cced", "$schema": "https://mef.rero.ch/schemas/agents_rero/rero-agent-v0.0.1.json"}	1
2026-03-25 19:53:19.221436+00:00	2026-03-25 19:53:19.221436+00:00	b138651b-46e1-4c6a-86c6-d520e88c5a69	{"pid": "A019111556", "type": "bf:Person", "preferred_name": "Goldenberg, Pomme", "authorized_access_point": "Goldenberg, Pomme", "md5": "7ecefa181455fd505e597564bc772867", "$schema": "https://mef.rero.ch/schemas/agents_rero/rero-agent-v0.0.1.json"}	1
2026-03-25 19:53:19.221459+00:00	2026-03-25 19:53:19.221459+00:00	417841a9-ee5c-4732-aac2-1efeecd50cba	{"pid": "A019131066", "type": "bf:Person", "preferred_name": "Othenin-Girard Landry, Mich\\u00e8le", "authorized_access_point": "Othenin-Girard Landry, Mich\\u00e8le", "md5": "cdbaf5d45ce9e8a2988114c4384a2223", "$schema": "https://mef.rero.ch/schemas/agents_rero/rero-agent-v0.0.1.json"}	1
2026-03-25 19:53:19.221482+00:00	2026-03-25 19:53:19.221482+00:00	a55e675d-ed11-459f-a6e1-36a8070ef3ce	{"pid": "A019135541", "type": "bf:Person", "preferred_name": "Theurillat, Emmanuelle", "authorized_access_point": "Theurillat, Emmanuelle", "md5": "e10e5a7aa21c422568b89bc79c1fb209", "$schema": "https://mef.rero.ch/schemas/agents_rero/rero-agent-v0.0.1.json"}	1
2026-03-25 19:53:19.221505+00:00	2026-03-25 19:53:19.221505+00:00	a38d0b33-23dc-411a-84c5-635dceef9944	{"pid": "A019156002", "type": "bf:Person", "preferred_name": "Lalonde, Jean-Yves", "authorized_access_point": "Lalonde, Jean-Yves", "md5": "bbe47dbc2a393f8144f2473af1366115", "$schema": "https://mef.rero.ch/schemas/agents_rero/rero-agent-v0.0.1.json"}	1
2026-03-25 19:53:19.221609+00:00	2026-03-25 19:53:19.221609+00:00	f3e4c469-d2a9-4d7e-9c1d-2650481459b5	{"pid": "A019212102", "type": "bf:Person", "preferred_name": "Chirol, Marie-Magdeleine", "authorized_access_point": "Chirol, Marie-Magdeleine", "md5": "815ec6e1bfcb81aa05a9732ba0814070", "$schema": "https://mef.rero.ch/schemas/agents_rero/rero-agent-v0.0.1.json"}	1
2026-03-25 19:53:19.222219+00:00	2026-03-25 19:53:19.222219+00:00	a00de6f5-e774-4409-82f6-65ee28ec0626	{"pid": "A019243832", "type": "bf:Person", "preferred_name": "Deguilloux, Laurence", "authorized_access_point": "Deguilloux, Laurence", "md5": "4d3ce69b01e45a5ea16b4be59489aacb", "$schema": "https://mef.rero.ch/schemas/agents_rero/rero-agent-v0.0.1.json"}	1
2026-03-25 19:53:19.225927+00:00	2026-03-25 19:53:19.225927+00:00	a07b7265-209c-4622-855b-5d0bc678785e	{"pid": "A020002432", "type": "bf:Person", "preferred_name": "Bo, Armando", "authorized_access_point": "Bo, Armando", "md5": "ff7a5503ec53afa4a8a8003708f7688d", "$schema": "https://mef.rero.ch/schemas/agents_rero/rero-agent-v0.0.1.json"}	1
2026-03-25 19:53:19.225961+00:00	2026-03-25 19:53:19.225961+00:00	4402f060-fbaa-47f1-88a6-7d44b944d778	{"pid": "A020018697", "type": "bf:Organisation", "conference": false, "preferred_name": "F\\u00f6rderverein Naturgut Ophoven", "authorized_access_point": "F\\u00f6rderverein Naturgut Ophoven", "md5": "d38eb9be671f14856de2937e7beefb8c", "$schema": "https://mef.rero.ch/schemas/agents_rero/rero-agent-v0.0.1.json"}	1
2026-03-25 19:53:19.225989+00:00	2026-03-25 19:53:19.225989+00:00	a1d843fc-a02f-4e24-9ef3-d546ad143ac8	{"pid": "A020026743", "type": "bf:Person", "preferred_name": "Lesage, Pauline", "authorized_access_point": "Lesage, Pauline", "md5": "c4514dd6d2ed1fd71c730c0552aec4a1", "$schema": "https://mef.rero.ch/schemas/agents_rero/rero-agent-v0.0.1.json"}	1
2026-03-25 19:53:19.226016+00:00	2026-03-25 19:53:19.226016+00:00	9e2c205a-4672-4a68-acdb-18d8443fccc4	{"pid": "A020053143", "type": "bf:Person", "preferred_name": "Ruhierre, Edme", "authorized_access_point": "Ruhierre, Edme", "md5": "c4a0c4141150f1ac246d900de495e42b", "$schema": "https://mef.rero.ch/schemas/agents_rero/rero-agent-v0.0.1.json"}	1
2026-03-25 19:53:19.226040+00:00	2026-03-25 19:53:19.226040+00:00	b0b5507a-7628-4469-ab26-524b7f4b8299	{"pid": "A020057293", "type": "bf:Person", "preferred_name": "Knapp, Ladina", "authorized_access_point": "Knapp, Ladina", "md5": "b952e14f3b5eaa32f311c93dec54fc44", "$schema": "https://mef.rero.ch/schemas/agents_rero/rero-agent-v0.0.1.json"}	1
2026-03-25 19:53:19.226064+00:00	2026-03-25 19:53:19.226064+00:00	40495dc3-a42c-4c64-90e8-66c314f0e6d8	{"pid": "A020059215", "type": "bf:Person", "qualifier": "juriste", "preferred_name": "Remy, Franz, juriste", "authorized_access_point": "Remy, Franz, juriste", "md5": "fce0766852bb676927caac869f85c95c", "$schema": "https://mef.rero.ch/schemas/agents_rero/rero-agent-v0.0.1.json"}	1
2026-03-25 19:53:19.226088+00:00	2026-03-25 19:53:19.226088+00:00	76e5b6ca-b2e9-43ff-b533-aa814f76e386	{"pid": "A020064866", "type": "bf:Person", "preferred_name": "Robbins, G", "authorized_access_point": "Robbins, G", "md5": "e3f9de2f478b0b6b0741778ce26f45c8", "$schema": "https://mef.rero.ch/schemas/agents_rero/rero-agent-v0.0.1.json"}	1
2026-03-25 19:53:19.226110+00:00	2026-03-25 19:53:19.226110+00:00	187ad331-d7f2-47e4-b989-3e25898eaaf6	{"pid": "A020072898", "type": "bf:Person", "preferred_name": "Lehner, B\\u00e9atrice", "authorized_access_point": "Lehner, B\\u00e9atrice", "md5": "b9764a8b12647794ac89aee9733b3037", "$schema": "https://mef.rero.ch/schemas/agents_rero/rero-agent-v0.0.1.json"}	1
2026-03-25 19:53:19.226133+00:00	2026-03-25 19:53:19.226133+00:00	345e2e45-7adc-4d9d-a525-63d7b50a594e	{"pid": "A020078206", "type": "bf:Person", "preferred_name": "Mey, Eug\\u00e8ne", "authorized_access_point": "Mey, Eug\\u00e8ne", "md5": "628c6da25c30766ef9f2ab2515260890", "$schema": "https://mef.rero.ch/schemas/agents_rero/rero-agent-v0.0.1.json"}	1
2026-03-25 19:53:19.226156+00:00	2026-03-25 19:53:19.226156+00:00	a55255fc-4444-4b83-a31b-4512f94e6118	{"pid": "A020092031", "type": "bf:Person", "preferred_name": "Heathcote, Gina", "authorized_access_point": "Heathcote, Gina", "md5": "7789b7d893d675f3e8412d136605f886", "$schema": "https://mef.rero.ch/schemas/agents_rero/rero-agent-v0.0.1.json"}	1
2026-03-25 19:53:19.226193+00:00	2026-03-25 19:53:19.226193+00:00	df12ac7b-3cc1-4d6a-9339-9cf2e1b64b73	{"pid": "A020092462", "type": "bf:Person", "preferred_name": "Meng, Florent", "authorized_access_point": "Meng, Florent", "md5": "1b672c3a0d3007e486b41b917bc60e0c", "$schema": "https://mef.rero.ch/schemas/agents_rero/rero-agent-v0.0.1.json"}	1
2026-03-25 19:53:19.226238+00:00	2026-03-25 19:53:19.226238+00:00	e4378987-86c4-433f-8089-ae19b10ddd3f	{"pid": "A020092476", "type": "bf:Person", "preferred_name": "Lauber, Jules", "authorized_access_point": "Lauber, Jules", "md5": "fa2abd5ceb24588032db041e33a204b1", "$schema": "https://mef.rero.ch/schemas/agents_rero/rero-agent-v0.0.1.json"}	1
2026-03-25 19:53:19.226263+00:00	2026-03-25 19:53:19.226263+00:00	f9226d32-704d-49c7-93e2-b48781eeddd9	{"pid": "A020103298", "type": "bf:Person", "preferred_name": "Hron\\u00e9k, Upravil Miroslav", "authorized_access_point": "Hron\\u00e9k, Upravil Miroslav", "md5": "ad5717c6a31dc0f4bfe9bbcda425b42a", "$schema": "https://mef.rero.ch/schemas/agents_rero/rero-agent-v0.0.1.json"}	1
2026-03-25 19:53:19.226287+00:00	2026-03-25 19:53:19.226287+00:00	24a23e3b-792b-44a7-8f45-be44e1f60eef	{"pid": "A020121326", "type": "bf:Organisation", "conference": false, "preferred_name": "Fantasia", "authorized_access_point": "Fantasia", "md5": "b1a09e6c9b0e6a156f9bae75129e7ec1", "$schema": "https://mef.rero.ch/schemas/agents_rero/rero-agent-v0.0.1.json"}	1
2026-03-25 19:53:19.226312+00:00	2026-03-25 19:53:19.226312+00:00	95c40250-59a3-4fc8-9322-bcf55205ae8d	{"pid": "A020122182", "type": "bf:Person", "variant_name": ["Meya, Raoul Kiyangi,"], "date_of_birth": "1970", "preferred_name": "Kiyangi Meya, Raoul,", "variant_access_point": ["Meya, Raoul Kiyangi, 1970-"], "authorized_access_point": "Kiyangi Meya, Raoul, 1970-", "md5": "2bfc331eb033f69bcc1bd6992860c2ec", "$schema": "https://mef.rero.ch/schemas/agents_rero/rero-agent-v0.0.1.json"}	1
2026-03-25 19:53:19.226336+00:00	2026-03-25 19:53:19.226336+00:00	9e630681-1b9f-4d7d-8407-d6d8d0e5b0d4	{"pid": "A020122584", "type": "bf:Person", "preferred_name": "Rosset, Xavier", "authorized_access_point": "Rosset, Xavier", "md5": "613dc6748cc1b6e7bd99ab50fe13c0cb", "$schema": "https://mef.rero.ch/schemas/agents_rero/rero-agent-v0.0.1.json"}	1
2026-03-25 19:53:19.226358+00:00	2026-03-25 19:53:19.226358+00:00	55cc2390-8e6d-429f-9683-ff9d6ff5832b	{"pid": "A020128356", "type": "bf:Person", "preferred_name": "Chalmas, Robert", "authorized_access_point": "Chalmas, Robert", "md5": "503e378e3d494f325dec812c9f3df419", "$schema": "https://mef.rero.ch/schemas/agents_rero/rero-agent-v0.0.1.json"}	1
2026-03-25 19:53:19.226380+00:00	2026-03-25 19:53:19.226380+00:00	f5b144dc-004c-40b4-ab82-e8d077b8d287	{"pid": "A020139475", "type": "bf:Person", "preferred_name": "Haberer, Gisela", "authorized_access_point": "Haberer, Gisela", "md5": "647126b21290ed5cc7082074b7452794", "$schema": "https://mef.rero.ch/schemas/agents_rero/rero-agent-v0.0.1.json"}	1
2026-03-25 19:53:19.226578+00:00	2026-03-25 19:53:19.226578+00:00	2eaf91cd-1754-4e19-a583-db5a39fdbc8f	{"pid": "A020148399", "type": "bf:Person", "preferred_name": "Velia, Qemal", "authorized_access_point": "Velia, Qemal", "md5": "76ffa25c772c2ffc2620a4904bf42df2", "$schema": "https://mef.rero.ch/schemas/agents_rero/rero-agent-v0.0.1.json"}	1
2026-03-25 19:53:19.226625+00:00	2026-03-25 19:53:19.226625+00:00	736f02b3-eded-48ec-9aa4-f1b39fb9e12b	{"pid": "A020157288", "type": "bf:Person", "preferred_name": "Herrera, Velino", "authorized_access_point": "Herrera, Velino", "md5": "8d78935e25a34817863d601fce2fcc13", "$schema": "https://mef.rero.ch/schemas/agents_rero/rero-agent-v0.0.1.json"}	1
2026-03-25 19:53:19.226656+00:00	2026-03-25 19:53:19.226656+00:00	a6443a34-1313-4c06-8608-2e8bdfafb7a7	{"pid": "A020168707", "type": "bf:Person", "preferred_name": "Glauser, Louis", "authorized_access_point": "Glauser, Louis", "md5": "10e55808af731868a0a2ae8680f8810b", "$schema": "https://mef.rero.ch/schemas/agents_rero/rero-agent-v0.0.1.json"}	1
2026-03-25 19:53:19.226684+00:00	2026-03-25 19:53:19.226684+00:00	cb9befe3-9882-4673-b621-153f829e0c12	{"pid": "A020209272", "type": "bf:Person", "preferred_name": "Valdambrini, Fabio", "authorized_access_point": "Valdambrini, Fabio", "md5": "bc5a8ebccd3841c7ce64e97904c8611e", "$schema": "https://mef.rero.ch/schemas/agents_rero/rero-agent-v0.0.1.json"}	1
2026-03-25 19:53:19.226709+00:00	2026-03-25 19:53:19.226709+00:00	d34fdc12-bf17-4748-b2e4-5284548175be	{"pid": "A020211267", "type": "bf:Person", "preferred_name": "Nowakowska, Wanda", "authorized_access_point": "Nowakowska, Wanda", "md5": "865073c97d170476adaa5529db7c6b76", "$schema": "https://mef.rero.ch/schemas/agents_rero/rero-agent-v0.0.1.json"}	1
2026-03-25 19:53:19.226734+00:00	2026-03-25 19:53:19.226734+00:00	b6b76bda-3254-49c4-99e1-da97b9027556	{"pid": "A020228645", "type": "bf:Person", "preferred_name": "Routon, Kenneth", "authorized_access_point": "Routon, Kenneth", "md5": "7e66851a8ba1a24d9f74fccae27b9aa1", "$schema": "https://mef.rero.ch/schemas/agents_rero/rero-agent-v0.0.1.json"}	1
2026-03-25 19:53:19.226759+00:00	2026-03-25 19:53:19.226759+00:00	4925b263-9199-4f98-be81-566d19f38094	{"pid": "A020232527", "type": "bf:Person", "preferred_name": "Rey, Antoinette", "authorized_access_point": "Rey, Antoinette", "biographical_information": ["Dates de vie: 1880-1938"], "md5": "5327c534053726a1d2bcdcbf74240dbb", "$schema": "https://mef.rero.ch/schemas/agents_rero/rero-agent-v0.0.1.json"}	1
2026-03-25 19:53:19.226784+00:00	2026-03-25 19:53:19.226784+00:00	08ba0839-0639-403d-9d67-144fbd38b217	{"pid": "A020244189", "type": "bf:Person", "preferred_name": "Agbloe, Marlys", "authorized_access_point": "Agbloe, Marlys", "md5": "ddc78b6548aa843e154fa89942b8bc74", "$schema": "https://mef.rero.ch/schemas/agents_rero/rero-agent-v0.0.1.json"}	1
2026-03-25 19:53:19.226807+00:00	2026-03-25 19:53:19.226807+00:00	fd686baa-437c-44ed-872c-7c66a366af52	{"pid": "A020276000", "type": "bf:Person", "preferred_name": "Keneman, Ayn F", "authorized_access_point": "Keneman, Ayn F", "md5": "dcbee744d2ef862ea626a7df29e2421b", "$schema": "https://mef.rero.ch/schemas/agents_rero/rero-agent-v0.0.1.json"}	1
2026-03-25 19:53:19.226829+00:00	2026-03-25 19:53:19.226829+00:00	ecdab2ea-d3ba-456a-ac15-2a48b4f30adf	{"pid": "A020278434", "type": "bf:Person", "preferred_name": "Thoubert, Thierry", "authorized_access_point": "Thoubert, Thierry", "md5": "91f25c4a58d1a0afe7ff45ef1538d4d4", "$schema": "https://mef.rero.ch/schemas/agents_rero/rero-agent-v0.0.1.json"}	1
2026-03-25 19:53:19.226851+00:00	2026-03-25 19:53:19.226851+00:00	094bce3e-f317-4147-aece-a76542783932	{"pid": "A020285886", "type": "bf:Person", "preferred_name": "Furon, Fr\\u00e9d\\u00e9ric", "authorized_access_point": "Furon, Fr\\u00e9d\\u00e9ric", "md5": "3ae4bafb2dfe7936f1fad964982271b0", "$schema": "https://mef.rero.ch/schemas/agents_rero/rero-agent-v0.0.1.json"}	1
2026-03-25 19:53:19.226874+00:00	2026-03-25 19:53:19.226874+00:00	0883c6d6-7a78-490f-b348-e69b1ff4a7c6	{"pid": "A020287613", "type": "bf:Person", "preferred_name": "P\\u00e9quignot, Priscilla", "authorized_access_point": "P\\u00e9quignot, Priscilla", "md5": "db05483c0a002a9f01d00b7cacf36a1e", "$schema": "https://mef.rero.ch/schemas/agents_rero/rero-agent-v0.0.1.json"}	1
2026-03-25 19:53:19.226897+00:00	2026-03-25 19:53:19.226897+00:00	017e3e8e-1029-4147-9a44-0f4fc8e4c14b	{"pid": "A020317114", "type": "bf:Person", "preferred_name": "Herath, H.M.A", "authorized_access_point": "Herath, H.M.A", "md5": "f363801282e73ae6952dad8067edb720", "$schema": "https://mef.rero.ch/schemas/agents_rero/rero-agent-v0.0.1.json"}	1
2026-03-25 19:53:19.226920+00:00	2026-03-25 19:53:19.226920+00:00	a6d9471d-5a05-4c9d-97bc-ca83216420e1	{"pid": "A020337204", "type": "bf:Organisation", "conference": true, "preferred_name": "Symposium on the Reliability of Nuclear Power Plants (1975 :", "authorized_access_point": "Symposium on the Reliability of Nuclear Power Plants (1975 : Innsbruck)", "md5": "908f9d06e869b200ad817bce667c1aa2", "$schema": "https://mef.rero.ch/schemas/agents_rero/rero-agent-v0.0.1.json"}	1
2026-03-25 19:53:19.226945+00:00	2026-03-25 19:53:19.226945+00:00	395c8e2e-388b-44e1-af7f-94affbe6e680	{"pid": "A020340385", "type": "bf:Person", "date_of_birth": "1956", "preferred_name": "Li, jun,", "parallel_access_point": ["\\u674e\\u519b, 1956-"], "authorized_access_point": "Li, jun, 1956-", "md5": "634bf99aa9ac0a7d57a6b293cc6a0b9f", "$schema": "https://mef.rero.ch/schemas/agents_rero/rero-agent-v0.0.1.json"}	1
2026-03-25 19:53:19.226968+00:00	2026-03-25 19:53:19.226968+00:00	9d184a2a-cf91-4240-999b-a39981f49627	{"pid": "A020351109", "type": "bf:Person", "preferred_name": "Petersen, Syndy", "authorized_access_point": "Petersen, Syndy", "md5": "18701ae72484409b6902ffd87046e42b", "$schema": "https://mef.rero.ch/schemas/agents_rero/rero-agent-v0.0.1.json"}	1
2026-03-25 19:53:19.226991+00:00	2026-03-25 19:53:19.226991+00:00	97e9e1bd-8074-4a08-a5bd-ef3ce8e46b63	{"pid": "A020355982", "type": "bf:Person", "preferred_name": "Chief", "authorized_access_point": "Chief", "biographical_information": ["Chief est un musicien lausannois n\\u00e9 en 1981."], "md5": "1f53fbc301e85d8221bcfc6202a6b352", "$schema": "https://mef.rero.ch/schemas/agents_rero/rero-agent-v0.0.1.json"}	1
2026-03-25 19:53:19.227019+00:00	2026-03-25 19:53:19.227019+00:00	eb0639f3-e471-4957-98c4-5b8bb5b2cfb8	{"pid": "A020360095", "type": "bf:Organisation", "conference": true, "variant_name": ["Simposio de F\\u00edsica Matem\\u00e1tica", "Simposio Internacional  de F\\u00edsica Matem\\u00e1tica", "Symposium on Mathematical Physics"], "preferred_name": "International Symposium on Mathematical Physics", "variant_access_point": ["Simposio de F\\u00edsica Matem\\u00e1tica", "Simposio Internacional  de F\\u00edsica Matem\\u00e1tica", "Symposium on Mathematical Physics"], "authorized_access_point": "International Symposium on Mathematical Physics", "md5": "57d712d010e8e44adf25d9a1090e1d9f", "$schema": "https://mef.rero.ch/schemas/agents_rero/rero-agent-v0.0.1.json"}	1
2026-03-25 19:53:19.231078+00:00	2026-03-25 19:53:19.231078+00:00	5723a284-5e22-47cf-adfc-6fe3322d5c8a	{"pid": "A020370205", "type": "bf:Person", "preferred_name": "Lahiri, Jayasri", "authorized_access_point": "Lahiri, Jayasri", "md5": "aad97b1db6bf289eddda5c8e2dbbfe56", "$schema": "https://mef.rero.ch/schemas/agents_rero/rero-agent-v0.0.1.json"}	1
2026-03-25 19:53:19.231121+00:00	2026-03-25 19:53:19.231121+00:00	4ca95074-bda9-490e-8d36-2e7b75647a36	{"pid": "A020376367", "type": "bf:Person", "preferred_name": "Garimond, Hippolyte", "authorized_access_point": "Garimond, Hippolyte", "md5": "9d420eb482589bfe53a86e33fe30ba19", "$schema": "https://mef.rero.ch/schemas/agents_rero/rero-agent-v0.0.1.json"}	1
2026-03-25 19:53:19.231151+00:00	2026-03-25 19:53:19.231151+00:00	9ef11c3d-8dcd-4c24-bd4e-e09c10f313e8	{"pid": "A020377292", "type": "bf:Person", "preferred_name": "Linder, Mauritius", "authorized_access_point": "Linder, Mauritius", "md5": "3b4307af9a744fb7b7a769c84503e313", "$schema": "https://mef.rero.ch/schemas/agents_rero/rero-agent-v0.0.1.json"}	1
2026-03-25 19:53:19.231177+00:00	2026-03-25 19:53:19.231177+00:00	ebfa956e-49a2-4ed5-bce9-f36412f7cbd4	{"pid": "A020398544", "type": "bf:Person", "preferred_name": "Lojahn, Sandra", "authorized_access_point": "Lojahn, Sandra", "md5": "58494c4fb0a204b416b12b5ad0c9e73e", "$schema": "https://mef.rero.ch/schemas/agents_rero/rero-agent-v0.0.1.json"}	1
2026-03-25 19:53:19.231212+00:00	2026-03-25 19:53:19.231212+00:00	85b19012-d9d6-46b6-9309-47369ba4a20e	{"pid": "A020413592", "type": "bf:Organisation", "conference": false, "variant_name": ["Comiss\\u00e3o para a Igualdade e para os Direitos das Mulheres", "CIDM (Comiss\\u00e3o para a Igualdade e para os Direitos das Mulheres)", "Portugal. Commission for Equality and Women's Rights", "Portugal. Commission pour l'\\u00e9galit\\u00e9 et les droits des femmes", "Portugal. Commission pour l'\\u00e9galit\\u00e9 et pour les droits des femmes"], "preferred_name": "Portugal. Comiss\\u00e3o para a Igualdade e para os Direitos das Mulheres", "variant_access_point": ["Comiss\\u00e3o para a Igualdade e para os Direitos das Mulheres", "CIDM (Comiss\\u00e3o para a Igualdade e para os Direitos das Mulheres)", "Portugal. Commission for Equality and Women's Rights", "Portugal. Commission pour l'\\u00e9galit\\u00e9 et les droits des femmes", "Portugal. Commission pour l'\\u00e9galit\\u00e9 et pour les droits des femmes"], "authorized_access_point": "Portugal. Comiss\\u00e3o para a Igualdade e para os Direitos das Mulheres", "md5": "3fb6e8fb53957c934086c879d9c18698", "$schema": "https://mef.rero.ch/schemas/agents_rero/rero-agent-v0.0.1.json"}	1
2026-03-25 19:53:19.231245+00:00	2026-03-25 19:53:19.231245+00:00	6e1afa44-d857-475c-ac19-54eb87b94123	{"pid": "A020415873", "type": "bf:Organisation", "conference": false, "preferred_name": "Burofami", "authorized_access_point": "Burofami", "md5": "a2c32fb2e86128851aef8c452c03a5d1", "$schema": "https://mef.rero.ch/schemas/agents_rero/rero-agent-v0.0.1.json"}	1
2026-03-25 19:53:19.231269+00:00	2026-03-25 19:53:19.231269+00:00	e955efc3-7b7d-4bfe-a839-f41645523e9a	{"pid": "A020417148", "type": "bf:Person", "preferred_name": "Debunne, Sandrine", "authorized_access_point": "Debunne, Sandrine", "md5": "fd354163680be5b712946c4b1e1697ef", "$schema": "https://mef.rero.ch/schemas/agents_rero/rero-agent-v0.0.1.json"}	1
2026-03-25 19:53:19.231292+00:00	2026-03-25 19:53:19.231292+00:00	84ae7b18-4a50-492f-aca5-61885c63b667	{"pid": "A020436263", "type": "bf:Person", "preferred_name": "Harmony, Korine", "authorized_access_point": "Harmony, Korine", "md5": "01f0eb51c6eb8c6eb3570323b6197f88", "$schema": "https://mef.rero.ch/schemas/agents_rero/rero-agent-v0.0.1.json"}	1
2026-03-25 19:53:19.231315+00:00	2026-03-25 19:53:19.231315+00:00	8628e4eb-1713-430b-9ace-3349c5fb1d16	{"pid": "A020461666", "type": "bf:Person", "preferred_name": "Kern, Friederike", "authorized_access_point": "Kern, Friederike", "md5": "55db70285d97fd2a6db008335cf6fed3", "$schema": "https://mef.rero.ch/schemas/agents_rero/rero-agent-v0.0.1.json"}	1
2026-03-25 19:53:19.231338+00:00	2026-03-25 19:53:19.231338+00:00	9032438e-4821-444b-93d4-db8cf214935c	{"pid": "A020462104", "type": "bf:Person", "preferred_name": "Dengler, Paul", "authorized_access_point": "Dengler, Paul", "md5": "759c308f6095dcf092136c1eaad5a1b1", "$schema": "https://mef.rero.ch/schemas/agents_rero/rero-agent-v0.0.1.json"}	1
2026-03-25 19:53:19.231360+00:00	2026-03-25 19:53:19.231360+00:00	125ac741-519e-4519-a359-fb8c25b17256	{"pid": "A020465572", "type": "bf:Person", "preferred_name": "Buffat, Aur\\u00e9lie", "authorized_access_point": "Buffat, Aur\\u00e9lie", "md5": "6cb865654ef773006d04bb6e869ab803", "$schema": "https://mef.rero.ch/schemas/agents_rero/rero-agent-v0.0.1.json"}	1
2026-03-25 19:53:19.231383+00:00	2026-03-25 19:53:19.231383+00:00	60b02090-c612-4cbc-999f-0751c56a928e	{"pid": "A020465592", "type": "bf:Person", "preferred_name": "Barisoni, Paolo", "authorized_access_point": "Barisoni, Paolo", "md5": "e3e07c1a31c72b7256889127120b0f77", "$schema": "https://mef.rero.ch/schemas/agents_rero/rero-agent-v0.0.1.json"}	1
2026-03-25 19:53:19.231404+00:00	2026-03-25 19:53:19.231404+00:00	4cedde40-f925-42e1-bde6-f448a7fffca4	{"pid": "A020471717", "type": "bf:Person", "preferred_name": "Eastman, David L", "authorized_access_point": "Eastman, David L", "md5": "a6a4631db431b798199c7e778fa1631e", "$schema": "https://mef.rero.ch/schemas/agents_rero/rero-agent-v0.0.1.json"}	1
2026-03-25 19:53:19.231426+00:00	2026-03-25 19:53:19.231426+00:00	85a66972-4051-43de-9750-a0d66e84d08f	{"pid": "A020478658", "type": "bf:Person", "preferred_name": "Scowen, Reed", "authorized_access_point": "Scowen, Reed", "md5": "8c9fb192d7dfddc6978f044dbc9f407a", "$schema": "https://mef.rero.ch/schemas/agents_rero/rero-agent-v0.0.1.json"}	1
2026-03-25 19:53:19.231447+00:00	2026-03-25 19:53:19.231447+00:00	18fb3e4e-ac7f-40d4-97e4-a3b9352def8a	{"pid": "A020487139", "type": "bf:Person", "preferred_name": "Leeners, J\\u00f6rg", "authorized_access_point": "Leeners, J\\u00f6rg", "md5": "945e1c1ce065871202715bb16a045891", "$schema": "https://mef.rero.ch/schemas/agents_rero/rero-agent-v0.0.1.json"}	1
2026-03-25 19:53:19.231469+00:00	2026-03-25 19:53:19.231469+00:00	ae9736c5-8939-4771-bc43-a71836fef5ed	{"pid": "A020500799", "type": "bf:Person", "preferred_name": "Lapp, Axel", "authorized_access_point": "Lapp, Axel", "md5": "53607d212fe1cc16157aa04838224bd9", "$schema": "https://mef.rero.ch/schemas/agents_rero/rero-agent-v0.0.1.json"}	1
2026-03-25 19:53:19.231492+00:00	2026-03-25 19:53:19.231492+00:00	4713a465-1f65-4a94-bed6-8a102721f76c	{"pid": "A021510454", "type": "bf:Organisation", "conference": false, "preferred_name": "G\\u00e9orgie (r\\u00e9publique). Arm\\u00e9e", "authorized_access_point": "G\\u00e9orgie (r\\u00e9publique). Arm\\u00e9e", "md5": "cf65ad8e70976e505a61916733d5f88f", "$schema": "https://mef.rero.ch/schemas/agents_rero/rero-agent-v0.0.1.json"}	1
2026-03-25 19:53:19.236886+00:00	2026-03-25 19:53:19.236886+00:00	81ca01c0-fb91-486e-9982-315dbf9ebda3	{"pid": "A021514179", "type": "bf:Person", "date_of_birth": "1979", "preferred_name": "Dubbini, Rachele,", "authorized_access_point": "Dubbini, Rachele, 1979-", "biographical_information": ["Arch\\u00e9ologue"], "md5": "c1e2f12f02b9cf503368e0bd60c8dd5b", "$schema": "https://mef.rero.ch/schemas/agents_rero/rero-agent-v0.0.1.json"}	1
2026-03-25 19:53:19.236925+00:00	2026-03-25 19:53:19.236925+00:00	09392a27-fb2a-4b97-a4db-995d064e6a99	{"pid": "A021535410", "type": "bf:Person", "preferred_name": "Sanin, Francisco", "authorized_access_point": "Sanin, Francisco", "md5": "81a17b37eaa67791afbf6836a9e7233d", "$schema": "https://mef.rero.ch/schemas/agents_rero/rero-agent-v0.0.1.json"}	1
2026-03-25 19:53:19.236952+00:00	2026-03-25 19:53:19.236952+00:00	2bc29d7e-76a8-47af-b613-d2f125fbacc2	{"pid": "A021609811", "type": "bf:Person", "preferred_name": "Becker, Madeleine", "authorized_access_point": "Becker, Madeleine", "md5": "22425befcb8691d7d8f59129638f7e60", "$schema": "https://mef.rero.ch/schemas/agents_rero/rero-agent-v0.0.1.json"}	1
2026-03-25 19:53:19.236976+00:00	2026-03-25 19:53:19.236976+00:00	e76e1052-bf47-463e-8fb3-a7a0b6cab671	{"pid": "A021617173", "type": "bf:Person", "preferred_name": "Olopade, Olusoga", "authorized_access_point": "Olopade, Olusoga", "md5": "4083aedb3446adfe043a4b07cc1c57f0", "$schema": "https://mef.rero.ch/schemas/agents_rero/rero-agent-v0.0.1.json"}	1
2026-03-25 19:53:19.237001+00:00	2026-03-25 19:53:19.237001+00:00	c52f7fbc-d86c-4906-b6eb-c0962e227853	{"pid": "A021621256", "type": "bf:Person", "date_of_birth": "1624", "date_of_death": "1701", "preferred_name": "Cavelier, Jean,", "authorized_access_point": "Cavelier, Jean, 1624-1701", "md5": "210464afae48930092e703b4f7667eb7", "$schema": "https://mef.rero.ch/schemas/agents_rero/rero-agent-v0.0.1.json"}	1
2026-03-25 19:53:19.237026+00:00	2026-03-25 19:53:19.237026+00:00	f86bb588-c01a-4c69-86ff-2b67e9a6bb43	{"pid": "A021627558", "type": "bf:Person", "preferred_name": "W\\u00e4ckerle, Josef", "authorized_access_point": "W\\u00e4ckerle, Josef", "md5": "4d11048b27701fb7f486cfee4c030faa", "$schema": "https://mef.rero.ch/schemas/agents_rero/rero-agent-v0.0.1.json"}	1
2026-03-25 19:53:19.237051+00:00	2026-03-25 19:53:19.237051+00:00	4544605b-986e-4fa2-b35d-566e27ff3741	{"pid": "A021643724", "type": "bf:Person", "variant_name": ["Wen-hsien, Guo"], "preferred_name": "Guo, Wen-hsien", "variant_access_point": ["Wen-hsien, Guo"], "authorized_access_point": "Guo, Wen-hsien", "md5": "c6137435dca7f46a92997c11ac4eaae0", "$schema": "https://mef.rero.ch/schemas/agents_rero/rero-agent-v0.0.1.json"}	1
2026-03-25 19:53:19.237075+00:00	2026-03-25 19:53:19.237075+00:00	b077130a-4032-421d-94af-6d358216404e	{"pid": "A021650553", "type": "bf:Person", "preferred_name": "\\u00d6hninger, Johann J", "authorized_access_point": "\\u00d6hninger, Johann J", "md5": "4ec2c791e7bce4a149710fae928cb1be", "$schema": "https://mef.rero.ch/schemas/agents_rero/rero-agent-v0.0.1.json"}	1
2026-03-25 19:53:19.237100+00:00	2026-03-25 19:53:19.237100+00:00	01b3024b-ab86-4bc4-8e58-98418933f8a0	{"pid": "A021653398", "type": "bf:Organisation", "conference": true, "preferred_name": "Conf\\u00e9rence permanente des pouvoirs locaux et r\\u00e9gionaux de l'Europe (1993 :", "authorized_access_point": "Conf\\u00e9rence permanente des pouvoirs locaux et r\\u00e9gionaux de l'Europe (1993 : Stockholm). S\\u00e9minaire", "md5": "02f3d04f38ea9b98116636703e8c566e", "$schema": "https://mef.rero.ch/schemas/agents_rero/rero-agent-v0.0.1.json"}	1
2026-03-25 19:53:19.237126+00:00	2026-03-25 19:53:19.237126+00:00	b38e21ff-cce6-48fd-9842-6cae945fa4f5	{"pid": "A021657316", "type": "bf:Person", "preferred_name": "Bustos, Natacha", "authorized_access_point": "Bustos, Natacha", "md5": "fb48d4848b0bdb009303363564215889", "$schema": "https://mef.rero.ch/schemas/agents_rero/rero-agent-v0.0.1.json"}	1
2026-03-25 19:53:19.237149+00:00	2026-03-25 19:53:19.237149+00:00	cc861eee-522a-4b9c-a57f-1a78bd77eb0e	{"pid": "A021665049", "type": "bf:Organisation", "conference": false, "preferred_name": "Institut atlantique des affaires internationales (Paris). Conference (1980 :", "authorized_access_point": "Institut atlantique des affaires internationales (Paris). Conference (1980 : M\\u00e9xico)", "md5": "1f8c6a6d249ba87e1edce98ad7f0e0ee", "$schema": "https://mef.rero.ch/schemas/agents_rero/rero-agent-v0.0.1.json"}	1
2026-03-25 19:53:19.237177+00:00	2026-03-25 19:53:19.237177+00:00	fc68b67e-e625-460b-8781-8c2fad634713	{"pid": "A021681210", "type": "bf:Organisation", "conference": false, "variant_name": ["Rutgers University Art Gallery", "Rutgers University. University Art Gallery", "University Art Gallery (Rutgers University)"], "preferred_name": "Rutgers University (New Brunswick). Art Gallery", "variant_access_point": ["Rutgers University Art Gallery", "Rutgers University. University Art Gallery", "University Art Gallery (Rutgers University)"], "authorized_access_point": "Rutgers University (New Brunswick). Art Gallery", "md5": "f38e8ea3994a7918f33f7263492158cb", "$schema": "https://mef.rero.ch/schemas/agents_rero/rero-agent-v0.0.1.json"}	1
2026-03-25 19:53:19.237203+00:00	2026-03-25 19:53:19.237203+00:00	cb39a0fe-39ab-4a6e-b73e-d212bb8b66bd	{"pid": "A021706387", "type": "bf:Person", "preferred_name": "Holzer, Bettina", "authorized_access_point": "Holzer, Bettina", "md5": "368a2da76a03d37762f0fbaa840d360e", "$schema": "https://mef.rero.ch/schemas/agents_rero/rero-agent-v0.0.1.json"}	1
2026-03-25 19:53:19.237230+00:00	2026-03-25 19:53:19.237230+00:00	ec239b2f-bc9d-4e52-9745-aa7e939f1dfc	{"pid": "A021753974", "type": "bf:Person", "variant_name": ["Mneva, Nade\\u017eda Evgen\\u02b9evna"], "preferred_name": "Mneva, Nadezhda Evgen\\u02b9evna", "variant_access_point": ["Mneva, Nade\\u017eda Evgen\\u02b9evna"], "parallel_access_point": ["\\u041c\\u043d\\u0435\\u0432\\u0430, \\u041d\\u0430\\u0434\\u0435\\u0436\\u0434\\u0430 \\u0415\\u0432\\u0433\\u0435\\u043d\\u044c\\u0435\\u0432\\u043d\\u0430"], "authorized_access_point": "Mneva, Nadezhda Evgen\\u02b9evna", "md5": "f086ee86e44b8dd19d2fb571b595da9f", "$schema": "https://mef.rero.ch/schemas/agents_rero/rero-agent-v0.0.1.json"}	1
2026-03-25 19:53:19.237259+00:00	2026-03-25 19:53:19.237259+00:00	4fdd8a9a-9f79-4584-af35-e6869a99ba98	{"pid": "A021794133", "type": "bf:Person", "variant_name": ["\\u0160u\\u0161urin, S.F"], "preferred_name": "Shushurin, S.F", "variant_access_point": ["\\u0160u\\u0161urin, S.F"], "parallel_access_point": ["\\u0428\\u0443\\u0448\\u0443\\u0440\\u0438\\u043d, \\u0421.\\u0424"], "authorized_access_point": "Shushurin, S.F", "md5": "90c4017a3747bd174cfe0eac87fcecce", "$schema": "https://mef.rero.ch/schemas/agents_rero/rero-agent-v0.0.1.json"}	1
2026-03-25 19:53:19.237300+00:00	2026-03-25 19:53:19.237300+00:00	bc13f986-2b76-4d99-9e80-7d40026feab7	{"pid": "A021819945", "type": "bf:Person", "variant_name": ["Knjazev, Boris Vladimirovi\\u010d"], "preferred_name": "Kni\\ufe20a\\ufe21zev, Boris Vladimirovich", "variant_access_point": ["Knjazev, Boris Vladimirovi\\u010d"], "parallel_access_point": ["\\u041a\\u043d\\u044f\\u0437\\u0435\\u0432, \\u0411\\u043e\\u0440\\u0438\\u0441 \\u0412\\u043b\\u0430\\u0434\\u0438\\u043c\\u0438\\u0440\\u043e\\u0432\\u0438\\u0447"], "authorized_access_point": "Kni\\ufe20a\\ufe21zev, Boris Vladimirovich", "md5": "97b9698a18ecfa945eda7d2c5e55b20d", "$schema": "https://mef.rero.ch/schemas/agents_rero/rero-agent-v0.0.1.json"}	1
2026-03-25 19:53:19.237327+00:00	2026-03-25 19:53:19.237327+00:00	7eb24142-2274-449c-b590-9350a5836a7a	{"pid": "A021917468", "type": "bf:Person", "preferred_name": "F\\u0101nik, Fahd", "parallel_access_point": ["\\u0641\\u0627\\u0646\\u0643\\u060c \\u0641\\u0647\\u062f"], "authorized_access_point": "F\\u0101nik, Fahd", "md5": "fa4b73ad10a66ab87caead27b247620b", "$schema": "https://mef.rero.ch/schemas/agents_rero/rero-agent-v0.0.1.json"}	1
2026-03-25 19:53:19.237351+00:00	2026-03-25 19:53:19.237351+00:00	5d37befc-99dd-4d81-8747-d246185c2d00	{"pid": "A021918604", "type": "bf:Person", "preferred_name": "Na\\u1e63r, Marsel", "authorized_access_point": "Na\\u1e63r, Marsel", "md5": "5349bb7d207018f0e208ae2878c170fe", "$schema": "https://mef.rero.ch/schemas/agents_rero/rero-agent-v0.0.1.json"}	1
2026-03-25 19:53:19.237375+00:00	2026-03-25 19:53:19.237375+00:00	5ba700c6-24c4-4262-a2dc-68e8b45efd7e	{"pid": "A021921193", "type": "bf:Person", "preferred_name": "Topuridze, Elena Ivanovna", "parallel_access_point": ["\\u0422\\u043e\\u043f\\u0443\\u0440\\u0438\\u0434\\u0437\\u0435, \\u0415\\u043b\\u0435\\u043d\\u0430 \\u0418\\u0432\\u0430\\u043d\\u043e\\u0432\\u043d\\u0430"], "authorized_access_point": "Topuridze, Elena Ivanovna", "md5": "d90ada553369be838dc903925d624dc8", "$schema": "https://mef.rero.ch/schemas/agents_rero/rero-agent-v0.0.1.json"}	1
2026-03-25 19:53:19.237404+00:00	2026-03-25 19:53:19.237404+00:00	52a88338-2b9d-43f2-b5e8-84591b84a541	{"pid": "A021975601", "type": "bf:Person", "preferred_name": "Frances-Claude", "authorized_access_point": "Frances-Claude", "md5": "b214f5521adfc41ca69558bd0d7a2957", "$schema": "https://mef.rero.ch/schemas/agents_rero/rero-agent-v0.0.1.json"}	1
2026-03-25 19:53:19.237427+00:00	2026-03-25 19:53:19.237427+00:00	f9f8b1db-2d58-4cd6-86ec-fbc5cbad8d24	{"pid": "A021988179", "type": "bf:Person", "preferred_name": "Stojczew, Emil", "authorized_access_point": "Stojczew, Emil", "md5": "bc87ff1b606f9312e9003d28e0b66fbb", "$schema": "https://mef.rero.ch/schemas/agents_rero/rero-agent-v0.0.1.json"}	1
2026-03-25 19:53:19.237450+00:00	2026-03-25 19:53:19.237450+00:00	7fc59454-d3c8-4876-bb62-b92d32117e03	{"pid": "A021992182", "type": "bf:Person", "preferred_name": "Fondeville, Richard", "authorized_access_point": "Fondeville, Richard", "biographical_information": ["Dates de vie: 18e s."], "md5": "ce0b35c85f5cf6c4033774b452086396", "$schema": "https://mef.rero.ch/schemas/agents_rero/rero-agent-v0.0.1.json"}	1
2026-03-25 19:53:19.237472+00:00	2026-03-25 19:53:19.237472+00:00	f27c5457-2a5d-49a7-a549-42a99aeeae27	{"pid": "A021995847", "type": "bf:Person", "preferred_name": "Bernecker, Cathy", "authorized_access_point": "Bernecker, Cathy", "md5": "bac5e0c1dac7535c0d405f5ab75f948c", "$schema": "https://mef.rero.ch/schemas/agents_rero/rero-agent-v0.0.1.json"}	1
2026-03-25 19:53:19.237494+00:00	2026-03-25 19:53:19.237494+00:00	82ce3e07-43fa-4538-bfd2-62e734396b5a	{"pid": "A022010442", "type": "bf:Organisation", "conference": false, "preferred_name": "Europ\\u00e4ische Anwaltsvereinigung. Tagung 2012 :", "authorized_access_point": "Europ\\u00e4ische Anwaltsvereinigung. Tagung (46 : 2012 : Lisboa)", "md5": "c4182ed2a74be40f19d1d3b1deb445ef", "$schema": "https://mef.rero.ch/schemas/agents_rero/rero-agent-v0.0.1.json"}	1
2026-03-25 19:53:19.237521+00:00	2026-03-25 19:53:19.237521+00:00	a14cfc3c-99be-48fd-8aac-525233945f2d	{"pid": "A022253194", "type": "bf:Person", "date_of_birth": "1904", "date_of_death": "2000", "preferred_name": "Gielgud, John,", "authorized_access_point": "Gielgud, John, 1904-2000", "md5": "336f79904a7574d573d39a2dce23c3b7", "$schema": "https://mef.rero.ch/schemas/agents_rero/rero-agent-v0.0.1.json"}	1
2026-03-25 19:53:19.237544+00:00	2026-03-25 19:53:19.237544+00:00	12617594-7f66-4811-8695-d9ac68b1df29	{"pid": "A022261345", "type": "bf:Person", "date_of_birth": "1980", "preferred_name": "Grosser, Florian,", "authorized_access_point": "Grosser, Florian, 1980-", "md5": "3e0b27f89e37bb66c3a954e914813e7c", "$schema": "https://mef.rero.ch/schemas/agents_rero/rero-agent-v0.0.1.json"}	1
2026-03-25 19:53:19.237566+00:00	2026-03-25 19:53:19.237566+00:00	b563c9cf-93da-4b36-a0bd-e92de087d2fe	{"pid": "A022263478", "type": "bf:Person", "preferred_name": "Krasi\\u0144ski, Franciszek", "authorized_access_point": "Krasi\\u0144ski, Franciszek", "md5": "ddc4c01804e2dbe47625e8a473b73ee6", "$schema": "https://mef.rero.ch/schemas/agents_rero/rero-agent-v0.0.1.json"}	1
2026-03-25 19:53:19.237588+00:00	2026-03-25 19:53:19.237588+00:00	ad9819f2-a5dd-42db-bd91-8e2256fee802	{"pid": "A022416217", "type": "bf:Organisation", "conference": true, "preferred_name": "Coordination 2010 2010 :", "authorized_access_point": "Coordination 2010 (12 : 2010 : Amsterdam)", "md5": "2bd7be1deb4ce159adad274fca2ddacb", "$schema": "https://mef.rero.ch/schemas/agents_rero/rero-agent-v0.0.1.json"}	1
2026-03-25 19:53:19.237611+00:00	2026-03-25 19:53:19.237611+00:00	ef0f035e-42d3-4d63-82b8-a9ffeea0a047	{"pid": "A022476006", "type": "bf:Organisation", "conference": true, "preferred_name": "Exposition internationale (1876 :", "authorized_access_point": "Exposition internationale (1876 : Philadelphia). Section suisse", "md5": "0b0c79972d0e283051efcc1e1894ac32", "$schema": "https://mef.rero.ch/schemas/agents_rero/rero-agent-v0.0.1.json"}	1
2026-03-25 19:53:19.237635+00:00	2026-03-25 19:53:19.237635+00:00	82b2454e-e347-4ed8-91de-9d9ab04c5a2f	{"pid": "A022502492", "type": "bf:Organisation", "conference": false, "preferred_name": "Joe Cuba Sextette", "authorized_access_point": "Joe Cuba Sextette", "md5": "fa38083a675e7d12aa15e6529dd173ed", "$schema": "https://mef.rero.ch/schemas/agents_rero/rero-agent-v0.0.1.json"}	1
2026-03-25 19:53:19.240533+00:00	2026-03-25 19:53:19.240533+00:00	380a5c92-5525-4a41-9b2a-ff43016bbf2f	{"pid": "A022508588", "type": "bf:Person", "preferred_name": "Heierle, Anita", "authorized_access_point": "Heierle, Anita", "md5": "2263832b4758338f7f612259cbcf2882", "$schema": "https://mef.rero.ch/schemas/agents_rero/rero-agent-v0.0.1.json"}	1
2026-03-25 19:53:19.240572+00:00	2026-03-25 19:53:19.240572+00:00	7aa9db16-ccbb-42c1-9d76-cb7700fd339a	{"pid": "A022508598", "type": "bf:Person", "preferred_name": "Tambor, Joseph", "authorized_access_point": "Tambor, Joseph", "md5": "f59217a08968f0b08276e2cc0f931d7d", "$schema": "https://mef.rero.ch/schemas/agents_rero/rero-agent-v0.0.1.json"}	1
2026-03-25 19:53:19.240595+00:00	2026-03-25 19:53:19.240595+00:00	693c2fd1-3641-47ed-9d0f-5a764ddade0b	{"pid": "A022512216", "type": "bf:Person", "preferred_name": "Pham, Diane", "authorized_access_point": "Pham, Diane", "md5": "c0efc7e77ed846c476b5e8ba9e757d26", "$schema": "https://mef.rero.ch/schemas/agents_rero/rero-agent-v0.0.1.json"}	1
2026-03-25 19:53:19.240620+00:00	2026-03-25 19:53:19.240620+00:00	f6aab9f3-1c17-41fa-9eb6-823a58eb3474	{"pid": "A022533394", "type": "bf:Person", "preferred_name": "Reimer, Vera", "authorized_access_point": "Reimer, Vera", "md5": "fd1167faf5a17aeb28f17e24e661a765", "$schema": "https://mef.rero.ch/schemas/agents_rero/rero-agent-v0.0.1.json"}	1
2026-03-25 19:53:19.240642+00:00	2026-03-25 19:53:19.240642+00:00	6b2231cc-70d9-4b32-88a4-546f93fae7ca	{"pid": "A022545173", "type": "bf:Person", "preferred_name": "Avenell, Simon Andrew", "authorized_access_point": "Avenell, Simon Andrew", "md5": "746d2f141347892489dd43dc40b3389c", "$schema": "https://mef.rero.ch/schemas/agents_rero/rero-agent-v0.0.1.json"}	1
2026-03-25 19:53:19.240664+00:00	2026-03-25 19:53:19.240664+00:00	89e4e500-d0fe-4192-9795-accf2603fb01	{"pid": "A022553969", "type": "bf:Person", "preferred_name": "Paquet, Fran\\u00e7ois", "authorized_access_point": "Paquet, Fran\\u00e7ois", "md5": "c645ca75f4fd90e85d1434e2bf231a15", "$schema": "https://mef.rero.ch/schemas/agents_rero/rero-agent-v0.0.1.json"}	1
2026-03-25 19:53:19.240686+00:00	2026-03-25 19:53:19.240686+00:00	94996445-7c67-43b7-bb64-5ff7166ce63f	{"pid": "A022563739", "type": "bf:Person", "preferred_name": "Meyer, Lia", "authorized_access_point": "Meyer, Lia", "md5": "b14c91b0a6423c7ba455186c5efc4809", "$schema": "https://mef.rero.ch/schemas/agents_rero/rero-agent-v0.0.1.json"}	1
2026-03-25 19:53:19.240709+00:00	2026-03-25 19:53:19.240709+00:00	7f9e711b-dea7-42ff-8294-dd614f44654b	{"pid": "A022609222", "type": "bf:Organisation", "conference": false, "preferred_name": "Kl\\u00e1\\u0161ter Nov\\u00fd Dv\\u016fr", "authorized_access_point": "Kl\\u00e1\\u0161ter Nov\\u00fd Dv\\u016fr", "md5": "318de29629a41b3cc19fedc287346053", "$schema": "https://mef.rero.ch/schemas/agents_rero/rero-agent-v0.0.1.json"}	1
2026-03-25 19:53:19.240731+00:00	2026-03-25 19:53:19.240731+00:00	0f833b68-7e18-4806-8198-78acb23d4cbc	{"pid": "A022669691", "type": "bf:Person", "preferred_name": "Toisol, J", "authorized_access_point": "Toisol, J", "md5": "c4cb829159b61ece6f881f79858127b9", "$schema": "https://mef.rero.ch/schemas/agents_rero/rero-agent-v0.0.1.json"}	1
2026-03-25 19:53:19.240753+00:00	2026-03-25 19:53:19.240753+00:00	5cf88eff-6129-4a64-a69a-ee2a668564fc	{"pid": "A022727201", "type": "bf:Person", "preferred_name": "Nidermeyr, Marcus", "authorized_access_point": "Nidermeyr, Marcus", "md5": "90b6eb51d45884cb69362edf3f3b2c75", "$schema": "https://mef.rero.ch/schemas/agents_rero/rero-agent-v0.0.1.json"}	1
2026-03-25 19:53:19.240776+00:00	2026-03-25 19:53:19.240776+00:00	cf7e4c62-3de6-4393-af1c-fe156e2d0e59	{"pid": "A022728227", "type": "bf:Organisation", "conference": false, "preferred_name": "Wiltener S\\u00e4ngerknaben", "authorized_access_point": "Wiltener S\\u00e4ngerknaben", "md5": "01c463563ead4353c50f3222750bf430", "$schema": "https://mef.rero.ch/schemas/agents_rero/rero-agent-v0.0.1.json"}	1
2026-03-25 19:53:19.240799+00:00	2026-03-25 19:53:19.240799+00:00	6743c74e-a8dc-4932-9098-f0aa898e4527	{"pid": "A022750943", "type": "bf:Person", "preferred_name": "Theimer, Uwe", "authorized_access_point": "Theimer, Uwe", "md5": "fa2a2696ba47e0f12d3c5c86bbcacfbe", "$schema": "https://mef.rero.ch/schemas/agents_rero/rero-agent-v0.0.1.json"}	1
2026-03-25 19:53:19.240822+00:00	2026-03-25 19:53:19.240822+00:00	de07623b-0ed8-4eb8-8127-e0922a96654a	{"pid": "A022755606", "type": "bf:Organisation", "conference": false, "preferred_name": "Trio d'anches Ren\\u00e9 Daraux", "authorized_access_point": "Trio d'anches Ren\\u00e9 Daraux", "md5": "b1f2c6c07cfe5ab6e5eab500db02c8fa", "$schema": "https://mef.rero.ch/schemas/agents_rero/rero-agent-v0.0.1.json"}	1
2026-03-25 19:53:19.240844+00:00	2026-03-25 19:53:19.240844+00:00	53511d1f-840d-4e55-a17c-ebd121fbf275	{"pid": "A022762257", "type": "bf:Person", "preferred_name": "Iovanovich, Zhivoin", "authorized_access_point": "Iovanovich, Zhivoin", "md5": "071e5e6a694e78f01f28a258c846764e", "$schema": "https://mef.rero.ch/schemas/agents_rero/rero-agent-v0.0.1.json"}	1
2026-03-25 19:53:19.240866+00:00	2026-03-25 19:53:19.240866+00:00	d9304dd5-84fe-4aad-b719-bbba5c6b5ac0	{"pid": "A022774320", "type": "bf:Person", "preferred_name": "Love-Trade, Jack", "authorized_access_point": "Love-Trade, Jack", "md5": "4564f69cd178b67cd4ca71828c324b3f", "$schema": "https://mef.rero.ch/schemas/agents_rero/rero-agent-v0.0.1.json"}	1
2026-03-25 19:53:19.240889+00:00	2026-03-25 19:53:19.240889+00:00	87274ae3-a558-423e-aacd-61796a03a756	{"pid": "A022779592", "type": "bf:Person", "date_of_birth": "?", "date_of_death": "1718", "preferred_name": "ONeal, Daniel,", "authorized_access_point": "ONeal, Daniel, ?-1718", "md5": "f39b5380c4b7e6512e3db7830d201e32", "$schema": "https://mef.rero.ch/schemas/agents_rero/rero-agent-v0.0.1.json"}	1
2026-03-25 19:53:19.240912+00:00	2026-03-25 19:53:19.240912+00:00	bfdbaed6-83d1-4145-be4e-8edf3c6e3b7c	{"pid": "A022780159", "type": "bf:Person", "date_of_birth": "1740", "date_of_death": "1828", "preferred_name": "Oriel, John Foster,", "authorized_access_point": "Oriel, John Foster, 1740-1828", "md5": "6b03a9c0bb54e2b2e43f8ed76c505c04", "$schema": "https://mef.rero.ch/schemas/agents_rero/rero-agent-v0.0.1.json"}	1
2026-03-25 19:53:19.240935+00:00	2026-03-25 19:53:19.240935+00:00	fa1a2bee-dc30-4c3d-9b17-4b4bd4caa150	{"pid": "A022784340", "type": "bf:Person", "preferred_name": "D. M", "authorized_access_point": "D. M", "md5": "97e7bcd1f85deb8016712c9fb1998ea1", "$schema": "https://mef.rero.ch/schemas/agents_rero/rero-agent-v0.0.1.json"}	1
2026-03-25 19:53:19.240956+00:00	2026-03-25 19:53:19.240956+00:00	c9769336-2c2f-4a81-86d9-9398f70f615a	{"pid": "A022788140", "type": "bf:Person", "preferred_name": "A. Z", "authorized_access_point": "A. Z", "md5": "c6a723473493334c7cedf9f7c24b8feb", "$schema": "https://mef.rero.ch/schemas/agents_rero/rero-agent-v0.0.1.json"}	1
2026-03-25 19:53:19.240988+00:00	2026-03-25 19:53:19.240988+00:00	f5eb7af9-a0a7-4eb8-91de-b41258c97cf0	{"pid": "A022802138", "type": "bf:Person", "qualifier": "of Nuthill", "preferred_name": "Thomson, William, of Nuthill", "authorized_access_point": "Thomson, William, of Nuthill", "md5": "5766a35f7748fc4c16b8260a6a71b615", "$schema": "https://mef.rero.ch/schemas/agents_rero/rero-agent-v0.0.1.json"}	1
2026-03-25 19:53:19.241011+00:00	2026-03-25 19:53:19.241011+00:00	f1db2dc4-0828-4852-bfeb-792d72a0595d	{"pid": "A022802695", "type": "bf:Person", "preferred_name": "Layman of the established Church", "authorized_access_point": "Layman of the established Church", "md5": "77c1048892bfc269a791aebe6373c8e3", "$schema": "https://mef.rero.ch/schemas/agents_rero/rero-agent-v0.0.1.json"}	1
2026-03-25 19:53:19.241033+00:00	2026-03-25 19:53:19.241033+00:00	a11c7d12-4cbc-4d79-b511-fdf49d64b011	{"pid": "A022817751", "type": "bf:Person", "qualifier": "M", "preferred_name": "Hayman, John, M", "authorized_access_point": "Hayman, John, M", "md5": "0bf8a27da9116a257b6df534ba09c233", "$schema": "https://mef.rero.ch/schemas/agents_rero/rero-agent-v0.0.1.json"}	1
2026-03-25 19:53:19.241056+00:00	2026-03-25 19:53:19.241056+00:00	54eaabfe-9727-4318-9c1f-9802e157283d	{"pid": "A022823883", "type": "bf:Person", "preferred_name": "Maclane, Donald", "authorized_access_point": "Maclane, Donald", "md5": "d82362cef8c387fffc2455a4ebb1dd47", "$schema": "https://mef.rero.ch/schemas/agents_rero/rero-agent-v0.0.1.json"}	1
2026-03-25 19:53:19.241081+00:00	2026-03-25 19:53:19.241081+00:00	df299c6e-fdbe-41cd-bb61-f096bd4a0270	{"pid": "A022833947", "type": "bf:Person", "preferred_name": "Aird, Joannes", "authorized_access_point": "Aird, Joannes", "md5": "17711ee10b251ca42607e291068b40dc", "$schema": "https://mef.rero.ch/schemas/agents_rero/rero-agent-v0.0.1.json"}	1
2026-03-25 19:53:19.241104+00:00	2026-03-25 19:53:19.241104+00:00	f3bc7d46-5d8c-4ac7-a7a3-302dedfb8524	{"pid": "A022844215", "type": "bf:Person", "date_of_birth": "1705", "date_of_death": "1780", "preferred_name": "Elliot, Nathaniel,", "authorized_access_point": "Elliot, Nathaniel, 1705-1780", "md5": "2eaca8cee22f69751e5556484027fc67", "$schema": "https://mef.rero.ch/schemas/agents_rero/rero-agent-v0.0.1.json"}	1
2026-03-25 19:53:19.241128+00:00	2026-03-25 19:53:19.241128+00:00	87139d81-f08f-4ef7-a4a9-f094d9e9b4fd	{"pid": "A022850968", "type": "bf:Person", "date_of_birth": "1725", "date_of_death": "1794", "preferred_name": "Reader, Thomas,", "authorized_access_point": "Reader, Thomas, 1725-1794", "md5": "f945fecafdaedef5516fdb62fc75346a", "$schema": "https://mef.rero.ch/schemas/agents_rero/rero-agent-v0.0.1.json"}	1
2026-03-25 19:53:19.241152+00:00	2026-03-25 19:53:19.241152+00:00	f09dd662-98df-41b2-b4dd-e94238fd4e28	{"pid": "A022851528", "type": "bf:Organisation", "conference": false, "preferred_name": "Committee of Association of the County of York", "authorized_access_point": "Committee of Association of the County of York", "md5": "8eacd8f81d4b0b7c9a07e48ffaab59fd", "$schema": "https://mef.rero.ch/schemas/agents_rero/rero-agent-v0.0.1.json"}	1
2026-03-25 19:53:19.241175+00:00	2026-03-25 19:53:19.241175+00:00	42774524-7491-49d6-8213-7977b3e0881d	{"pid": "A022851951", "type": "bf:Organisation", "conference": false, "preferred_name": "Warren (Perfumers : London, England)", "authorized_access_point": "Warren (Perfumers : London, England)", "md5": "41ec01adf18857ba1d8aa64edf4fbf2b", "$schema": "https://mef.rero.ch/schemas/agents_rero/rero-agent-v0.0.1.json"}	1
2026-03-25 19:53:19.241198+00:00	2026-03-25 19:53:19.241198+00:00	2ee6a754-fb65-4b08-ac80-4a716dd7079d	{"pid": "A022877330", "type": "bf:Organisation", "conference": false, "preferred_name": "William Otridge and Son", "authorized_access_point": "William Otridge and Son", "md5": "fa2d471676824daca01bc56d05154282", "$schema": "https://mef.rero.ch/schemas/agents_rero/rero-agent-v0.0.1.json"}	1
2026-03-25 19:53:19.241221+00:00	2026-03-25 19:53:19.241221+00:00	87d59eb6-8598-4283-9569-6fd9c32d7349	{"pid": "A022879961", "type": "bf:Organisation", "conference": false, "preferred_name": "Great Britain. Royal Army. Fencible Cavalry", "authorized_access_point": "Great Britain. Royal Army. Fencible Cavalry", "md5": "b2ed8910d75d317ae58067e18fab4d0b", "$schema": "https://mef.rero.ch/schemas/agents_rero/rero-agent-v0.0.1.json"}	1
2026-03-25 19:53:19.241244+00:00	2026-03-25 19:53:19.241244+00:00	65d4a9cf-f126-4895-8e09-239e8f683124	{"pid": "A022889884", "type": "bf:Person", "preferred_name": "Sincere Well-wisher to the Commerce and Liberty of Britain", "authorized_access_point": "Sincere Well-wisher to the Commerce and Liberty of Britain", "md5": "65c6ce8d1ab4a708cf8a8ebaecb84464", "$schema": "https://mef.rero.ch/schemas/agents_rero/rero-agent-v0.0.1.json"}	1
2026-03-25 19:53:19.241267+00:00	2026-03-25 19:53:19.241267+00:00	6b2f2705-75c0-430b-978a-d44afe4466a9	{"pid": "A022899841", "type": "bf:Organisation", "conference": false, "preferred_name": "Corporation of the Shipwrights of Redrith", "authorized_access_point": "Corporation of the Shipwrights of Redrith", "md5": "1d63be1995399d53e1ca05b780ee7bc5", "$schema": "https://mef.rero.ch/schemas/agents_rero/rero-agent-v0.0.1.json"}	1
2026-03-25 19:53:19.241291+00:00	2026-03-25 19:53:19.241291+00:00	da133f19-d9d2-4ad8-9507-978176b613ff	{"pid": "A022904210", "type": "bf:Person", "date_of_birth": "?", "date_of_death": "ca. 1817", "preferred_name": "Jenkins, Peter,", "authorized_access_point": "Jenkins, Peter, ?-ca. 1817", "md5": "565cc705d88c968c3ba525ccdb079f0e", "$schema": "https://mef.rero.ch/schemas/agents_rero/rero-agent-v0.0.1.json"}	1
2026-03-25 19:53:19.241314+00:00	2026-03-25 19:53:19.241314+00:00	b3179ebe-2f04-4c52-b04a-2b1772acf64e	{"pid": "A022916519", "type": "bf:Organisation", "conference": false, "preferred_name": "Hackney (London, England)", "authorized_access_point": "Hackney (London, England)", "md5": "f92bcd7f6040c7bcb7ab5a92df2d3c32", "$schema": "https://mef.rero.ch/schemas/agents_rero/rero-agent-v0.0.1.json"}	1
2026-03-25 19:53:19.241336+00:00	2026-03-25 19:53:19.241336+00:00	b33a4b1f-4fb4-4b60-8a28-9af8d0658c0f	{"pid": "A022917527", "type": "bf:Person", "qualifier": "Mme", "preferred_name": "O's., Mme", "authorized_access_point": "O's., Mme", "md5": "d3360920facea597c6f0dcae0892cd4b", "$schema": "https://mef.rero.ch/schemas/agents_rero/rero-agent-v0.0.1.json"}	1
2026-03-25 19:53:19.241358+00:00	2026-03-25 19:53:19.241358+00:00	527bdf31-a9ec-4993-9785-e8776982fc70	{"pid": "A022925286", "type": "bf:Organisation", "conference": false, "preferred_name": "Lavater, Sue, & Co", "authorized_access_point": "Lavater, Sue, & Co", "md5": "28bbb22bfbe1dd823c22a3138b67508c", "$schema": "https://mef.rero.ch/schemas/agents_rero/rero-agent-v0.0.1.json"}	1
2026-03-25 19:53:19.241391+00:00	2026-03-25 19:53:19.241391+00:00	98960ebc-1ff7-418b-bd2b-54f21bf9c7ab	{"pid": "A022944034", "type": "bf:Person", "preferred_name": "Inhabitant and Friend to the Corps", "authorized_access_point": "Inhabitant and Friend to the Corps", "md5": "ffbc551cf84eb55f9b203b09dd917e1f", "$schema": "https://mef.rero.ch/schemas/agents_rero/rero-agent-v0.0.1.json"}	1
2026-03-25 19:53:19.241416+00:00	2026-03-25 19:53:19.241416+00:00	384479cf-9e4e-4822-bee0-53b1d1684ea7	{"pid": "A022959371", "type": "bf:Person", "preferred_name": "One of the Herd", "authorized_access_point": "One of the Herd", "md5": "363e113df903192429ff028155886371", "$schema": "https://mef.rero.ch/schemas/agents_rero/rero-agent-v0.0.1.json"}	1
2026-03-25 19:53:19.241438+00:00	2026-03-25 19:53:19.241438+00:00	9f6315fc-1ad2-4093-ad74-339893472cc7	{"pid": "A022966454", "type": "bf:Person", "date_of_birth": "1765", "date_of_death": "1845", "preferred_name": "Smith, John Cotton,", "authorized_access_point": "Smith, John Cotton, 1765-1845", "md5": "db9fae9119197392d6754f67cf02a542", "$schema": "https://mef.rero.ch/schemas/agents_rero/rero-agent-v0.0.1.json"}	1
2026-03-25 19:53:19.241461+00:00	2026-03-25 19:53:19.241461+00:00	06a331c0-c76c-46a7-99d8-0291cba0a808	{"pid": "A022967536", "type": "bf:Organisation", "conference": false, "preferred_name": "Church in Brattle Square (Boston, Mass.)", "authorized_access_point": "Church in Brattle Square (Boston, Mass.)", "md5": "a73a1892426b76dcba7ccba55383b606", "$schema": "https://mef.rero.ch/schemas/agents_rero/rero-agent-v0.0.1.json"}	1
2026-03-25 19:53:19.241485+00:00	2026-03-25 19:53:19.241485+00:00	cd669fbd-de68-429f-aefd-3fe4795c5b3b	{"pid": "A022968022", "type": "bf:Organisation", "conference": false, "preferred_name": "Litchfield North Association", "authorized_access_point": "Litchfield North Association", "md5": "14fcc2dc602629289be0f751a706ef62", "$schema": "https://mef.rero.ch/schemas/agents_rero/rero-agent-v0.0.1.json"}	1
2026-03-25 19:53:19.241508+00:00	2026-03-25 19:53:19.241508+00:00	e582afa7-5cd4-4e42-a913-b554638fe7f4	{"pid": "A022977898", "type": "bf:Organisation", "conference": true, "preferred_name": "Giornata di studio sul Medioevo 2004 :", "authorized_access_point": "Giornata di studio sul Medioevo (2 : 2004 : Urbino)", "md5": "cfc14dba25a0b882b168829ecbf408cf", "$schema": "https://mef.rero.ch/schemas/agents_rero/rero-agent-v0.0.1.json"}	1
2026-03-25 19:53:19.241530+00:00	2026-03-25 19:53:19.241530+00:00	aa359807-0b6e-469b-95c0-8375ace5db2d	{"pid": "A022983847", "type": "bf:Person", "preferred_name": "Abdolrazzak, Marie", "authorized_access_point": "Abdolrazzak, Marie", "md5": "7be6974d1bd4dfc36cd93a2120f4ba5a", "$schema": "https://mef.rero.ch/schemas/agents_rero/rero-agent-v0.0.1.json"}	1
2026-03-25 19:53:19.241552+00:00	2026-03-25 19:53:19.241552+00:00	61d643a1-5b36-4911-9dd1-731495a63c9b	{"pid": "A022990131", "type": "bf:Person", "preferred_name": "Wedjolo-Akatshi, Marguerite", "authorized_access_point": "Wedjolo-Akatshi, Marguerite", "md5": "15b3978c45c9fd9de2b7106f945bb8f2", "$schema": "https://mef.rero.ch/schemas/agents_rero/rero-agent-v0.0.1.json"}	1
2026-03-25 19:53:19.241574+00:00	2026-03-25 19:53:19.241574+00:00	5c647a06-6666-4d8c-9538-b3f61e23444c	{"pid": "A022997177", "type": "bf:Person", "preferred_name": "Potvin, G\\u00e9rard", "authorized_access_point": "Potvin, G\\u00e9rard", "md5": "e42e3701d06683bf44d4e4ec21e0dab7", "$schema": "https://mef.rero.ch/schemas/agents_rero/rero-agent-v0.0.1.json"}	1
2026-03-25 19:53:19.241596+00:00	2026-03-25 19:53:19.241596+00:00	40bb816f-aa65-4289-8414-e985f4ed7389	{"pid": "A023068067", "type": "bf:Person", "qualifier": "veuve", "preferred_name": "Fournier, Antoine, veuve", "authorized_access_point": "Fournier, Antoine, veuve", "md5": "3d2dbdce0e611e0fd89028b18573ab66", "$schema": "https://mef.rero.ch/schemas/agents_rero/rero-agent-v0.0.1.json"}	1
2026-03-25 19:53:19.241618+00:00	2026-03-25 19:53:19.241618+00:00	5d8e20cc-2e0c-4c9e-9153-55f7353b2a79	{"pid": "A023086196", "type": "bf:Person", "preferred_name": "Rojas Bedoya, Jos\\u00e9 An\\u00edbal", "authorized_access_point": "Rojas Bedoya, Jos\\u00e9 An\\u00edbal", "md5": "6bcdf106213aab5873b9b53cba34aaed", "$schema": "https://mef.rero.ch/schemas/agents_rero/rero-agent-v0.0.1.json"}	1
2026-03-25 19:53:19.241641+00:00	2026-03-25 19:53:19.241641+00:00	10a2df41-7ac0-42d6-87f2-56761af7af22	{"pid": "A023112678", "type": "bf:Organisation", "conference": false, "preferred_name": "Ecomuseo della montagna pistoiese (Rivoreta)", "authorized_access_point": "Ecomuseo della montagna pistoiese (Rivoreta)", "md5": "9462ac1bcba38303d7d19aeb24d24eda", "$schema": "https://mef.rero.ch/schemas/agents_rero/rero-agent-v0.0.1.json"}	1
2026-03-25 19:53:19.241663+00:00	2026-03-25 19:53:19.241663+00:00	b9a4d5e9-5864-4398-afee-014b10b8092d	{"pid": "A023114350", "type": "bf:Person", "date_of_birth": "1965", "preferred_name": "Matthews, Gelien,", "authorized_access_point": "Matthews, Gelien, 1965-", "md5": "d0de94237e5318b338b98dc8972526bf", "$schema": "https://mef.rero.ch/schemas/agents_rero/rero-agent-v0.0.1.json"}	1
2026-03-25 19:53:19.241687+00:00	2026-03-25 19:53:19.241687+00:00	84cb935b-ef6d-4cd4-9221-f04a6ce47b82	{"pid": "A023116130", "type": "bf:Person", "variant_name": ["Agwu, Adibeli Nduka-"], "preferred_name": "Nduka-Agwu, Adibeli", "variant_access_point": ["Agwu, Adibeli Nduka-"], "authorized_access_point": "Nduka-Agwu, Adibeli", "md5": "c929c8a3e0e9086e860ccb0679c49399", "$schema": "https://mef.rero.ch/schemas/agents_rero/rero-agent-v0.0.1.json"}	1
2026-03-25 19:53:19.241710+00:00	2026-03-25 19:53:19.241710+00:00	8fda2357-f6f6-42fa-8370-46890935c577	{"pid": "A023116917", "type": "bf:Person", "preferred_name": "Sagon, Evelyne", "authorized_access_point": "Sagon, Evelyne", "md5": "6fc5699233c4f6db8da1c41421a73a35", "$schema": "https://mef.rero.ch/schemas/agents_rero/rero-agent-v0.0.1.json"}	1
2026-03-25 19:53:19.241733+00:00	2026-03-25 19:53:19.241733+00:00	07b14ada-9df7-4711-8658-9968939da41c	{"pid": "A023154358", "type": "bf:Organisation", "conference": true, "preferred_name": "Colloquia on \\"Sexual Violence as an International Crime: Interdisciplinary Approaches\\" (2009 :", "authorized_access_point": "Colloquia on \\"Sexual Violence as an International Crime: Interdisciplinary Approaches\\" (2009 : Den Haag)", "md5": "ab9136e623ec9eda68a1f71f0ffcc9ef", "$schema": "https://mef.rero.ch/schemas/agents_rero/rero-agent-v0.0.1.json"}	1
2026-03-25 19:53:19.241758+00:00	2026-03-25 19:53:19.241758+00:00	a2304579-7cba-4e4b-87eb-1283f4413477	{"pid": "A023158576", "type": "bf:Person", "preferred_name": "Nazarevski\\u012d, Aleksandr Adrianovich", "parallel_access_point": ["\\u041d\\u0430\\u0437\\u0430\\u0440\\u0435\\u0432\\u0441\\u043a\\u0438\\u0439, \\u0410\\u043b\\u0435\\u043a\\u0441\\u0430\\u043d\\u0434\\u0440 \\u0410\\u0434\\u0440\\u0438\\u0430\\u043d\\u043e\\u0432\\u0438\\u0447"], "authorized_access_point": "Nazarevski\\u012d, Aleksandr Adrianovich", "md5": "beb5832e05f14134a1435837f39c9a65", "$schema": "https://mef.rero.ch/schemas/agents_rero/rero-agent-v0.0.1.json"}	1
2026-03-25 19:53:19.241791+00:00	2026-03-25 19:53:19.241791+00:00	a291e290-5076-45b5-87fc-7fe66bc0da9b	{"pid": "A023166695", "type": "bf:Person", "preferred_name": "Reynolds, Catherine", "authorized_access_point": "Reynolds, Catherine", "md5": "effc690c03f0f98afda0d7830076571e", "$schema": "https://mef.rero.ch/schemas/agents_rero/rero-agent-v0.0.1.json"}	1
2026-03-25 19:53:19.241813+00:00	2026-03-25 19:53:19.241813+00:00	d10f25f9-00eb-4a48-9d05-b3a864ee016c	{"pid": "A023168629", "type": "bf:Person", "preferred_name": "Sipil\\u00e4, Jorma", "authorized_access_point": "Sipil\\u00e4, Jorma", "md5": "396cc48db7bb4735456840414cc7ab44", "$schema": "https://mef.rero.ch/schemas/agents_rero/rero-agent-v0.0.1.json"}	1
2026-03-25 19:53:19.241835+00:00	2026-03-25 19:53:19.241835+00:00	27fbd37a-c8a3-4a78-b843-3c8092ccfcf4	{"pid": "A023182560", "type": "bf:Person", "preferred_name": "Hafner, Elias", "authorized_access_point": "Hafner, Elias", "md5": "2261805e90d4a8ef33ba6e7e0946bfb6", "$schema": "https://mef.rero.ch/schemas/agents_rero/rero-agent-v0.0.1.json"}	1
2026-03-25 19:53:19.241857+00:00	2026-03-25 19:53:19.241857+00:00	ae82159a-36c4-4c4a-9bb5-579690922330	{"pid": "A023188004", "type": "bf:Person", "qualifier": "fr\\u00e8re", "preferred_name": "MichaelDavide, fr\\u00e8re", "authorized_access_point": "MichaelDavide, fr\\u00e8re", "md5": "ace6bdfdee3571d1bbc3ecd5a2b69f59", "$schema": "https://mef.rero.ch/schemas/agents_rero/rero-agent-v0.0.1.json"}	1
2026-03-25 19:53:19.241882+00:00	2026-03-25 19:53:19.241882+00:00	a6255233-44fe-46f8-b14e-94d8391ff726	{"pid": "A023189262", "type": "bf:Person", "date_of_birth": "1970", "preferred_name": "Ye, Xiaobin,", "authorized_access_point": "Ye, Xiaobin, 1970-", "md5": "1d3f72ca99b670dabafcfdc193b59c23", "$schema": "https://mef.rero.ch/schemas/agents_rero/rero-agent-v0.0.1.json"}	1
2026-03-25 19:53:19.241904+00:00	2026-03-25 19:53:19.241904+00:00	29800c1e-5596-435b-85b1-39203bb357f9	{"pid": "A023193920", "type": "bf:Person", "preferred_name": "Mourdon, Jean-Paul", "authorized_access_point": "Mourdon, Jean-Paul", "md5": "9ae15c60f2c69ab9b96f0a65ca86e774", "$schema": "https://mef.rero.ch/schemas/agents_rero/rero-agent-v0.0.1.json"}	1
2026-03-25 19:53:19.241926+00:00	2026-03-25 19:53:19.241926+00:00	bf4d8cef-25a5-4cdc-a209-8c586f411ba0	{"pid": "A023196927", "type": "bf:Person", "preferred_name": "Merminod, Sarah", "authorized_access_point": "Merminod, Sarah", "md5": "1147885022143c89ad16435a200b71e0", "$schema": "https://mef.rero.ch/schemas/agents_rero/rero-agent-v0.0.1.json"}	1
2026-03-25 19:53:19.241948+00:00	2026-03-25 19:53:19.241948+00:00	7220884f-2f96-43be-abd2-ebed982fdb0c	{"pid": "A023205283", "type": "bf:Organisation", "conference": false, "preferred_name": "Gallery of Modern Art (Brisbane)", "authorized_access_point": "Gallery of Modern Art (Brisbane)", "md5": "12ded81be883e9f496df1a966d59c0ec", "$schema": "https://mef.rero.ch/schemas/agents_rero/rero-agent-v0.0.1.json"}	1
2026-03-25 19:53:19.241970+00:00	2026-03-25 19:53:19.241970+00:00	c5a02ae6-848a-41bd-839e-996e520dd3b3	{"pid": "A023227823", "type": "bf:Person", "preferred_name": "Boissy, Jacques", "authorized_access_point": "Boissy, Jacques", "md5": "3e4308382b26a1096bf053a9305426d9", "$schema": "https://mef.rero.ch/schemas/agents_rero/rero-agent-v0.0.1.json"}	1
2026-03-25 19:53:19.241992+00:00	2026-03-25 19:53:19.241992+00:00	08eb84c8-34a4-4c08-b6fc-39e43edc41ea	{"pid": "A023237776", "type": "bf:Person", "preferred_name": "Comberiati, Daniele", "authorized_access_point": "Comberiati, Daniele", "md5": "b80494c724718ce7380bc683c12b38a4", "$schema": "https://mef.rero.ch/schemas/agents_rero/rero-agent-v0.0.1.json"}	1
2026-03-25 19:53:19.242014+00:00	2026-03-25 19:53:19.242014+00:00	d85f547b-cfc6-4d10-bb81-42f507d8026a	{"pid": "A023249408", "type": "bf:Person", "preferred_name": "Stirling, Jeanie", "authorized_access_point": "Stirling, Jeanie", "biographical_information": ["Dates de vie: ?-1884"], "md5": "ad3af4a9801695f5c3157c4bd7b0174b", "$schema": "https://mef.rero.ch/schemas/agents_rero/rero-agent-v0.0.1.json"}	1
2026-03-25 19:53:19.242036+00:00	2026-03-25 19:53:19.242036+00:00	03fe3a6a-c6a7-4ea8-b6e5-6de7302709d3	{"pid": "A023286352", "type": "bf:Person", "preferred_name": "Robles, Gregorio de", "authorized_access_point": "Robles, Gregorio de", "md5": "0372c454f43b731295373259eba21263", "$schema": "https://mef.rero.ch/schemas/agents_rero/rero-agent-v0.0.1.json"}	1
2026-03-25 19:53:19.242065+00:00	2026-03-25 19:53:19.242065+00:00	acf28a5a-bdb6-4765-87bd-13bc49a937c9	{"pid": "A023294886", "type": "bf:Person", "preferred_name": "Zenh\\u00e4usern, Bea", "authorized_access_point": "Zenh\\u00e4usern, Bea", "md5": "97cafaac7ab06d1f3674c3d9ae87fa73", "$schema": "https://mef.rero.ch/schemas/agents_rero/rero-agent-v0.0.1.json"}	1
2026-03-25 19:53:19.242089+00:00	2026-03-25 19:53:19.242089+00:00	1436e2ed-406a-4456-9fcc-851c2ac6c841	{"pid": "A023325251", "type": "bf:Person", "variant_name": ["McCammon, Charles"], "preferred_name": "MacCammon, Charles", "variant_access_point": ["McCammon, Charles"], "authorized_access_point": "MacCammon, Charles", "md5": "6bd72a8531bd16ae5561eff7e9147f6b", "$schema": "https://mef.rero.ch/schemas/agents_rero/rero-agent-v0.0.1.json"}	1
2026-03-25 19:53:19.242111+00:00	2026-03-25 19:53:19.242111+00:00	8c591aea-76e3-47b5-beb5-c245344975f9	{"pid": "A023343244", "type": "bf:Person", "preferred_name": "Angelo, P", "authorized_access_point": "Angelo, P", "md5": "2be36385ef2e1fdb729d2ad6faf7d3a8", "$schema": "https://mef.rero.ch/schemas/agents_rero/rero-agent-v0.0.1.json"}	1
2026-03-25 19:53:19.242133+00:00	2026-03-25 19:53:19.242133+00:00	dc8f1698-35c4-448d-9d46-f5942754fcdf	{"pid": "A023361460", "type": "bf:Person", "preferred_name": "International Folk Art Foundation (Santa Fe)", "authorized_access_point": "International Folk Art Foundation (Santa Fe)", "md5": "78f9fa3fe4ca88feab2c392bfca03561", "$schema": "https://mef.rero.ch/schemas/agents_rero/rero-agent-v0.0.1.json"}	1
2026-03-25 19:53:19.242155+00:00	2026-03-25 19:53:19.242155+00:00	4e989bc8-48f0-4d53-a342-5672000fffc3	{"pid": "A023366781", "type": "bf:Person", "preferred_name": "Nicolas, Georg", "authorized_access_point": "Nicolas, Georg", "md5": "953f75f8a6eefad70fc863109348bba9", "$schema": "https://mef.rero.ch/schemas/agents_rero/rero-agent-v0.0.1.json"}	1
2026-03-25 19:53:19.242177+00:00	2026-03-25 19:53:19.242177+00:00	6101bb11-c197-4584-a5e8-fd2db80db891	{"pid": "A023417604", "type": "bf:Organisation", "conference": false, "preferred_name": "Universit\\u00e9 de Paris 13. Colloque (2010 :", "authorized_access_point": "Universit\\u00e9 de Paris 13. Colloque (2010 : Paris)", "md5": "e1e673a76790137168031f4643b2007b", "$schema": "https://mef.rero.ch/schemas/agents_rero/rero-agent-v0.0.1.json"}	1
2026-03-25 19:53:19.242208+00:00	2026-03-25 19:53:19.242208+00:00	045eb52a-a554-4ba1-b25e-42df249b75eb	{"pid": "A023417887", "type": "bf:Person", "preferred_name": "Rebisant, G\\u00fcnther R", "authorized_access_point": "Rebisant, G\\u00fcnther R", "md5": "3a99c2b769afa838108b9416d39c21e0", "$schema": "https://mef.rero.ch/schemas/agents_rero/rero-agent-v0.0.1.json"}	1
2026-03-25 19:53:19.242230+00:00	2026-03-25 19:53:19.242230+00:00	332259cd-35b6-4607-89d2-6c99b3b23854	{"pid": "A023419144", "type": "bf:Person", "preferred_name": "Marie, St\\u00e9phanie", "authorized_access_point": "Marie, St\\u00e9phanie", "md5": "3bf5f40a04b77a93b1c6196f37e88c2e", "$schema": "https://mef.rero.ch/schemas/agents_rero/rero-agent-v0.0.1.json"}	1
2026-03-25 19:53:19.242252+00:00	2026-03-25 19:53:19.242252+00:00	62efd6d8-c6aa-4066-a174-c0b7b226942d	{"pid": "A023422393", "type": "bf:Organisation", "conference": false, "preferred_name": "Milan-Club (Neuch\\u00e2tel)", "authorized_access_point": "Milan-Club (Neuch\\u00e2tel)", "md5": "267aaec46b703f740e426be73576a49a", "$schema": "https://mef.rero.ch/schemas/agents_rero/rero-agent-v0.0.1.json"}	1
2026-03-25 19:53:19.242277+00:00	2026-03-25 19:53:19.242277+00:00	80c72e1b-857d-4f9d-a7fe-08a4a09b56ea	{"pid": "A023425677", "type": "bf:Person", "variant_name": ["Masahiro, Eguchi,"], "date_of_birth": "1930", "preferred_name": "Eguchi, Masahiro,", "variant_access_point": ["Masahiro, Eguchi, 1930-"], "parallel_access_point": ["\\u6c5f\\u53e3\\u6b63\\u5f18, 1930-"], "authorized_access_point": "Eguchi, Masahiro, 1930-", "md5": "41f8bd8279e311503492957a00bdd330", "$schema": "https://mef.rero.ch/schemas/agents_rero/rero-agent-v0.0.1.json"}	1
2026-03-25 19:53:19.242308+00:00	2026-03-25 19:53:19.242308+00:00	84b5e67f-9042-4dd7-a522-1f560da65de8	{"pid": "A023432176", "type": "bf:Person", "variant_name": ["Garayoa, Jesu\\u0301s Ma. Usuna\\u0301riz", "Usuna\\u0301riz, Jesu\\u0301s Ma."], "date_of_birth": "1964", "preferred_name": "Usun\\u00e1riz Garayoa, Jes\\u00fas Ma.", "variant_access_point": ["Garayoa, Jesu\\u0301s Ma. Usuna\\u0301riz (Jesu\\u0301s Mari\\u0301a Usuna\\u0301riz), 1964-", "Usuna\\u0301riz, Jesu\\u0301s Ma. (Jesu\\u0301s Mari\\u0301a), 1964-"], "authorized_access_point": "Usun\\u00e1riz Garayoa, Jes\\u00fas Ma. (Jes\\u00fas Mar\\u00eda), 1964-", "md5": "1535b127cedbac81857f3db81fc03c3d", "$schema": "https://mef.rero.ch/schemas/agents_rero/rero-agent-v0.0.1.json"}	1
2026-03-25 19:53:19.242338+00:00	2026-03-25 19:53:19.242338+00:00	471471e3-2a49-4cab-8040-595bf3672285	{"pid": "A023438761", "type": "bf:Person", "qualifier": "do Assare\\u0301", "variant_name": ["Assare\\u0301, Patativa do", "Cipau\\u0301ba, Alberto", "Da Silva, Ant\\u00f4nio Gonc\\u0327alves", "Do Assare\\u0301, Patativa", "Gonc\\u0327alves da Silva, Ant\\u00f4nio", "Silva, Ant\\u00f4nio Gonc\\u0327alves da"], "preferred_name": "Patativa, do Assare\\u0301", "variant_access_point": ["Assare\\u0301, Patativa do", "Cipau\\u0301ba, Alberto", "Da Silva, Ant\\u00f4nio Gonc\\u0327alves", "Do Assare\\u0301, Patativa", "Gonc\\u0327alves da Silva, Ant\\u00f4nio", "Silva, Ant\\u00f4nio Gonc\\u0327alves da"], "authorized_access_point": "Patativa, do Assare\\u0301", "md5": "65e7cb75a8872c10c321500cde1a6969", "$schema": "https://mef.rero.ch/schemas/agents_rero/rero-agent-v0.0.1.json"}	1
2026-03-25 19:53:19.242434+00:00	2026-03-25 19:53:19.242434+00:00	cd2d19b2-f20e-4cd0-81ed-8c4ebafc1ac1	{"pid": "A023440649", "type": "bf:Organisation", "conference": false, "preferred_name": "Conf\\u00e9rence europ\\u00e9enne pour la promotion de la sant\\u00e9 en prison 2012 :", "authorized_access_point": "Conf\\u00e9rence europ\\u00e9enne pour la promotion de la sant\\u00e9 en prison (6 : 2012 : Gen\\u00e8ve)", "md5": "6d17110e1c1caba2889bf7beb472abef", "$schema": "https://mef.rero.ch/schemas/agents_rero/rero-agent-v0.0.1.json"}	1
2026-03-25 19:53:19.243006+00:00	2026-03-25 19:53:19.243006+00:00	ac3e05dd-13e8-4f7a-a5f3-43c3ebeec7c8	{"pid": "A023442924", "type": "bf:Organisation", "conference": false, "preferred_name": "Missione archeologica italiana a Hierapolis di Frigia", "authorized_access_point": "Missione archeologica italiana a Hierapolis di Frigia", "md5": "10cf3e3a8cdd1fb27f9c07c65d68f732", "$schema": "https://mef.rero.ch/schemas/agents_rero/rero-agent-v0.0.1.json"}	1
2026-03-25 19:53:19.243033+00:00	2026-03-25 19:53:19.243033+00:00	497634eb-a271-4fae-80ba-b1d69646e9ff	{"pid": "A023452640", "type": "bf:Person", "preferred_name": "Delley, Jean-Louis", "authorized_access_point": "Delley, Jean-Louis", "md5": "ae1969d6d11e01b2f0258d3f767b91f9", "$schema": "https://mef.rero.ch/schemas/agents_rero/rero-agent-v0.0.1.json"}	1
2026-03-25 19:53:19.243058+00:00	2026-03-25 19:53:19.243058+00:00	800da118-c6fa-4a10-99fd-4bdd1684911b	{"pid": "A023455691", "type": "bf:Organisation", "conference": false, "preferred_name": "Galerie des artistes (La C\\u00f4te-aux-F\\u00e9es)", "authorized_access_point": "Galerie des artistes (La C\\u00f4te-aux-F\\u00e9es)", "md5": "5759157be37ecccafd91cb922be8befd", "$schema": "https://mef.rero.ch/schemas/agents_rero/rero-agent-v0.0.1.json"}	1
2026-03-25 19:53:19.243082+00:00	2026-03-25 19:53:19.243082+00:00	6d04015f-775f-40ee-b08f-99d126cda43f	{"pid": "A023474915", "type": "bf:Person", "qualifier": "Mme", "preferred_name": "Guiguer, Auguste, Mme", "authorized_access_point": "Guiguer, Auguste, Mme", "md5": "59c063bab1e506682a390db37e052eb7", "$schema": "https://mef.rero.ch/schemas/agents_rero/rero-agent-v0.0.1.json"}	1
2026-03-25 19:53:19.243106+00:00	2026-03-25 19:53:19.243106+00:00	826bfed4-0461-4daf-9cd8-5e8d01eb538d	{"pid": "A023516300", "type": "bf:Person", "preferred_name": "Sierro, Jean-Willy", "authorized_access_point": "Sierro, Jean-Willy", "md5": "e96180869863f480060932a3630ce068", "$schema": "https://mef.rero.ch/schemas/agents_rero/rero-agent-v0.0.1.json"}	1
2026-03-25 19:53:19.243128+00:00	2026-03-25 19:53:19.243128+00:00	d292c063-69b0-490d-9a2e-f6b84dd8100b	{"pid": "A023516798", "type": "bf:Person", "preferred_name": "Calame, Numa", "authorized_access_point": "Calame, Numa", "md5": "ae084a9010ff418b47de37bd1f8f1135", "$schema": "https://mef.rero.ch/schemas/agents_rero/rero-agent-v0.0.1.json"}	1
2026-03-25 19:53:19.243150+00:00	2026-03-25 19:53:19.243150+00:00	7d9119e3-9f51-4485-b6e7-851c127a2d05	{"pid": "A023520416", "type": "bf:Person", "preferred_name": "Absenger, Wolfgang", "authorized_access_point": "Absenger, Wolfgang", "md5": "3ddff26892bf602d9e404a316141e2b2", "$schema": "https://mef.rero.ch/schemas/agents_rero/rero-agent-v0.0.1.json"}	1
2026-03-25 19:53:19.243172+00:00	2026-03-25 19:53:19.243172+00:00	f2a00eac-5ddf-4887-892e-ab5ff39510cc	{"pid": "A023524669", "type": "bf:Person", "preferred_name": "Geierhaas, Gustav", "authorized_access_point": "Geierhaas, Gustav", "md5": "932e9d23c5bf2f78b0455b6966f8298a", "$schema": "https://mef.rero.ch/schemas/agents_rero/rero-agent-v0.0.1.json"}	1
2026-03-25 19:53:19.243211+00:00	2026-03-25 19:53:19.243211+00:00	2bbdfa32-e12a-4378-aad6-00673dfb2d3a	{"pid": "A023533143", "type": "bf:Person", "preferred_name": "Niesbach, Jutta", "authorized_access_point": "Niesbach, Jutta", "md5": "f56a51d12bfa6e9fe7ed2a175bb76d95", "$schema": "https://mef.rero.ch/schemas/agents_rero/rero-agent-v0.0.1.json"}	1
2026-03-25 19:53:19.243234+00:00	2026-03-25 19:53:19.243234+00:00	5cfc2f11-ff25-4082-8b65-16e0459a4249	{"pid": "A023570716", "type": "bf:Organisation", "conference": false, "preferred_name": "Bureau Emmenegger", "authorized_access_point": "Bureau Emmenegger", "md5": "283d4814f88fe5202f2e89a94c8f0bea", "$schema": "https://mef.rero.ch/schemas/agents_rero/rero-agent-v0.0.1.json"}	1
2026-03-25 19:53:19.243257+00:00	2026-03-25 19:53:19.243257+00:00	c6af9e16-d915-428a-96bf-47e8c9f5142c	{"pid": "A023604346", "type": "bf:Organisation", "conference": false, "preferred_name": "Universit\\u00e9 de Grenoble 3. Centre d'\\u00e9tude des sensibilit\\u00e9s. Colloque (1980 :", "authorized_access_point": "Universit\\u00e9 de Grenoble 3. Centre d'\\u00e9tude des sensibilit\\u00e9s. Colloque (1980 : Grenoble)", "md5": "91070e22d758b79b5b00a6f453c2a95c", "$schema": "https://mef.rero.ch/schemas/agents_rero/rero-agent-v0.0.1.json"}	1
2026-03-25 19:53:19.243281+00:00	2026-03-25 19:53:19.243281+00:00	699968c3-44a1-42e1-a8e1-1a809dcbe8dc	{"pid": "A023605931", "type": "bf:Organisation", "conference": false, "preferred_name": "Galerie Laeubli (Z\\u00fcrich)", "authorized_access_point": "Galerie Laeubli (Z\\u00fcrich)", "md5": "2603ab695ce994a6fa4bd9c2e7944590", "$schema": "https://mef.rero.ch/schemas/agents_rero/rero-agent-v0.0.1.json"}	1
2026-03-25 19:53:19.243305+00:00	2026-03-25 19:53:19.243305+00:00	e0e8ce9f-b935-47b0-ab0d-695d574b95ee	{"pid": "A023608022", "type": "bf:Person", "preferred_name": "Constantin Weber, Carl", "authorized_access_point": "Constantin Weber, Carl", "biographical_information": ["Dates de vie: 1966-"], "md5": "1562f54e7d13d574bc40b1390e357d83", "$schema": "https://mef.rero.ch/schemas/agents_rero/rero-agent-v0.0.1.json"}	1
2026-03-25 19:53:19.243328+00:00	2026-03-25 19:53:19.243328+00:00	13ae4c57-dca4-4f97-8a99-ec32d4d3bcf3	{"pid": "A023613346", "type": "bf:Person", "date_of_birth": "1975", "preferred_name": "Alemazung, Joy Asongazoh,", "authorized_access_point": "Alemazung, Joy Asongazoh, 1975-", "md5": "575fe860bc7823fe33fc1bf8a7a47f75", "$schema": "https://mef.rero.ch/schemas/agents_rero/rero-agent-v0.0.1.json"}	1
2026-03-25 19:53:19.243350+00:00	2026-03-25 19:53:19.243350+00:00	80b1b2d6-650e-43c4-a21c-8c8c2133c3d6	{"pid": "A023626167", "type": "bf:Person", "preferred_name": "G\\u00f3ralewska, Gra\\u017cyna", "authorized_access_point": "G\\u00f3ralewska, Gra\\u017cyna", "md5": "31bdba1bececcdd58eb7065ddbbc0a2d", "$schema": "https://mef.rero.ch/schemas/agents_rero/rero-agent-v0.0.1.json"}	1
2026-03-25 19:53:19.243373+00:00	2026-03-25 19:53:19.243373+00:00	f4ef7a2a-8ee9-4345-aa2f-d63347b6b02d	{"pid": "A023644947", "type": "bf:Person", "preferred_name": "Boureau, Antoine", "authorized_access_point": "Boureau, Antoine", "md5": "5dfa7fb7c8bf2d12bdb36a4914f76e35", "$schema": "https://mef.rero.ch/schemas/agents_rero/rero-agent-v0.0.1.json"}	1
2026-03-25 19:53:19.243395+00:00	2026-03-25 19:53:19.243395+00:00	02d8970a-7b8a-46c5-a972-2d55e632618e	{"pid": "A023655893", "type": "bf:Person", "preferred_name": "Grabner, Melanie", "authorized_access_point": "Grabner, Melanie", "md5": "334db5ea9739b8797028506daedda231", "$schema": "https://mef.rero.ch/schemas/agents_rero/rero-agent-v0.0.1.json"}	1
2026-03-25 19:53:19.243417+00:00	2026-03-25 19:53:19.243417+00:00	edddaced-7380-4c76-8202-adc6046ae212	{"pid": "A023668772", "type": "bf:Person", "preferred_name": "Micha\\u0142ek, Andrzej", "authorized_access_point": "Micha\\u0142ek, Andrzej", "md5": "c547f010da4aa5b4c98c3f369f34750e", "$schema": "https://mef.rero.ch/schemas/agents_rero/rero-agent-v0.0.1.json"}	1
2026-03-25 19:53:19.243439+00:00	2026-03-25 19:53:19.243439+00:00	ad0b2102-750a-4ba5-9ec7-e768b42570c1	{"pid": "A023690762", "type": "bf:Person", "preferred_name": "Wertel, Hans Peter", "authorized_access_point": "Wertel, Hans Peter", "md5": "4f441eb2977ada7728a56668c348444e", "$schema": "https://mef.rero.ch/schemas/agents_rero/rero-agent-v0.0.1.json"}	1
2026-03-25 19:53:19.243461+00:00	2026-03-25 19:53:19.243461+00:00	4d7f1df3-2863-4189-ba4c-288c3eae364e	{"pid": "A023693839", "type": "bf:Person", "preferred_name": "Rotta, Julius C", "authorized_access_point": "Rotta, Julius C", "md5": "6200cc44c46f0475f2fb090ede32f2e0", "$schema": "https://mef.rero.ch/schemas/agents_rero/rero-agent-v0.0.1.json"}	1
2026-03-25 19:53:19.243482+00:00	2026-03-25 19:53:19.243482+00:00	8827a682-6f23-498e-8b2d-9f17568fbe1b	{"pid": "A023699946", "type": "bf:Person", "preferred_name": "Saba, C", "authorized_access_point": "Saba, C", "md5": "8d3e6fe04dbfccadb1c52515147c2fc3", "$schema": "https://mef.rero.ch/schemas/agents_rero/rero-agent-v0.0.1.json"}	1
2026-03-25 19:53:19.243504+00:00	2026-03-25 19:53:19.243504+00:00	5b5a69fe-81c3-4172-91d8-f7b924ae03ba	{"pid": "A023700595", "type": "bf:Person", "preferred_name": "Icr\\u00e8s, Fernand", "authorized_access_point": "Icr\\u00e8s, Fernand", "md5": "7d39e16f0ff346f8410aa5e27724ea5b", "$schema": "https://mef.rero.ch/schemas/agents_rero/rero-agent-v0.0.1.json"}	1
2026-03-25 19:53:19.243526+00:00	2026-03-25 19:53:19.243526+00:00	1a1d34fb-b6a4-42b4-94ea-9221499b2828	{"pid": "A023701973", "type": "bf:Organisation", "conference": false, "preferred_name": "Konstanzer Arbeitskreis f\\u00fcr Sportrecht. Herbsttagung (2011 :", "authorized_access_point": "Konstanzer Arbeitskreis f\\u00fcr Sportrecht. Herbsttagung (2011 : Gottlieben)", "md5": "a4e75ef527805ab5a6ce03b946ac9df6", "$schema": "https://mef.rero.ch/schemas/agents_rero/rero-agent-v0.0.1.json"}	1
2026-03-25 19:53:19.243549+00:00	2026-03-25 19:53:19.243549+00:00	459371c8-195f-43eb-aac4-d8544041a541	{"pid": "A023712980", "type": "bf:Person", "preferred_name": "Bless, Andr\\u00e9", "authorized_access_point": "Bless, Andr\\u00e9", "md5": "4f140dc18f32d76d4a7b7f5f94013382", "$schema": "https://mef.rero.ch/schemas/agents_rero/rero-agent-v0.0.1.json"}	1
2026-03-25 19:53:19.243572+00:00	2026-03-25 19:53:19.243572+00:00	5391ed25-5724-459e-bda4-292efd84009a	{"pid": "A023720699", "type": "bf:Person", "date_of_birth": "1934", "preferred_name": "Kr\\u00fcger, Renate,", "authorized_access_point": "Kr\\u00fcger, Renate, 1934-", "md5": "ba31a65ca75674b9e02d3f0a9e2e2639", "$schema": "https://mef.rero.ch/schemas/agents_rero/rero-agent-v0.0.1.json"}	1
2026-03-25 19:53:19.243603+00:00	2026-03-25 19:53:19.243603+00:00	05dda602-669e-4606-a21f-007238115dcc	{"pid": "A023741754", "type": "bf:Person", "preferred_name": "Schulenberg, Ulf", "authorized_access_point": "Schulenberg, Ulf", "md5": "0e913b787339bc534ce3b7f3d0b8e3f8", "$schema": "https://mef.rero.ch/schemas/agents_rero/rero-agent-v0.0.1.json"}	1
2026-03-25 19:53:19.243625+00:00	2026-03-25 19:53:19.243625+00:00	a99bd449-8ae9-4f50-b21a-734904dd41ce	{"pid": "A023763587", "type": "bf:Person", "preferred_name": "Lauer, Ottmar", "authorized_access_point": "Lauer, Ottmar", "md5": "f8a26e21242e7c453ea043aec072b515", "$schema": "https://mef.rero.ch/schemas/agents_rero/rero-agent-v0.0.1.json"}	1
2026-03-25 19:53:19.243647+00:00	2026-03-25 19:53:19.243647+00:00	69a4d813-df73-46d0-b836-80ebb973d25a	{"pid": "A023783324", "type": "bf:Person", "preferred_name": "Dufton, A.F", "authorized_access_point": "Dufton, A.F", "md5": "bd8bd5eea49e19338950e951b403424b", "$schema": "https://mef.rero.ch/schemas/agents_rero/rero-agent-v0.0.1.json"}	1
2026-03-25 19:53:19.243669+00:00	2026-03-25 19:53:19.243669+00:00	bdb0d9c5-8984-47a4-acb3-2e7d5de44caa	{"pid": "A023806510", "type": "bf:Organisation", "conference": true, "preferred_name": "Rencontres francophones d'auxologie (1995 :", "authorized_access_point": "Rencontres francophones d'auxologie (1995 : Lyon)", "md5": "d4ec1f147981f65deb62581e7bb7887a", "$schema": "https://mef.rero.ch/schemas/agents_rero/rero-agent-v0.0.1.json"}	1
2026-03-25 19:53:19.243691+00:00	2026-03-25 19:53:19.243691+00:00	9d6e0699-e3ca-46b8-af91-60e43afb3858	{"pid": "A023814163", "type": "bf:Person", "preferred_name": "Bodman, Whitney S", "authorized_access_point": "Bodman, Whitney S", "md5": "40bc955e02391520f3df16e172da64b2", "$schema": "https://mef.rero.ch/schemas/agents_rero/rero-agent-v0.0.1.json"}	1
2026-03-25 19:53:19.243714+00:00	2026-03-25 19:53:19.243714+00:00	4b558f79-c6b0-40d5-9f74-738fdf994fcb	{"pid": "A023822688", "type": "bf:Organisation", "conference": true, "preferred_name": "Congr\\u00e8s national des soci\\u00e9t\\u00e9s savantes 1989 :", "authorized_access_point": "Congr\\u00e8s national des soci\\u00e9t\\u00e9s savantes (114 : 1989 : Paris). Section de g\\u00e9ographie physique et humaine", "md5": "35798939467de6692d3a66acc8fba79c", "$schema": "https://mef.rero.ch/schemas/agents_rero/rero-agent-v0.0.1.json"}	1
2026-03-25 19:53:19.243739+00:00	2026-03-25 19:53:19.243739+00:00	0dd7b762-af8e-4429-94c0-9b74b62728a8	{"pid": "A023822699", "type": "bf:Organisation", "conference": true, "preferred_name": "Congr\\u00e8s national des soci\\u00e9t\\u00e9s savantes 1990 :", "authorized_access_point": "Congr\\u00e8s national des soci\\u00e9t\\u00e9s savantes (115 : 1990 : Avignon). Section des sciences", "md5": "509626ade7d1b4c1d45e509a5cef00e0", "$schema": "https://mef.rero.ch/schemas/agents_rero/rero-agent-v0.0.1.json"}	1
2026-03-25 19:53:19.243763+00:00	2026-03-25 19:53:19.243763+00:00	7ff66a7b-df09-4d3d-ba20-0359687ac7ad	{"pid": "A023822966", "type": "bf:Organisation", "conference": true, "preferred_name": "Congr\\u00e8s national des soci\\u00e9t\\u00e9s savantes 1970 :", "authorized_access_point": "Congr\\u00e8s national des soci\\u00e9t\\u00e9s savantes (95 : 1970 : Reims). Section de philologie et d'histoire jusqu'\\u00e0 1610", "md5": "cafaf60baea29752028db11a6c940b49", "$schema": "https://mef.rero.ch/schemas/agents_rero/rero-agent-v0.0.1.json"}	1
2026-03-25 19:53:19.243786+00:00	2026-03-25 19:53:19.243786+00:00	32d1dad6-ae5e-470d-947a-b10cd9ccad66	{"pid": "A023823517", "type": "bf:Person", "preferred_name": "Grilli, Cesare", "authorized_access_point": "Grilli, Cesare", "md5": "9c74d2ff7af44b964847e695837e3e54", "$schema": "https://mef.rero.ch/schemas/agents_rero/rero-agent-v0.0.1.json"}	1
2026-03-25 19:53:19.243809+00:00	2026-03-25 19:53:19.243809+00:00	507de09e-b4d2-4ddf-9fd0-a07f2d894a5b	{"pid": "A023823557", "type": "bf:Organisation", "conference": true, "preferred_name": "Congr\\u00e8s national des soci\\u00e9t\\u00e9s historiques et scientifiques 1996 :", "authorized_access_point": "Congr\\u00e8s national des soci\\u00e9t\\u00e9s historiques et scientifiques (121 : 1996 : Nice). Commission d'histoire de la R\\u00e9volution fran\\u00e7aise", "md5": "e4d66e060d29215dca78076fde3d427c", "$schema": "https://mef.rero.ch/schemas/agents_rero/rero-agent-v0.0.1.json"}	1
2026-03-25 19:53:19.243832+00:00	2026-03-25 19:53:19.243832+00:00	a23a598a-03ea-49f9-8824-08b9d18bfca1	{"pid": "A023848289", "type": "bf:Person", "qualifier": "musicien", "preferred_name": "Boillat, Alain, musicien", "authorized_access_point": "Boillat, Alain, musicien", "md5": "ac3cf6dbc260fd96bfaaa88e1c8ef554", "$schema": "https://mef.rero.ch/schemas/agents_rero/rero-agent-v0.0.1.json"}	1
2026-03-25 19:53:19.243854+00:00	2026-03-25 19:53:19.243854+00:00	2f23f8e1-a5cf-4356-b533-27d61f36c5f8	{"pid": "A023869329", "type": "bf:Person", "preferred_name": "Fran\\u00e7ois K", "authorized_access_point": "Fran\\u00e7ois K", "md5": "bb2f6c931db43514bd6b556bee261392", "$schema": "https://mef.rero.ch/schemas/agents_rero/rero-agent-v0.0.1.json"}	1
2026-03-25 19:53:19.243876+00:00	2026-03-25 19:53:19.243876+00:00	73274346-0244-4c22-8eaf-626887fa2d69	{"pid": "A023948966", "type": "bf:Person", "preferred_name": "Caloz, Yves", "authorized_access_point": "Caloz, Yves", "md5": "b2fc419ecc3ecc2db3e898ef42431958", "$schema": "https://mef.rero.ch/schemas/agents_rero/rero-agent-v0.0.1.json"}	1
2026-03-25 19:53:19.243898+00:00	2026-03-25 19:53:19.243898+00:00	640bd567-5164-4d7f-80e8-70b29139627f	{"pid": "A023960471", "type": "bf:Person", "date_of_birth": "?", "date_of_death": "1830", "preferred_name": "Dupuy, Pierre,", "authorized_access_point": "Dupuy, Pierre, ?-1830", "md5": "4d68d3e97967fa7254c409470f953f0b", "$schema": "https://mef.rero.ch/schemas/agents_rero/rero-agent-v0.0.1.json"}	1
2026-03-25 19:53:19.243923+00:00	2026-03-25 19:53:19.243923+00:00	75ac64bd-932f-4321-84f6-19e774e00369	{"pid": "A023966957", "type": "bf:Person", "variant_name": ["Ittersum, Martine Julia van,"], "date_of_birth": "1968", "preferred_name": "Van Ittersum, Martine Julia,", "variant_access_point": ["Ittersum, Martine Julia van, 1968-"], "authorized_access_point": "Van Ittersum, Martine Julia, 1968-", "md5": "4bd401dfe83a732ecd77d86ebd801310", "$schema": "https://mef.rero.ch/schemas/agents_rero/rero-agent-v0.0.1.json"}	1
2026-03-25 19:53:19.243946+00:00	2026-03-25 19:53:19.243946+00:00	f86401d3-5eff-4704-bc28-f704233c3f8e	{"pid": "A023969519", "type": "bf:Person", "preferred_name": "Lemos-Pereira, Alice de", "authorized_access_point": "Lemos-Pereira, Alice de", "md5": "82773df38a904297c9f7cd00bcb61507", "$schema": "https://mef.rero.ch/schemas/agents_rero/rero-agent-v0.0.1.json"}	1
2026-03-25 19:53:19.243974+00:00	2026-03-25 19:53:19.243974+00:00	b6a43523-0e9b-4e97-a9bd-faaea1ad8a6f	{"pid": "A023985610", "type": "bf:Person", "preferred_name": "Michotte, D", "authorized_access_point": "Michotte, D", "md5": "4a8499137edb48035a3d6b8f840e8230", "$schema": "https://mef.rero.ch/schemas/agents_rero/rero-agent-v0.0.1.json"}	1
2026-03-25 19:53:19.243996+00:00	2026-03-25 19:53:19.243996+00:00	1d9956ac-2180-4377-86f5-a20e60c1ebef	{"pid": "A023993514", "type": "bf:Person", "preferred_name": "Pottier, Caroline", "authorized_access_point": "Pottier, Caroline", "md5": "7f9f563fbec0bcf4e895dce2fbdf8f47", "$schema": "https://mef.rero.ch/schemas/agents_rero/rero-agent-v0.0.1.json"}	1
2026-03-25 19:53:19.244017+00:00	2026-03-25 19:53:19.244017+00:00	a26545a0-bb40-4f8f-8136-4d55f039cd2a	{"pid": "A023994589", "type": "bf:Person", "preferred_name": "Mach, Paolo", "authorized_access_point": "Mach, Paolo", "md5": "5e780e1d4362292071b8fa93c53530cb", "$schema": "https://mef.rero.ch/schemas/agents_rero/rero-agent-v0.0.1.json"}	1
2026-03-25 19:53:19.244038+00:00	2026-03-25 19:53:19.244038+00:00	cefdf781-8777-4329-afe3-0cef45f6315a	{"pid": "A024017606", "type": "bf:Person", "preferred_name": "Zinger, B", "authorized_access_point": "Zinger, B", "md5": "ecddc92bc146d7eb7202d7a1072c8343", "$schema": "https://mef.rero.ch/schemas/agents_rero/rero-agent-v0.0.1.json"}	1
2026-03-25 19:53:19.244059+00:00	2026-03-25 19:53:19.244059+00:00	80bcea2a-1195-48e7-82e4-c168fc3b5788	{"pid": "A024032635", "type": "bf:Person", "preferred_name": "Grote, Paul Joseph", "authorized_access_point": "Grote, Paul Joseph", "md5": "760bcb297e7e291e0cf58c7d506630a2", "$schema": "https://mef.rero.ch/schemas/agents_rero/rero-agent-v0.0.1.json"}	1
2026-03-25 19:53:19.244080+00:00	2026-03-25 19:53:19.244080+00:00	d44f3cf6-fed2-4f10-a5ea-6fc0d30fbe23	{"pid": "A024034240", "type": "bf:Person", "preferred_name": "Arnoul, Honor\\u00e9", "authorized_access_point": "Arnoul, Honor\\u00e9", "md5": "36c9a600f0cab1c55a00037f2db6aeda", "$schema": "https://mef.rero.ch/schemas/agents_rero/rero-agent-v0.0.1.json"}	1
2026-03-25 19:53:19.244102+00:00	2026-03-25 19:53:19.244102+00:00	794b14aa-2051-4e75-a528-c7544d7723f3	{"pid": "A024042745", "type": "bf:Person", "date_of_birth": "1965", "preferred_name": "Kanda, Yutsuki,", "authorized_access_point": "Kanda, Yutsuki, 1965-", "md5": "c5cafa779dadac20c1f834d67b9e11b7", "$schema": "https://mef.rero.ch/schemas/agents_rero/rero-agent-v0.0.1.json"}	1
2026-03-25 19:53:19.244127+00:00	2026-03-25 19:53:19.244127+00:00	fdc9d4ab-7bc2-40a0-b1d0-7139585557e2	{"pid": "A024043552", "type": "bf:Person", "variant_name": ["Madani, Rahma Benhamou El,", "Benhamou El Madani, Rahma,"], "date_of_birth": "1966", "preferred_name": "El Madani, Rahma Benhamou,", "variant_access_point": ["Madani, Rahma Benhamou El, 1966-", "Benhamou El Madani, Rahma, 1966-"], "authorized_access_point": "El Madani, Rahma Benhamou, 1966-", "biographical_information": ["Productrice, r\\u00e9alisatrice, sc\\u00e9nariste"], "md5": "019435f04ceb9e15381d297b5374728e", "$schema": "https://mef.rero.ch/schemas/agents_rero/rero-agent-v0.0.1.json"}	1
2026-03-25 19:53:19.244152+00:00	2026-03-25 19:53:19.244152+00:00	1a56c10b-fec6-4657-a154-219fd5c9ff44	{"pid": "A024063413", "type": "bf:Person", "preferred_name": "Bennett, Charles Gibson", "authorized_access_point": "Bennett, Charles Gibson", "md5": "ec9287b44d1fe43b78c1a415093e41ee", "$schema": "https://mef.rero.ch/schemas/agents_rero/rero-agent-v0.0.1.json"}	1
2026-03-25 19:53:19.244173+00:00	2026-03-25 19:53:19.244173+00:00	6a9ffbf6-d484-4965-bd24-f86addf0d9e0	{"pid": "A024072354", "type": "bf:Person", "preferred_name": "Hatzelhoffer, Lena", "authorized_access_point": "Hatzelhoffer, Lena", "md5": "4aea42af1959419ff77e6d407a47d1f8", "$schema": "https://mef.rero.ch/schemas/agents_rero/rero-agent-v0.0.1.json"}	1
2026-03-25 19:53:19.244194+00:00	2026-03-25 19:53:19.244194+00:00	5f489b74-b2b9-4a68-86ee-8e143d1e48ee	{"pid": "A024073610", "type": "bf:Person", "preferred_name": "Farine, Maguy", "authorized_access_point": "Farine, Maguy", "md5": "a47d945f7d6aec381e23b761c40d1201", "$schema": "https://mef.rero.ch/schemas/agents_rero/rero-agent-v0.0.1.json"}	1
2026-03-25 19:53:19.244225+00:00	2026-03-25 19:53:19.244225+00:00	f65defe3-d9f0-4497-aa12-2e1df4258b0d	{"pid": "A024075381", "type": "bf:Person", "preferred_name": "Meester de Ravestein, E", "authorized_access_point": "Meester de Ravestein, E", "md5": "50e483ce1dc1f454a8276641bb9b73d7", "$schema": "https://mef.rero.ch/schemas/agents_rero/rero-agent-v0.0.1.json"}	1
2026-03-25 19:53:19.244247+00:00	2026-03-25 19:53:19.244247+00:00	ee9a6b25-a817-4920-8db5-bef721fb087d	{"pid": "A024079443", "type": "bf:Person", "preferred_name": "Filelfi, Carolina", "authorized_access_point": "Filelfi, Carolina", "md5": "d2a899ca88505135c0d135bf22dc9370", "$schema": "https://mef.rero.ch/schemas/agents_rero/rero-agent-v0.0.1.json"}	1
2026-03-25 19:53:19.244269+00:00	2026-03-25 19:53:19.244269+00:00	65ae410b-5941-4528-a356-6c70217775d7	{"pid": "A024083167", "type": "bf:Person", "preferred_name": "Vernazza, Livia", "authorized_access_point": "Vernazza, Livia", "md5": "d5322add1684905ff62891eef0285eea", "$schema": "https://mef.rero.ch/schemas/agents_rero/rero-agent-v0.0.1.json"}	1
2026-03-25 19:53:19.244291+00:00	2026-03-25 19:53:19.244291+00:00	df443083-ae3d-4398-8ffc-be361d12c0e3	{"pid": "A024099458", "type": "bf:Person", "preferred_name": "Stewart, Katherine A", "authorized_access_point": "Stewart, Katherine A", "md5": "09245e858ea7f8780051a6fc59564f18", "$schema": "https://mef.rero.ch/schemas/agents_rero/rero-agent-v0.0.1.json"}	1
2026-03-25 19:53:19.244312+00:00	2026-03-25 19:53:19.244312+00:00	69151739-2dfd-4193-9117-731c41d26c72	{"pid": "A024107085", "type": "bf:Person", "preferred_name": "Chanard, J.-B", "authorized_access_point": "Chanard, J.-B", "md5": "42005be391e694aa6acb4f0d3a06ebf8", "$schema": "https://mef.rero.ch/schemas/agents_rero/rero-agent-v0.0.1.json"}	1
2026-03-25 19:53:19.244333+00:00	2026-03-25 19:53:19.244333+00:00	5e3c11b3-b642-4a50-bd2c-2062ad9609c1	{"pid": "A024109666", "type": "bf:Person", "preferred_name": "Charvet, Pierre-Alex", "authorized_access_point": "Charvet, Pierre-Alex", "md5": "253b29301b9b93eb107aedc7cbcdaa32", "$schema": "https://mef.rero.ch/schemas/agents_rero/rero-agent-v0.0.1.json"}	1
2026-03-25 19:53:19.244354+00:00	2026-03-25 19:53:19.244354+00:00	ead5c217-d7a1-4dc6-ab2f-16d5c1e77f15	{"pid": "A024119960", "type": "bf:Person", "preferred_name": "Charcot, Anthelme", "authorized_access_point": "Charcot, Anthelme", "md5": "1ca62826b327a69a18f57aa8536f75fc", "$schema": "https://mef.rero.ch/schemas/agents_rero/rero-agent-v0.0.1.json"}	1
2026-03-25 19:53:19.244385+00:00	2026-03-25 19:53:19.244385+00:00	77ca1a7b-2cf5-48f0-8c74-701146f5c87f	{"pid": "A024120760", "type": "bf:Person", "preferred_name": "Giminne, A", "authorized_access_point": "Giminne, A", "md5": "ab9fb0dd571409a61f238231a8e118bd", "$schema": "https://mef.rero.ch/schemas/agents_rero/rero-agent-v0.0.1.json"}	1
2026-03-25 19:53:19.244406+00:00	2026-03-25 19:53:19.244406+00:00	c5d23a87-b8b8-4b64-9ef4-4f23b8658d72	{"pid": "A024123847", "type": "bf:Person", "preferred_name": "Leharivel, Pierre-Th\\u00e9odose-Constant", "authorized_access_point": "Leharivel, Pierre-Th\\u00e9odose-Constant", "md5": "c9702aa88025df10c6a123a75c9d2101", "$schema": "https://mef.rero.ch/schemas/agents_rero/rero-agent-v0.0.1.json"}	1
2026-03-25 19:53:19.244428+00:00	2026-03-25 19:53:19.244428+00:00	bfb6b596-774e-4a73-9bb2-358295f66167	{"pid": "A024135505", "type": "bf:Person", "preferred_name": "Dain, Charles", "authorized_access_point": "Dain, Charles", "md5": "65524fe92fb5bced5f4f807aa88e1cc6", "$schema": "https://mef.rero.ch/schemas/agents_rero/rero-agent-v0.0.1.json"}	1
2026-03-25 19:53:19.244450+00:00	2026-03-25 19:53:19.244450+00:00	ac8c8c27-0c8e-4f7e-a12c-63c35640585d	{"pid": "A024137299", "type": "bf:Organisation", "conference": false, "preferred_name": "Society for Human Ecology. International Conference 2007 :", "authorized_access_point": "Society for Human Ecology. International Conference (15th : 2007 : Rio de Janeiro, Brazil)", "md5": "cd5ae736f3e096adbf40e9891b699485", "$schema": "https://mef.rero.ch/schemas/agents_rero/rero-agent-v0.0.1.json"}	1
2026-03-25 19:53:19.244472+00:00	2026-03-25 19:53:19.244472+00:00	1561b4ba-49b5-417f-a5ff-beab491e1b60	{"pid": "A024141965", "type": "bf:Person", "preferred_name": "Michoud, Lo\\u00efc", "authorized_access_point": "Michoud, Lo\\u00efc", "md5": "09a6bba18f1f6b3b050cb7f5760d84c0", "$schema": "https://mef.rero.ch/schemas/agents_rero/rero-agent-v0.0.1.json"}	1
2026-03-25 19:53:19.244494+00:00	2026-03-25 19:53:19.244494+00:00	5f192abc-87eb-49ff-b759-67db7cc244ea	{"pid": "A024152276", "type": "bf:Person", "preferred_name": "Petrus, Pierre", "authorized_access_point": "Petrus, Pierre", "md5": "be19eeb3fa540c0053304ce2aca34bb3", "$schema": "https://mef.rero.ch/schemas/agents_rero/rero-agent-v0.0.1.json"}	1
2026-03-25 19:53:19.244515+00:00	2026-03-25 19:53:19.244515+00:00	31986822-8e1a-44b1-a74e-963f534f1217	{"pid": "A024180345", "type": "bf:Person", "preferred_name": "Virey", "authorized_access_point": "Virey", "md5": "f074eb9dd2ddaf7a74efd1027aa057af", "$schema": "https://mef.rero.ch/schemas/agents_rero/rero-agent-v0.0.1.json"}	1
2026-03-25 19:53:19.244537+00:00	2026-03-25 19:53:19.244537+00:00	b43d2ff9-865f-4425-816f-995954523d61	{"pid": "A024182024", "type": "bf:Organisation", "conference": false, "preferred_name": "Soci\\u00e9t\\u00e9 philat\\u00e9lique La Colombe (Saint-Blaise)", "authorized_access_point": "Soci\\u00e9t\\u00e9 philat\\u00e9lique La Colombe (Saint-Blaise)", "md5": "7a7393a5add1be911e3de6d3a6c7adc2", "$schema": "https://mef.rero.ch/schemas/agents_rero/rero-agent-v0.0.1.json"}	1
2026-03-25 19:53:19.244562+00:00	2026-03-25 19:53:19.244562+00:00	9d4210ed-29e2-4148-bca9-3db71ead32dd	{"pid": "A024188404", "type": "bf:Person", "variant_name": ["Comnenos, Kalfas"], "preferred_name": "Komnenos, Kalfa", "variant_access_point": ["Comnenos, Kalfas"], "authorized_access_point": "Komnenos, Kalfa", "md5": "311d3a25fca4e504d9645aada32e4e27", "$schema": "https://mef.rero.ch/schemas/agents_rero/rero-agent-v0.0.1.json"}	1
2026-03-25 19:53:19.244585+00:00	2026-03-25 19:53:19.244585+00:00	6ff26130-356a-4794-a448-d7a0f0218b79	{"pid": "A024193588", "type": "bf:Person", "date_of_birth": "1942", "preferred_name": "Zhang, Boyuan,", "authorized_access_point": "Zhang, Boyuan, 1942-", "md5": "0e6124ca8132c0de81bc31422b0321b2", "$schema": "https://mef.rero.ch/schemas/agents_rero/rero-agent-v0.0.1.json"}	1
2026-03-25 19:53:19.244607+00:00	2026-03-25 19:53:19.244607+00:00	66c68c73-105a-4ea4-95d5-24f9f65f1a28	{"pid": "A024201811", "type": "bf:Person", "preferred_name": "Hoak-Doering, Elizabeth", "authorized_access_point": "Hoak-Doering, Elizabeth", "biographical_information": ["Dates de vie: 1960-"], "md5": "130bd90a856ae881e1a99f6fa09bce1b", "$schema": "https://mef.rero.ch/schemas/agents_rero/rero-agent-v0.0.1.json"}	1
2026-03-25 19:53:19.244629+00:00	2026-03-25 19:53:19.244629+00:00	08b8d4f2-59dd-4992-80a0-bda1d148d347	{"pid": "A024207312", "type": "bf:Person", "preferred_name": "Conscience, Maryvonne", "authorized_access_point": "Conscience, Maryvonne", "md5": "6345a70479835b15edf57f429f0448f2", "$schema": "https://mef.rero.ch/schemas/agents_rero/rero-agent-v0.0.1.json"}	1
2026-03-25 19:53:19.244651+00:00	2026-03-25 19:53:19.244651+00:00	2e83ffb6-742c-44b2-9af4-f007baa070c2	{"pid": "A024239773", "type": "bf:Organisation", "conference": false, "preferred_name": "Festival d'automne. Section architecture (1981 :", "authorized_access_point": "Festival d'automne. Section architecture (1981 : Paris)", "md5": "52cc2f6eab84ce39e7407034a658f808", "$schema": "https://mef.rero.ch/schemas/agents_rero/rero-agent-v0.0.1.json"}	1
2026-03-25 19:53:19.244674+00:00	2026-03-25 19:53:19.244674+00:00	234a25ae-f4a2-4cde-b20f-82bb8a1da62c	{"pid": "A024248736", "type": "bf:Organisation", "conference": false, "preferred_name": "Arp\\u00e8ge Communication", "authorized_access_point": "Arp\\u00e8ge Communication", "md5": "61a3aa8656c303784e08670e78734406", "$schema": "https://mef.rero.ch/schemas/agents_rero/rero-agent-v0.0.1.json"}	1
2026-03-25 19:53:19.244696+00:00	2026-03-25 19:53:19.244696+00:00	81bf7c46-5e94-423a-983e-4a1f8cab1209	{"pid": "A024250351", "type": "bf:Person", "preferred_name": "Lignac, Etienne", "authorized_access_point": "Lignac, Etienne", "md5": "deae2a4ef8c8225f6233db437bf972cd", "$schema": "https://mef.rero.ch/schemas/agents_rero/rero-agent-v0.0.1.json"}	1
2026-03-25 19:53:19.244717+00:00	2026-03-25 19:53:19.244717+00:00	b4dbaad0-f271-44c1-bd3e-cda5a058ad0e	{"pid": "A024250841", "type": "bf:Person", "preferred_name": "Vernisy, Jacques de", "authorized_access_point": "Vernisy, Jacques de", "md5": "8b8edf88fd8ff6dfe675e11d141995ee", "$schema": "https://mef.rero.ch/schemas/agents_rero/rero-agent-v0.0.1.json"}	1
2026-03-25 19:53:19.244738+00:00	2026-03-25 19:53:19.244738+00:00	cc98400e-1013-4979-9c77-96d433652b5f	{"pid": "A024251528", "type": "bf:Person", "preferred_name": "Valley, Violette", "authorized_access_point": "Valley, Violette", "md5": "202d364053f90a069a17e3bd5a343024", "$schema": "https://mef.rero.ch/schemas/agents_rero/rero-agent-v0.0.1.json"}	1
2026-03-25 19:53:19.244766+00:00	2026-03-25 19:53:19.244766+00:00	13c38081-2051-460c-a5e7-99d80960635a	{"pid": "A024255039", "type": "bf:Person", "preferred_name": "Anzemberger, Guy P", "authorized_access_point": "Anzemberger, Guy P", "md5": "d5740de250616773b9d79cf3098f413d", "$schema": "https://mef.rero.ch/schemas/agents_rero/rero-agent-v0.0.1.json"}	1
2026-03-25 19:53:19.244788+00:00	2026-03-25 19:53:19.244788+00:00	04ef9800-41ef-4cf8-9943-23a681bc4f33	{"pid": "A024295112", "type": "bf:Person", "preferred_name": "V\\u00e1czi, Leona", "authorized_access_point": "V\\u00e1czi, Leona", "md5": "e9a7a8d12f5b059d30b9bbb6fe71aaab", "$schema": "https://mef.rero.ch/schemas/agents_rero/rero-agent-v0.0.1.json"}	1
2026-03-25 19:53:19.244809+00:00	2026-03-25 19:53:19.244809+00:00	b2d74006-8490-4dcf-b141-88cc1a6964cd	{"pid": "A024305757", "type": "bf:Person", "preferred_name": "Barbot, Louis", "authorized_access_point": "Barbot, Louis", "md5": "e70b113f0c5547a9452b0e43e7eaed6a", "$schema": "https://mef.rero.ch/schemas/agents_rero/rero-agent-v0.0.1.json"}	1
2026-03-25 19:53:19.244831+00:00	2026-03-25 19:53:19.244831+00:00	f284e926-01fe-43d1-859f-e80c7eaa9420	{"pid": "A024311492", "type": "bf:Person", "preferred_name": "Bayer-Ehrenberg, Konstantin von", "authorized_access_point": "Bayer-Ehrenberg, Konstantin von", "md5": "9f8c413e54719c63a08c7ac59788804d", "$schema": "https://mef.rero.ch/schemas/agents_rero/rero-agent-v0.0.1.json"}	1
2026-03-25 19:53:19.244855+00:00	2026-03-25 19:53:19.244855+00:00	82e777e4-eda9-403e-907d-941621e2cdb8	{"pid": "A024314866", "type": "bf:Organisation", "conference": false, "variant_name": ["The NY Art Book Fair", "New York Art Book Fair"], "preferred_name": "NY Art Book Fair", "variant_access_point": ["The NY Art Book Fair", "New York Art Book Fair"], "authorized_access_point": "NY Art Book Fair", "md5": "7944e57b8be72c9eb6ea7ec80bf4e8ee", "$schema": "https://mef.rero.ch/schemas/agents_rero/rero-agent-v0.0.1.json"}	1
2026-03-25 19:53:19.244878+00:00	2026-03-25 19:53:19.244878+00:00	9979b552-26f5-40b4-8a0f-68678eeddc65	{"pid": "A024316631", "type": "bf:Organisation", "conference": false, "preferred_name": "Inde. Ministry of Health and Family. Pharmacognosy laboratory", "authorized_access_point": "Inde. Ministry of Health and Family. Pharmacognosy laboratory", "md5": "2c1ac024e8d7a4de7c14af2dfade11cc", "$schema": "https://mef.rero.ch/schemas/agents_rero/rero-agent-v0.0.1.json"}	1
2026-03-25 19:53:19.244902+00:00	2026-03-25 19:53:19.244902+00:00	6de735b6-6a3e-4c6b-8fd0-9608a3351759	{"pid": "A024326128", "type": "bf:Organisation", "conference": false, "preferred_name": "Studienkommission f\\u00fcr die Reform des \\u00d6ffentlichen Dienstrechts (Bundesrepublik Deutschland)", "authorized_access_point": "Studienkommission f\\u00fcr die Reform des \\u00d6ffentlichen Dienstrechts (Bundesrepublik Deutschland)", "md5": "29fe98fdd9348cc2191d86b48698bf4b", "$schema": "https://mef.rero.ch/schemas/agents_rero/rero-agent-v0.0.1.json"}	1
2026-03-25 19:53:19.244925+00:00	2026-03-25 19:53:19.244925+00:00	8d5ac27e-7457-47da-9088-14887463debc	{"pid": "A024329523", "type": "bf:Person", "preferred_name": "Ill\\u00e9s, P\\u00e1l Edvi", "authorized_access_point": "Ill\\u00e9s, P\\u00e1l Edvi", "md5": "186abb31e300b37b3b8c4e6348fc8af0", "$schema": "https://mef.rero.ch/schemas/agents_rero/rero-agent-v0.0.1.json"}	1
2026-03-25 19:53:19.244948+00:00	2026-03-25 19:53:19.244948+00:00	3d26bc96-5071-4b56-831e-c06ca2ccb913	{"pid": "A024329741", "type": "bf:Person", "date_of_birth": "1653", "date_of_death": "1698", "preferred_name": "Obrecht, Elias,", "authorized_access_point": "Obrecht, Elias, 1653-1698", "md5": "201eb096d3c14f0e2a84752b19fbb05b", "$schema": "https://mef.rero.ch/schemas/agents_rero/rero-agent-v0.0.1.json"}	1
2026-03-25 19:53:19.244971+00:00	2026-03-25 19:53:19.244971+00:00	7d6459a5-c585-4428-8f2e-49f29d4e8e87	{"pid": "A024333154", "type": "bf:Organisation", "conference": false, "preferred_name": "Oman. Directorate General of Minerals", "authorized_access_point": "Oman. Directorate General of Minerals", "md5": "0f451ccb30157e413b833f0ac94ee0b9", "$schema": "https://mef.rero.ch/schemas/agents_rero/rero-agent-v0.0.1.json"}	1
2026-03-25 19:53:19.244993+00:00	2026-03-25 19:53:19.244993+00:00	e335a832-3f77-43b8-8ec1-98a532154278	{"pid": "A024352277", "type": "bf:Organisation", "conference": false, "preferred_name": "Commission des protestants r\\u00e9unis (Fribourg)", "authorized_access_point": "Commission des protestants r\\u00e9unis (Fribourg)", "md5": "3ad669bd29b247400c78dd89ff8e8baf", "$schema": "https://mef.rero.ch/schemas/agents_rero/rero-agent-v0.0.1.json"}	1
2026-03-25 19:53:19.245016+00:00	2026-03-25 19:53:19.245016+00:00	cfb46e19-7e7c-432a-ac88-d0def503f598	{"pid": "A024368303", "type": "bf:Person", "date_of_birth": "1968", "preferred_name": "Frapiccini, David,", "authorized_access_point": "Frapiccini, David, 1968-", "md5": "68b205b2fd27207b88e40717ba30d9f1", "$schema": "https://mef.rero.ch/schemas/agents_rero/rero-agent-v0.0.1.json"}	1
2026-03-25 19:53:19.245037+00:00	2026-03-25 19:53:19.245037+00:00	26ba4c3b-35ce-47ea-9ba9-9c65e5c30757	{"pid": "A024370974", "type": "bf:Person", "preferred_name": "Keyserling, Leo", "authorized_access_point": "Keyserling, Leo", "md5": "fd4cf5de7e42081df8fa50680b09862d", "$schema": "https://mef.rero.ch/schemas/agents_rero/rero-agent-v0.0.1.json"}	1
2026-03-25 19:53:19.245059+00:00	2026-03-25 19:53:19.245059+00:00	5d88cdec-d12b-4139-8b7f-d1bc436c2a6b	{"pid": "A024377672", "type": "bf:Person", "preferred_name": "P\\u00e9tremand, No\\u00e9mie", "authorized_access_point": "P\\u00e9tremand, No\\u00e9mie", "md5": "666ff91893e5bdb19d6ed666b0160a8c", "$schema": "https://mef.rero.ch/schemas/agents_rero/rero-agent-v0.0.1.json"}	1
2026-03-25 19:53:19.245080+00:00	2026-03-25 19:53:19.245080+00:00	f2a0c683-d691-46a9-8638-6237145a8890	{"pid": "A024381221", "type": "bf:Person", "preferred_name": "Gu\\u00e9rid, Samia", "authorized_access_point": "Gu\\u00e9rid, Samia", "md5": "bfe433a2e87a953a055ab6a338bb0143", "$schema": "https://mef.rero.ch/schemas/agents_rero/rero-agent-v0.0.1.json"}	1
2026-03-25 19:53:19.245109+00:00	2026-03-25 19:53:19.245109+00:00	2835aec9-15b3-4530-80f7-c529207686f9	{"pid": "A024413945", "type": "bf:Person", "variant_name": ["Macdonald, A. de L\\u00e9ry,", "Mc Donald, Archibald Chaussegros de L\\u00e9ry,", "Mac Donald, Archibald Chaussegros de L\\u00e9ry,", "McDonald, Archibald Chaussegros de L\\u00e9ry,"], "date_of_birth": "1862", "date_of_death": "1939", "preferred_name": "Macdonald, Archibald Chaussegros de L\\u00e9ry,", "variant_access_point": ["Macdonald, A. de L\\u00e9ry, 1862-1939", "Mc Donald, Archibald Chaussegros de L\\u00e9ry, 1862-1939", "Mac Donald, Archibald Chaussegros de L\\u00e9ry, 1862-1939", "McDonald, Archibald Chaussegros de L\\u00e9ry, 1862-1939"], "authorized_access_point": "Macdonald, Archibald Chaussegros de L\\u00e9ry, 1862-1939", "biographical_information": ["Avocat, historien, g\\u00e9n\\u00e9alogiste, maire de Rigaud et homme d'affaires"], "md5": "d2d8736795ed0c174dbc5c21953a8ea8", "$schema": "https://mef.rero.ch/schemas/agents_rero/rero-agent-v0.0.1.json"}	1
2026-03-25 19:53:19.245144+00:00	2026-03-25 19:53:19.245144+00:00	8c369c23-d66d-41a7-93c7-f96093aa8ede	{"pid": "A024416324", "type": "bf:Person", "preferred_name": "Lindblad, Waldemar", "authorized_access_point": "Lindblad, Waldemar", "md5": "a52f31807087622a62c3bf19c0dccccb", "$schema": "https://mef.rero.ch/schemas/agents_rero/rero-agent-v0.0.1.json"}	1
2026-03-25 19:53:19.245166+00:00	2026-03-25 19:53:19.245166+00:00	8e72bab1-bd70-445f-9905-4ffd1d492a7a	{"pid": "A024424763", "type": "bf:Organisation", "conference": false, "preferred_name": "Choeur mixte de Platta (Sion)", "authorized_access_point": "Choeur mixte de Platta (Sion)", "md5": "9d1205a57bbde311730b2781e21abe1b", "$schema": "https://mef.rero.ch/schemas/agents_rero/rero-agent-v0.0.1.json"}	1
2026-03-25 19:53:19.245189+00:00	2026-03-25 19:53:19.245189+00:00	935c0304-ed57-4f3d-9d4c-c6e7d7852e8f	{"pid": "A024446255", "type": "bf:Organisation", "conference": false, "preferred_name": "Adalbert-Stifter-Gesellschaft (M\\u00fcnchen)", "authorized_access_point": "Adalbert-Stifter-Gesellschaft (M\\u00fcnchen)", "md5": "e86f1b876b59036196ac6768b46f0aab", "$schema": "https://mef.rero.ch/schemas/agents_rero/rero-agent-v0.0.1.json"}	1
2026-03-25 19:53:19.245211+00:00	2026-03-25 19:53:19.245211+00:00	13ea2115-1ad7-4563-8d38-e495ecf9e190	{"pid": "A024465489", "type": "bf:Person", "date_of_birth": "1938", "preferred_name": "Mills, David,", "authorized_access_point": "Mills, David, 1938-", "md5": "4957e15e1be040803321531bbdcf64be", "$schema": "https://mef.rero.ch/schemas/agents_rero/rero-agent-v0.0.1.json"}	1
2026-03-25 19:53:19.245233+00:00	2026-03-25 19:53:19.245233+00:00	3850450d-efa8-4603-8951-d07a8caddea0	{"pid": "A024466417", "type": "bf:Person", "preferred_name": "Karasevich, S", "authorized_access_point": "Karasevich, S", "md5": "9219db9dde3ce4159a04368fa8d3c978", "$schema": "https://mef.rero.ch/schemas/agents_rero/rero-agent-v0.0.1.json"}	1
2026-03-25 19:53:19.245254+00:00	2026-03-25 19:53:19.245254+00:00	84573c85-f383-4d5f-8992-c527a538662f	{"pid": "A024471669", "type": "bf:Person", "preferred_name": "Michot, Joseph", "authorized_access_point": "Michot, Joseph", "md5": "31e9e4195eb2a7e2fa6723288479dfb1", "$schema": "https://mef.rero.ch/schemas/agents_rero/rero-agent-v0.0.1.json"}	1
2026-03-25 19:53:19.245276+00:00	2026-03-25 19:53:19.245276+00:00	491c8e4a-7701-4d7d-ab62-9b19de513455	{"pid": "A024478155", "type": "bf:Person", "preferred_name": "Romand, Rollin", "authorized_access_point": "Romand, Rollin", "md5": "bdd9f968a135c77a67b9122a6c01a543", "$schema": "https://mef.rero.ch/schemas/agents_rero/rero-agent-v0.0.1.json"}	1
2026-03-25 19:53:19.245297+00:00	2026-03-25 19:53:19.245297+00:00	684f546c-3630-4320-81b1-ba4742f271e3	{"pid": "A024478463", "type": "bf:Person", "preferred_name": "Mollard, Albert", "authorized_access_point": "Mollard, Albert", "md5": "b4491c04fdaab2fc13ab3fd9c89c9ff7", "$schema": "https://mef.rero.ch/schemas/agents_rero/rero-agent-v0.0.1.json"}	1
2026-03-25 19:53:19.245319+00:00	2026-03-25 19:53:19.245319+00:00	43558c4a-c897-49b1-abf6-91d07d00fee1	{"pid": "A024478863", "type": "bf:Person", "date_of_birth": "1953", "preferred_name": "Aoki, Kazuko,", "authorized_access_point": "Aoki, Kazuko, 1953-", "md5": "6a60f49cda132beed05e6dacf21b34bd", "$schema": "https://mef.rero.ch/schemas/agents_rero/rero-agent-v0.0.1.json"}	1
2026-03-25 19:53:19.245341+00:00	2026-03-25 19:53:19.245341+00:00	d5ced792-512d-4cb1-957e-04d4335fc490	{"pid": "A024480400", "type": "bf:Person", "preferred_name": "Claude, Edouard", "authorized_access_point": "Claude, Edouard", "md5": "33f47a995a52a78804387ee6ff8d913f", "$schema": "https://mef.rero.ch/schemas/agents_rero/rero-agent-v0.0.1.json"}	1
2026-03-25 19:53:19.245363+00:00	2026-03-25 19:53:19.245363+00:00	b3e17dc6-604b-4c3a-9cce-f1a2fb208178	{"pid": "A024491342", "type": "bf:Person", "preferred_name": "Munzinger, Eug\\u00e8ne", "authorized_access_point": "Munzinger, Eug\\u00e8ne", "md5": "2632c9949b08233068ed3b539bd55de0", "$schema": "https://mef.rero.ch/schemas/agents_rero/rero-agent-v0.0.1.json"}	1
2026-03-25 19:53:19.245385+00:00	2026-03-25 19:53:19.245385+00:00	384dba13-c480-431a-8899-695284e70127	{"pid": "A024527296", "type": "bf:Person", "preferred_name": "Petmecky, Adelheid", "authorized_access_point": "Petmecky, Adelheid", "md5": "14943cff241d4f412be9da3a13b7e171", "$schema": "https://mef.rero.ch/schemas/agents_rero/rero-agent-v0.0.1.json"}	1
2026-03-25 19:53:19.245406+00:00	2026-03-25 19:53:19.245406+00:00	3b668af8-61fe-4e4d-80fd-3c6ff0a5d923	{"pid": "A024528563", "type": "bf:Person", "preferred_name": "Rovero, Luca", "authorized_access_point": "Rovero, Luca", "md5": "5504e5526fc2666c0d8160df7e5213ea", "$schema": "https://mef.rero.ch/schemas/agents_rero/rero-agent-v0.0.1.json"}	1
2026-03-25 19:53:19.245428+00:00	2026-03-25 19:53:19.245428+00:00	64dc6d9b-f7f9-4b11-baf9-ed3f8f544f4d	{"pid": "A024529059", "type": "bf:Organisation", "conference": true, "preferred_name": "Congr\\u00e8s international de sociologie 1930 :", "authorized_access_point": "Congr\\u00e8s international de sociologie (10 : 1930 : Gen\\u00e8ve)", "md5": "a7c521ad7b8340a10dd5cac71d29400c", "$schema": "https://mef.rero.ch/schemas/agents_rero/rero-agent-v0.0.1.json"}	1
2026-03-25 19:53:19.245451+00:00	2026-03-25 19:53:19.245451+00:00	67058953-30aa-4244-b9a3-2c85f60df1fb	{"pid": "A024541309", "type": "bf:Person", "preferred_name": "Poulizac, Henri", "authorized_access_point": "Poulizac, Henri", "md5": "e0ed182f1c368c8fbe4c0360fd3097a3", "$schema": "https://mef.rero.ch/schemas/agents_rero/rero-agent-v0.0.1.json"}	1
2026-03-25 19:53:19.245473+00:00	2026-03-25 19:53:19.245473+00:00	ed1a59ed-edd6-40e5-9d3e-1a9f90d03326	{"pid": "A024566467", "type": "bf:Person", "preferred_name": "Riat, Lindsay", "authorized_access_point": "Riat, Lindsay", "md5": "f3ed7e2e0d738e141548ac470f39908b", "$schema": "https://mef.rero.ch/schemas/agents_rero/rero-agent-v0.0.1.json"}	1
2026-03-25 19:53:19.245494+00:00	2026-03-25 19:53:19.245494+00:00	93959a95-61da-4933-b9bd-e4bd939161be	{"pid": "A024569645", "type": "bf:Organisation", "conference": false, "preferred_name": "Association for Molecular Pathology", "authorized_access_point": "Association for Molecular Pathology", "md5": "c8756daf586352337b840ccec2210e3f", "$schema": "https://mef.rero.ch/schemas/agents_rero/rero-agent-v0.0.1.json"}	1
2026-03-25 19:53:19.245517+00:00	2026-03-25 19:53:19.245517+00:00	44ddf238-28a6-4ad1-8ce6-b72738e11ab1	{"pid": "A024595109", "type": "bf:Person", "preferred_name": "Roura, Josep", "authorized_access_point": "Roura, Josep", "md5": "7308b9522f248246142babff4e66764e", "$schema": "https://mef.rero.ch/schemas/agents_rero/rero-agent-v0.0.1.json"}	1
2026-03-25 19:53:19.245545+00:00	2026-03-25 19:53:19.245545+00:00	06311b2f-64aa-4b4c-99eb-59b53f39fa7e	{"pid": "A024595509", "type": "bf:Organisation", "conference": false, "preferred_name": "Ligue des int\\u00e9r\\u00eats gessiens", "authorized_access_point": "Ligue des int\\u00e9r\\u00eats gessiens", "md5": "3774671bda435c2375137b7c80083a9f", "$schema": "https://mef.rero.ch/schemas/agents_rero/rero-agent-v0.0.1.json"}	1
2026-03-25 19:53:19.245568+00:00	2026-03-25 19:53:19.245568+00:00	abe25406-8c1d-4347-a829-c1d398d80ce1	{"pid": "A024600161", "type": "bf:Person", "preferred_name": "Merkushkin, Grigori\\u012d I\\ufe20A\\ufe21kovlevich", "authorized_access_point": "Merkushkin, Grigori\\u012d I\\ufe20A\\ufe21kovlevich", "md5": "4042090f38c0e552a841c352499537ae", "$schema": "https://mef.rero.ch/schemas/agents_rero/rero-agent-v0.0.1.json"}	1
2026-03-25 19:53:19.245590+00:00	2026-03-25 19:53:19.245590+00:00	e3f84c47-eb76-4286-b266-75a6c102eab8	{"pid": "A024602006", "type": "bf:Person", "preferred_name": "Fracasso, Tony", "authorized_access_point": "Fracasso, Tony", "md5": "6b0565ea01a666b75046517da98c9648", "$schema": "https://mef.rero.ch/schemas/agents_rero/rero-agent-v0.0.1.json"}	1
2026-03-25 19:53:19.245611+00:00	2026-03-25 19:53:19.245611+00:00	681d40b9-801a-45cb-88a5-8109bcbce96c	{"pid": "A024707851", "type": "bf:Person", "preferred_name": "Miropol\\u02b9ski\\u012d, Serge\\u012d Irineevich", "authorized_access_point": "Miropol\\u02b9ski\\u012d, Serge\\u012d Irineevich", "md5": "87634d3b531bf01df2e2a47179ec368d", "$schema": "https://mef.rero.ch/schemas/agents_rero/rero-agent-v0.0.1.json"}	1
2026-03-25 19:53:19.245634+00:00	2026-03-25 19:53:19.245634+00:00	b71cb845-1ded-4deb-a7d2-cd83d4300816	{"pid": "A024728544", "type": "bf:Organisation", "conference": false, "preferred_name": "WallSaga", "authorized_access_point": "WallSaga", "md5": "690ea5d3c3b3d85b5b32c376ef24ffe8", "$schema": "https://mef.rero.ch/schemas/agents_rero/rero-agent-v0.0.1.json"}	1
2026-03-25 19:53:19.245655+00:00	2026-03-25 19:53:19.245655+00:00	115e4f83-b0c7-454c-a2a4-07c1f44926ef	{"pid": "A024729479", "type": "bf:Person", "preferred_name": "Solomonsen, Carl-Julius", "authorized_access_point": "Solomonsen, Carl-Julius", "md5": "3374991992dcffe1842c0c04242c759b", "$schema": "https://mef.rero.ch/schemas/agents_rero/rero-agent-v0.0.1.json"}	1
2026-03-25 19:53:19.245676+00:00	2026-03-25 19:53:19.245676+00:00	88c9f6bb-4ec0-40af-bd09-f1e00c4fc08c	{"pid": "A024746147", "type": "bf:Person", "preferred_name": "Pichler, Meinrad", "authorized_access_point": "Pichler, Meinrad", "md5": "b9d3ebd7b2f124506943db799791cd33", "$schema": "https://mef.rero.ch/schemas/agents_rero/rero-agent-v0.0.1.json"}	1
2026-03-25 19:53:19.245704+00:00	2026-03-25 19:53:19.245704+00:00	862b6753-08d8-410d-9d27-439ca07b6920	{"pid": "A024770093", "type": "bf:Person", "preferred_name": "Vior", "authorized_access_point": "Vior", "md5": "8bf71a4b050ec28249a194ff6126de55", "$schema": "https://mef.rero.ch/schemas/agents_rero/rero-agent-v0.0.1.json"}	1
2026-03-25 19:53:19.245726+00:00	2026-03-25 19:53:19.245726+00:00	d604e012-8d97-4ee7-8f2b-b4e9f89b83be	{"pid": "A024774397", "type": "bf:Person", "preferred_name": "Wanderley, Germano", "authorized_access_point": "Wanderley, Germano", "md5": "6f3cddd539bc6c23fac5ae43fd6951e4", "$schema": "https://mef.rero.ch/schemas/agents_rero/rero-agent-v0.0.1.json"}	1
2026-03-25 19:53:19.245748+00:00	2026-03-25 19:53:19.245748+00:00	9a2aa9f7-d318-44a1-89b2-f1eded177f5a	{"pid": "A024790283", "type": "bf:Organisation", "conference": false, "preferred_name": "Headcharger (groupe musical)", "authorized_access_point": "Headcharger (groupe musical)", "md5": "a99ddc430841db1b4f5fca408cb3bc90", "$schema": "https://mef.rero.ch/schemas/agents_rero/rero-agent-v0.0.1.json"}	1
2026-03-25 19:53:19.245769+00:00	2026-03-25 19:53:19.245769+00:00	efb44b48-0b49-4332-b6d6-cfbba144674f	{"pid": "A024801676", "type": "bf:Person", "preferred_name": "Yowell, F. D", "authorized_access_point": "Yowell, F. D", "md5": "b864de3242e11288988d3e52faf5e608", "$schema": "https://mef.rero.ch/schemas/agents_rero/rero-agent-v0.0.1.json"}	1
2026-03-25 19:53:19.245791+00:00	2026-03-25 19:53:19.245791+00:00	26958ecb-bd7a-4d45-8ced-f7a006a56b62	{"pid": "A024814391", "type": "bf:Person", "preferred_name": "Kiellberg, Gustaf", "authorized_access_point": "Kiellberg, Gustaf", "md5": "8bc8a33bfdad63b398e9875b15beac01", "$schema": "https://mef.rero.ch/schemas/agents_rero/rero-agent-v0.0.1.json"}	1
2026-03-25 19:53:19.245812+00:00	2026-03-25 19:53:19.245812+00:00	60fad43a-7e9b-48cb-8dec-3ed38eeed6f3	{"pid": "A024843767", "type": "bf:Person", "date_of_birth": "1962", "preferred_name": "Peske, Nancy K.,", "authorized_access_point": "Peske, Nancy K., 1962-", "md5": "cc91dc1ea4aa32cf37a80324e485b2dc", "$schema": "https://mef.rero.ch/schemas/agents_rero/rero-agent-v0.0.1.json"}	1
2026-03-25 19:53:19.245835+00:00	2026-03-25 19:53:19.245835+00:00	ab523d57-9114-4966-9ec7-b6b9c174afdb	{"pid": "A024846924", "type": "bf:Organisation", "conference": false, "preferred_name": "Oeuvre suisse d'entraide ouvri\\u00e8re. Vaud. Assembl\\u00e9e g\\u00e9n\\u00e9rale 1994 :", "authorized_access_point": "Oeuvre suisse d'entraide ouvri\\u00e8re. Vaud. Assembl\\u00e9e g\\u00e9n\\u00e9rale (2 : 1994 : Vevey)", "md5": "96740165867844481b81ebad8d991c0d", "$schema": "https://mef.rero.ch/schemas/agents_rero/rero-agent-v0.0.1.json"}	1
2026-03-25 19:53:19.245858+00:00	2026-03-25 19:53:19.245858+00:00	daeaf969-d532-48c1-9ace-22057ebf6c5c	{"pid": "A024866515", "type": "bf:Person", "preferred_name": "Deistler, Anja", "authorized_access_point": "Deistler, Anja", "md5": "f7bf60d96da5f522d3cfb8dc6f40439d", "$schema": "https://mef.rero.ch/schemas/agents_rero/rero-agent-v0.0.1.json"}	1
2026-03-25 19:53:19.245879+00:00	2026-03-25 19:53:19.245879+00:00	21d28147-0862-49ea-8803-8239101ee59b	{"pid": "A024878364", "type": "bf:Person", "preferred_name": "Tihanyi, Eva", "authorized_access_point": "Tihanyi, Eva", "md5": "5ceac982092b3b4ab62593489f2e5392", "$schema": "https://mef.rero.ch/schemas/agents_rero/rero-agent-v0.0.1.json"}	1
2026-03-25 19:53:19.245901+00:00	2026-03-25 19:53:19.245901+00:00	846dac3c-2447-4f3f-b2f6-4f3a16579a48	{"pid": "A024884886", "type": "bf:Organisation", "conference": false, "preferred_name": "Centre europ\\u00e9en d'\\u00e9tudes bourguignonnes (XIVe - XVIe s.). Rencontres (2013 :", "authorized_access_point": "Centre europ\\u00e9en d'\\u00e9tudes bourguignonnes (XIVe - XVIe s.). Rencontres (2013 : Leiden / Den Haag)", "md5": "a17e2b90ebf01c2cb88b53df0ae81002", "$schema": "https://mef.rero.ch/schemas/agents_rero/rero-agent-v0.0.1.json"}	1
2026-03-25 19:53:19.245934+00:00	2026-03-25 19:53:19.245934+00:00	f506aede-b30e-422d-b11d-82e456c9385d	{"pid": "A024896750", "type": "bf:Organisation", "conference": false, "preferred_name": "Orsza\\u0301gos Stefa\\u0301nia Szo\\u0308vetse\\u0301g Anya\\u0301k e\\u0301s Csecsemo\\u030bk Ve\\u0301delme\\u0301re", "authorized_access_point": "Orsza\\u0301gos Stefa\\u0301nia Szo\\u0308vetse\\u0301g Anya\\u0301k e\\u0301s Csecsemo\\u030bk Ve\\u0301delme\\u0301re", "md5": "4f011ff51c777d137519ba0fbfd7acaa", "$schema": "https://mef.rero.ch/schemas/agents_rero/rero-agent-v0.0.1.json"}	1
2026-03-25 19:53:19.245957+00:00	2026-03-25 19:53:19.245957+00:00	87c2af77-d74c-4137-994c-dfcd92edfeb6	{"pid": "A024897034", "type": "bf:Person", "preferred_name": "Lechuga, Carlos", "authorized_access_point": "Lechuga, Carlos", "md5": "2fe59478ed6a0db253b957bee991bde9", "$schema": "https://mef.rero.ch/schemas/agents_rero/rero-agent-v0.0.1.json"}	1
2026-03-25 19:53:19.245979+00:00	2026-03-25 19:53:19.245979+00:00	524f5edd-118b-445b-b207-1bfbcee2356f	{"pid": "A024917771", "type": "bf:Person", "preferred_name": "Lehmann-Larsen, Stine", "authorized_access_point": "Lehmann-Larsen, Stine", "md5": "1c42fddf5cd2cc8ba6a4c16ec67895be", "$schema": "https://mef.rero.ch/schemas/agents_rero/rero-agent-v0.0.1.json"}	1
2026-03-25 19:53:19.246001+00:00	2026-03-25 19:53:19.246001+00:00	b789e9a4-4cf7-441f-810e-fefc94ecd28e	{"pid": "A024919899", "type": "bf:Organisation", "conference": false, "preferred_name": "Schweizerische Permanente Schulausstellung (Z\\u00fcrich). Kommission f\\u00fcr das Pestalozzi-St\\u00fcbchen", "authorized_access_point": "Schweizerische Permanente Schulausstellung (Z\\u00fcrich). Kommission f\\u00fcr das Pestalozzi-St\\u00fcbchen", "md5": "fa8040aba29443562ec114619768ff89", "$schema": "https://mef.rero.ch/schemas/agents_rero/rero-agent-v0.0.1.json"}	1
2026-03-25 19:53:19.246025+00:00	2026-03-25 19:53:19.246025+00:00	3421b66e-93aa-4c83-aaf6-4650404f6efb	{"pid": "A024930424", "type": "bf:Person", "preferred_name": "Gr\\u00f6nbergh, Andreas Nicolaus", "authorized_access_point": "Gr\\u00f6nbergh, Andreas Nicolaus", "md5": "cfdff60e9cca33c1a9f7d08e1210eafd", "$schema": "https://mef.rero.ch/schemas/agents_rero/rero-agent-v0.0.1.json"}	1
2026-03-25 19:53:19.246049+00:00	2026-03-25 19:53:19.246049+00:00	308a33bf-4fb1-4b97-9745-fd158ef472f8	{"pid": "A024960848", "type": "bf:Organisation", "conference": false, "preferred_name": "Japanisches Kulturinstitut (K\\u00f6ln). Symposium (2013 :", "authorized_access_point": "Japanisches Kulturinstitut (K\\u00f6ln). Symposium (2013 : K\\u00f6ln)", "md5": "21a3a0fddcf8af8871c989520d5240ca", "$schema": "https://mef.rero.ch/schemas/agents_rero/rero-agent-v0.0.1.json"}	1
2026-03-25 19:53:19.246072+00:00	2026-03-25 19:53:19.246072+00:00	6666e8b5-e5dc-4353-9aa9-82dda6e486f1	{"pid": "A024966631", "type": "bf:Organisation", "conference": false, "preferred_name": "Eric Caudron", "authorized_access_point": "Eric Caudron", "md5": "6adc897fc0db0416f8a507276be770ab", "$schema": "https://mef.rero.ch/schemas/agents_rero/rero-agent-v0.0.1.json"}	1
2026-03-25 19:53:19.246094+00:00	2026-03-25 19:53:19.246094+00:00	e0f80e17-3543-4e81-a8b5-5812bf386459	{"pid": "A024969731", "type": "bf:Person", "preferred_name": "Lando, Bassiano", "authorized_access_point": "Lando, Bassiano", "biographical_information": ["Dates de vie: ? - 1562"], "md5": "2b315f2d7f2644638924a025ce65b3a8", "$schema": "https://mef.rero.ch/schemas/agents_rero/rero-agent-v0.0.1.json"}	1
2026-03-25 19:53:19.246119+00:00	2026-03-25 19:53:19.246119+00:00	fef09d4c-0a7f-49cf-9e4f-f609256a3686	{"pid": "A024978532", "type": "bf:Organisation", "conference": false, "variant_name": ["Savonlinna Opera Festival Orchestra", "Savonlinnan Oopperajuhlat. Orkesteri", "Orchestra of the Savonlinna opera festival"], "preferred_name": "Savonlinnan Oopperajuhlaorkesteri", "variant_access_point": ["Savonlinna Opera Festival Orchestra", "Savonlinnan Oopperajuhlat. Orkesteri", "Orchestra of the Savonlinna opera festival"], "authorized_access_point": "Savonlinnan Oopperajuhlaorkesteri", "md5": "9b4f37b86ca4e3ba32d6d06e4d2a499c", "$schema": "https://mef.rero.ch/schemas/agents_rero/rero-agent-v0.0.1.json"}	1
2026-03-25 19:53:19.246143+00:00	2026-03-25 19:53:19.246143+00:00	8c8148b5-e36b-4a53-b824-fd181099a992	{"pid": "A024983874", "type": "bf:Person", "preferred_name": "Yoo, Sinac", "authorized_access_point": "Yoo, Sinac", "md5": "a6de2c99fb26d5462a023582de2f7626", "$schema": "https://mef.rero.ch/schemas/agents_rero/rero-agent-v0.0.1.json"}	1
2026-03-25 19:53:19.246165+00:00	2026-03-25 19:53:19.246165+00:00	dcb32111-35a1-4417-8bd5-a83cd4bace6c	{"pid": "A025024778", "type": "bf:Person", "preferred_name": "Hischier, David", "authorized_access_point": "Hischier, David", "md5": "c82aa83d776ea3bcfbe18bf01b890249", "$schema": "https://mef.rero.ch/schemas/agents_rero/rero-agent-v0.0.1.json"}	1
2026-03-25 19:53:19.246186+00:00	2026-03-25 19:53:19.246186+00:00	79dd4700-c2c6-4aee-9152-c7c8ceb19630	{"pid": "A025029914", "type": "bf:Person", "preferred_name": "Razaq, J\\u0101bir", "authorized_access_point": "Razaq, J\\u0101bir", "md5": "8b66dbff25a0dccdf8dcbeceabc94e47", "$schema": "https://mef.rero.ch/schemas/agents_rero/rero-agent-v0.0.1.json"}	1
2026-03-25 19:53:19.246207+00:00	2026-03-25 19:53:19.246207+00:00	32d9e3c5-4f51-498b-9717-2b179c648ceb	{"pid": "A025056747", "type": "bf:Person", "preferred_name": "Chifflot, J", "authorized_access_point": "Chifflot, J", "md5": "9fd54e23b5671c52be96b1202675364c", "$schema": "https://mef.rero.ch/schemas/agents_rero/rero-agent-v0.0.1.json"}	1
2026-03-25 19:53:19.246228+00:00	2026-03-25 19:53:19.246228+00:00	49c682d7-e718-40ed-b8a5-72a3123a1037	{"pid": "A025075603", "type": "bf:Person", "preferred_name": "Tall, Djeny", "authorized_access_point": "Tall, Djeny", "md5": "3fc48a9314dc7e7e50dc4aa55540d50e", "$schema": "https://mef.rero.ch/schemas/agents_rero/rero-agent-v0.0.1.json"}	1
2026-03-25 19:53:19.246251+00:00	2026-03-25 19:53:19.246251+00:00	e72d4f4a-7998-45eb-9ae0-dc7b41d701d9	{"pid": "A025086688", "type": "bf:Person", "variant_name": ["Dallos, Stephanus,"], "date_of_birth": "18\\u00e8me si\\u00e8cle", "preferred_name": "Dallos, Istv\\u00e1n,", "variant_access_point": ["Dallos, Stephanus, 18\\u00e8me si\\u00e8cle"], "authorized_access_point": "Dallos, Istv\\u00e1n, 18\\u00e8me si\\u00e8cle", "md5": "df99b7acfdb4fbba1d731096518294fd", "$schema": "https://mef.rero.ch/schemas/agents_rero/rero-agent-v0.0.1.json"}	1
2026-03-25 19:53:19.246276+00:00	2026-03-25 19:53:19.246276+00:00	ea1ed018-5df3-495b-81c1-45b2b47269c0	{"pid": "A025119661", "type": "bf:Organisation", "conference": false, "preferred_name": "Arbeitskreis der Sprachenzentren, Sprachlehrinstitute und Fremdspracheninstitute. Arbeitstagung 2008 :", "authorized_access_point": "Arbeitskreis der Sprachenzentren, Sprachlehrinstitute und Fremdspracheninstitute. Arbeitstagung (25 : 2008 : Passau)", "md5": "41445a4bb42c48e5afa85fec927b91ed", "$schema": "https://mef.rero.ch/schemas/agents_rero/rero-agent-v0.0.1.json"}	1
2026-03-25 19:53:19.246311+00:00	2026-03-25 19:53:19.246311+00:00	8316d502-5d59-4837-9374-3165cd652206	{"pid": "A025121507", "type": "bf:Person", "preferred_name": "Ghiani, Alessandra", "authorized_access_point": "Ghiani, Alessandra", "md5": "83190dec4ef78d8e980729b7d0bc90d2", "$schema": "https://mef.rero.ch/schemas/agents_rero/rero-agent-v0.0.1.json"}	1
2026-03-25 19:53:19.246333+00:00	2026-03-25 19:53:19.246333+00:00	d33a396d-34ec-45df-99ac-cdb482010a1d	{"pid": "A025244362", "type": "bf:Person", "preferred_name": "Valloni, Renzo", "authorized_access_point": "Valloni, Renzo", "md5": "25820580c4e19a5fa2623d61cc4390f1", "$schema": "https://mef.rero.ch/schemas/agents_rero/rero-agent-v0.0.1.json"}	1
2026-03-25 19:53:19.246354+00:00	2026-03-25 19:53:19.246354+00:00	82e1110d-e5ee-4e61-8dfd-663ca45ddac4	{"pid": "A025252592", "type": "bf:Person", "preferred_name": "B\\u00f6ller-Herzog, Hans", "authorized_access_point": "B\\u00f6ller-Herzog, Hans", "md5": "2383fe79f6fe7310efed63fc43286bd2", "$schema": "https://mef.rero.ch/schemas/agents_rero/rero-agent-v0.0.1.json"}	1
2026-03-25 19:53:19.246377+00:00	2026-03-25 19:53:19.246377+00:00	573b9936-c5b7-47a6-85d6-090540899efc	{"pid": "A025258576", "type": "bf:Person", "date_of_birth": "1730", "date_of_death": "1757", "preferred_name": "Br\\u00fcckmann, Ernst Ludwig,", "authorized_access_point": "Br\\u00fcckmann, Ernst Ludwig, 1730-1757", "md5": "ad5be77baf6378eb5f0754099913a9c5", "$schema": "https://mef.rero.ch/schemas/agents_rero/rero-agent-v0.0.1.json"}	1
2026-03-25 19:53:19.246399+00:00	2026-03-25 19:53:19.246399+00:00	f7c6530c-8323-4707-88d0-ed23bd7cf114	{"pid": "A025259137", "type": "bf:Person", "preferred_name": "Thaysen, Maren", "authorized_access_point": "Thaysen, Maren", "md5": "7fe41b6b00b535fdf5ff9ae8e1cd34d5", "$schema": "https://mef.rero.ch/schemas/agents_rero/rero-agent-v0.0.1.json"}	1
2026-03-25 19:53:19.246420+00:00	2026-03-25 19:53:19.246420+00:00	65a7533a-1549-4cd2-a93f-bf9bf0bf282c	{"pid": "A025287146", "type": "bf:Organisation", "conference": false, "preferred_name": "Print Council of America", "authorized_access_point": "Print Council of America", "md5": "0bf0477dfe8c35d489dc15961d2d0b61", "$schema": "https://mef.rero.ch/schemas/agents_rero/rero-agent-v0.0.1.json"}	1
2026-03-25 19:53:19.246445+00:00	2026-03-25 19:53:19.246445+00:00	f9e8bd8d-d66c-4fd8-8e16-02803a6e9a0d	{"pid": "A025328121", "type": "bf:Person", "variant_name": ["Hofer, Nicola Thomas"], "preferred_name": "Hofer, Nicola", "variant_access_point": ["Hofer, Nicola Thomas"], "authorized_access_point": "Hofer, Nicola", "biographical_information": ["Juriste suisse ; \\"Dr. Nicola Hofer studierte Rechtswissenschaft an der Universit\\u00e4t Bern, Universit\\u00e9 Paris 1 Panth\\u00e9on-Sorbonne und Peking University. Zurzeit absolviert er ein EDA-Hochschulpraktikum in Taiwan.\\" (2020)"], "md5": "400244b6ecff42b073bd6571fdaac7a5", "$schema": "https://mef.rero.ch/schemas/agents_rero/rero-agent-v0.0.1.json"}	1
2026-03-25 19:53:19.246470+00:00	2026-03-25 19:53:19.246470+00:00	b6a8c785-167e-400a-8f92-6d7bfaf95fc5	{"pid": "A025329777", "type": "bf:Organisation", "conference": true, "preferred_name": "Manifesta 2004 :", "authorized_access_point": "Manifesta (5 : 2004 : Donostia-San Sebastian)", "md5": "6b97d07ac54140ce96e21980622afe29", "$schema": "https://mef.rero.ch/schemas/agents_rero/rero-agent-v0.0.1.json"}	1
2026-03-25 19:53:19.246492+00:00	2026-03-25 19:53:19.246492+00:00	70b05886-4eac-4bd9-8c62-259605156111	{"pid": "A025330235", "type": "bf:Person", "preferred_name": "Corti, Maurizio", "authorized_access_point": "Corti, Maurizio", "md5": "a01a823cfab522505382f9f5bcd4245f", "$schema": "https://mef.rero.ch/schemas/agents_rero/rero-agent-v0.0.1.json"}	1
2026-03-25 19:53:19.246513+00:00	2026-03-25 19:53:19.246513+00:00	c5d931ad-1e3e-426e-8c07-06d010731fc4	{"pid": "A025337143", "type": "bf:Person", "preferred_name": "Renaud, Heidy", "authorized_access_point": "Renaud, Heidy", "md5": "a1663939115c96e5304419da2e2a267b", "$schema": "https://mef.rero.ch/schemas/agents_rero/rero-agent-v0.0.1.json"}	1
2026-03-25 19:53:19.246534+00:00	2026-03-25 19:53:19.246534+00:00	8ff53166-add1-4ba0-afa0-ee169fa9f675	{"pid": "A025360796", "type": "bf:Person", "preferred_name": "Chen, Mingyan", "authorized_access_point": "Chen, Mingyan", "md5": "2cc94ade4016878359112682892b288e", "$schema": "https://mef.rero.ch/schemas/agents_rero/rero-agent-v0.0.1.json"}	1
2026-03-25 19:53:19.246555+00:00	2026-03-25 19:53:19.246555+00:00	15d7dfb2-e87d-4561-a702-1c0f34fa7e49	{"pid": "A025367912", "type": "bf:Person", "preferred_name": "N\\u00e4r\\u00e4, Katarina", "authorized_access_point": "N\\u00e4r\\u00e4, Katarina", "md5": "d44de9adaafb6f3c1e60e662530eb433", "$schema": "https://mef.rero.ch/schemas/agents_rero/rero-agent-v0.0.1.json"}	1
2026-03-25 19:53:19.246579+00:00	2026-03-25 19:53:19.246579+00:00	9757c57c-1eb7-4802-af07-93ff6f642c5e	{"pid": "A025387385", "type": "bf:Organisation", "conference": false, "variant_name": ["Muze\\u02beon le-omanut Yi\\u015bre\\u02beelit (Ramat Gan)"], "preferred_name": "Museum of Israel Art (Ramat Gan)", "variant_access_point": ["Muze\\u02beon le-omanut Yi\\u015bre\\u02beelit (Ramat Gan)"], "authorized_access_point": "Museum of Israel Art (Ramat Gan)", "md5": "bc2bdab7bae9e49f8cd5d22bf02d0c18", "$schema": "https://mef.rero.ch/schemas/agents_rero/rero-agent-v0.0.1.json"}	1
2026-03-25 19:53:19.246603+00:00	2026-03-25 19:53:19.246603+00:00	6509710f-935b-4d28-a383-7875290326de	{"pid": "A025397944", "type": "bf:Organisation", "conference": false, "preferred_name": "Centro pedagogico-didattico per la Svizzera (Bern). Groupe mixte italo-suisse", "authorized_access_point": "Centro pedagogico-didattico per la Svizzera (Bern). Groupe mixte italo-suisse", "md5": "b1094125f7a6639f96e8e1f62b8381b6", "$schema": "https://mef.rero.ch/schemas/agents_rero/rero-agent-v0.0.1.json"}	1
2026-03-25 19:53:19.246625+00:00	2026-03-25 19:53:19.246625+00:00	80ba6d83-6951-4c06-a2f4-a456b4a0ee93	{"pid": "A025418238", "type": "bf:Person", "preferred_name": "Hirsch, Georg Friedrich Andreas", "authorized_access_point": "Hirsch, Georg Friedrich Andreas", "md5": "7a72429158eb96d9561f4ccf7ae67f01", "$schema": "https://mef.rero.ch/schemas/agents_rero/rero-agent-v0.0.1.json"}	1
2026-03-25 19:53:19.246647+00:00	2026-03-25 19:53:19.246647+00:00	ef4f710e-30c9-4c3d-81fc-8420771ab5a8	{"pid": "A025435600", "type": "bf:Person", "preferred_name": "Vincensini, C\\u00e9dric", "authorized_access_point": "Vincensini, C\\u00e9dric", "md5": "1438ee7afd5b98914d38ce0fcf6367c2", "$schema": "https://mef.rero.ch/schemas/agents_rero/rero-agent-v0.0.1.json"}	1
2026-03-25 19:53:19.246677+00:00	2026-03-25 19:53:19.246677+00:00	3e658a41-aedb-425b-a0a2-f07169e2842d	{"pid": "A025454683", "type": "bf:Person", "date_of_birth": "1939", "preferred_name": "Brown, Jonathan,", "authorized_access_point": "Brown, Jonathan, 1939-", "md5": "9bade459ad990ae549f89f5d725ed47d", "$schema": "https://mef.rero.ch/schemas/agents_rero/rero-agent-v0.0.1.json"}	1
2026-03-25 19:53:19.246699+00:00	2026-03-25 19:53:19.246699+00:00	73b00269-4427-43c9-b44e-5cda83ce08bb	{"pid": "A025477095", "type": "bf:Organisation", "conference": false, "preferred_name": "Seprewa Kasa", "authorized_access_point": "Seprewa Kasa", "md5": "5e60f29670800b6244f6a0b07acce96b", "$schema": "https://mef.rero.ch/schemas/agents_rero/rero-agent-v0.0.1.json"}	1
2026-03-25 19:53:19.246720+00:00	2026-03-25 19:53:19.246720+00:00	af71beca-5c55-44ca-aca3-bbf17d03b87c	{"pid": "A025504164", "type": "bf:Person", "preferred_name": "Saul, Matthew", "authorized_access_point": "Saul, Matthew", "md5": "24182ce120c86ebb71f8391e00b49840", "$schema": "https://mef.rero.ch/schemas/agents_rero/rero-agent-v0.0.1.json"}	1
2026-03-25 19:53:19.246741+00:00	2026-03-25 19:53:19.246741+00:00	93f78413-5623-4e55-af3d-ceb833b485d9	{"pid": "A025537929", "type": "bf:Person", "preferred_name": "Renou\\u00e9, Pierre-Fran\\u00e7ois", "authorized_access_point": "Renou\\u00e9, Pierre-Fran\\u00e7ois", "md5": "5918d1525ebe5df6a3882b6ce421913e", "$schema": "https://mef.rero.ch/schemas/agents_rero/rero-agent-v0.0.1.json"}	1
2026-03-25 19:53:19.246763+00:00	2026-03-25 19:53:19.246763+00:00	f765bcd9-fb1b-4c53-b721-dbcb9c0a53ed	{"pid": "A025540309", "type": "bf:Person", "preferred_name": "Gabarski, Sam", "authorized_access_point": "Gabarski, Sam", "md5": "64788c5e122e7676e88a02903b16846d", "$schema": "https://mef.rero.ch/schemas/agents_rero/rero-agent-v0.0.1.json"}	1
2026-03-25 19:53:19.246785+00:00	2026-03-25 19:53:19.246785+00:00	eb2596d5-13ae-4b29-9e1d-489f55b8caa0	{"pid": "A025581873", "type": "bf:Organisation", "conference": false, "preferred_name": "Konstanzer Arbeitskreis f\\u00fcr Sportrecht. Herbsttagung (2012 :", "authorized_access_point": "Konstanzer Arbeitskreis f\\u00fcr Sportrecht. Herbsttagung (2012 : Warnem\\u00fcnde)", "md5": "3906a1647ba370dd9bafc27b505d3594", "$schema": "https://mef.rero.ch/schemas/agents_rero/rero-agent-v0.0.1.json"}	1
2026-03-25 19:53:19.246853+00:00	2026-03-25 19:53:19.246853+00:00	36186bb6-e129-45a1-9bcf-0f89c8ed1171	{"pid": "A025582144", "type": "bf:Person", "date_of_birth": "1926", "preferred_name": "Jobe, Evan Kermit,", "authorized_access_point": "Jobe, Evan Kermit, 1926-", "md5": "faf3435f3a19d110f0f3d8fcf2cfe9a6", "$schema": "https://mef.rero.ch/schemas/agents_rero/rero-agent-v0.0.1.json"}	1
2026-03-25 19:53:19.247384+00:00	2026-03-25 19:53:19.247384+00:00	c561c84b-03ff-4f7b-ae89-7a39fb1272f9	{"pid": "A025610247", "type": "bf:Organisation", "conference": true, "preferred_name": "Colloque international d'histoire et de spiritualit\\u00e9 cartusiennes 2014 :", "authorized_access_point": "Colloque international d'histoire et de spiritualit\\u00e9 cartusiennes (35 : 2014 : K\\u00f6ln)", "md5": "49e4e8472230d3dc07b746a96ed750d7", "$schema": "https://mef.rero.ch/schemas/agents_rero/rero-agent-v0.0.1.json"}	1
2026-03-25 19:53:19.247414+00:00	2026-03-25 19:53:19.247414+00:00	651fe548-9a08-4a3c-91e2-301a0b8632ea	{"pid": "A025614399", "type": "bf:Person", "preferred_name": "Clark, Chester Wells", "authorized_access_point": "Clark, Chester Wells", "md5": "acd9e535b60eda265670f68111ec865a", "$schema": "https://mef.rero.ch/schemas/agents_rero/rero-agent-v0.0.1.json"}	1
2026-03-25 19:53:19.247437+00:00	2026-03-25 19:53:19.247437+00:00	d1b1b177-ad80-4cd0-8e23-7a26081b013a	{"pid": "A025630450", "type": "bf:Person", "preferred_name": "Salzmann, Marc", "authorized_access_point": "Salzmann, Marc", "md5": "7f5118d4087f20d27127d25526279631", "$schema": "https://mef.rero.ch/schemas/agents_rero/rero-agent-v0.0.1.json"}	1
2026-03-25 19:53:19.247459+00:00	2026-03-25 19:53:19.247459+00:00	29cd4f07-4daa-4899-8fd7-75ed8e55b6c8	{"pid": "A025632565", "type": "bf:Person", "preferred_name": "Fried, Hans Ernest", "authorized_access_point": "Fried, Hans Ernest", "md5": "4b627c26d04df36d35af5aff9094a54f", "$schema": "https://mef.rero.ch/schemas/agents_rero/rero-agent-v0.0.1.json"}	1
2026-03-25 19:53:19.247482+00:00	2026-03-25 19:53:19.247482+00:00	b452f851-9159-4047-aa43-a33bc2732b60	{"pid": "A025639432", "type": "bf:Person", "preferred_name": "Moncenix, Jean Fran\\u00e7ois de", "authorized_access_point": "Moncenix, Jean Fran\\u00e7ois de", "md5": "31614b2242809ad8c43d2b662e31d138", "$schema": "https://mef.rero.ch/schemas/agents_rero/rero-agent-v0.0.1.json"}	1
2026-03-25 19:53:19.247504+00:00	2026-03-25 19:53:19.247504+00:00	e9cc81c1-873e-4abf-9153-e01db1f200c5	{"pid": "A025669520", "type": "bf:Person", "preferred_name": "Robineau, Jean-Fran\\u00e7ois", "authorized_access_point": "Robineau, Jean-Fran\\u00e7ois", "md5": "7f429f62e15b0ce776b24a2aef7955c4", "$schema": "https://mef.rero.ch/schemas/agents_rero/rero-agent-v0.0.1.json"}	1
2026-03-25 19:53:19.247526+00:00	2026-03-25 19:53:19.247526+00:00	9f36db36-d474-4925-994c-c1bc11908423	{"pid": "A025676459", "type": "bf:Person", "preferred_name": "Haga, Anna", "authorized_access_point": "Haga, Anna", "md5": "8ee840d14b470545b1f0f77a57bc43b7", "$schema": "https://mef.rero.ch/schemas/agents_rero/rero-agent-v0.0.1.json"}	1
2026-03-25 19:53:19.247547+00:00	2026-03-25 19:53:19.247547+00:00	b14968ed-6484-4fa9-8281-54dec026a406	{"pid": "A025678092", "type": "bf:Person", "preferred_name": "Dooms, Gaspar", "authorized_access_point": "Dooms, Gaspar", "md5": "7cd794d972d2b225ae1501e528f0d9ac", "$schema": "https://mef.rero.ch/schemas/agents_rero/rero-agent-v0.0.1.json"}	1
2026-03-25 19:53:19.247568+00:00	2026-03-25 19:53:19.247568+00:00	2bcef00e-46ff-47f2-aefa-37bd33036363	{"pid": "A025679166", "type": "bf:Person", "preferred_name": "Nicolosi-Roncati, F", "authorized_access_point": "Nicolosi-Roncati, F", "md5": "c379a228a69c0a80b52c05836978d0ac", "$schema": "https://mef.rero.ch/schemas/agents_rero/rero-agent-v0.0.1.json"}	1
2026-03-25 19:53:19.247590+00:00	2026-03-25 19:53:19.247590+00:00	6492bc87-370b-4ecc-a092-eecebb95571c	{"pid": "A025681987", "type": "bf:Organisation", "conference": false, "preferred_name": "Gruppe Gegenbilder", "authorized_access_point": "Gruppe Gegenbilder", "md5": "38284960255c005d3b9ec27a6c592725", "$schema": "https://mef.rero.ch/schemas/agents_rero/rero-agent-v0.0.1.json"}	1
2026-03-25 19:53:19.247620+00:00	2026-03-25 19:53:19.247620+00:00	44e0319a-ed9e-4b8a-a097-804a6ac1f942	{"pid": "A025688432", "type": "bf:Person", "preferred_name": "Ribeiro, Marc", "authorized_access_point": "Ribeiro, Marc", "md5": "61e21b6f6aeca98b57af0d49801adffb", "$schema": "https://mef.rero.ch/schemas/agents_rero/rero-agent-v0.0.1.json"}	1
2026-03-25 19:53:19.247642+00:00	2026-03-25 19:53:19.247642+00:00	21af5e5f-59f6-4f2c-8f66-7c2c830127da	{"pid": "A025691379", "type": "bf:Person", "qualifier": "infirmi\\u00e8re", "preferred_name": "Cottet, Val\\u00e9rie, infirmi\\u00e8re", "authorized_access_point": "Cottet, Val\\u00e9rie, infirmi\\u00e8re", "md5": "9ac353babb0f6efbdcbc3e72315b1bed", "$schema": "https://mef.rero.ch/schemas/agents_rero/rero-agent-v0.0.1.json"}	1
2026-03-25 19:53:19.247665+00:00	2026-03-25 19:53:19.247665+00:00	2e1ba66c-a145-4176-94d7-e261516d2d51	{"pid": "A025694319", "type": "bf:Person", "preferred_name": "Sibears, Daniel M", "authorized_access_point": "Sibears, Daniel M", "md5": "3d29df6210c7ae3836637f77dd7b8f3a", "$schema": "https://mef.rero.ch/schemas/agents_rero/rero-agent-v0.0.1.json"}	1
2026-03-25 19:53:19.247687+00:00	2026-03-25 19:53:19.247687+00:00	cb638f03-42e6-4595-876f-7bc52c4ce14e	{"pid": "A025711026", "type": "bf:Person", "preferred_name": "Orozco, Luis Ch\\u00e1vez", "authorized_access_point": "Orozco, Luis Ch\\u00e1vez", "md5": "7e1b1e3d39d3717f7edb0bef773c3e31", "$schema": "https://mef.rero.ch/schemas/agents_rero/rero-agent-v0.0.1.json"}	1
2026-03-25 19:53:19.247708+00:00	2026-03-25 19:53:19.247708+00:00	65ae3700-d83d-4eac-900e-5b9e57bf8249	{"pid": "A025712587", "type": "bf:Person", "preferred_name": "Vagner, Marion", "authorized_access_point": "Vagner, Marion", "md5": "c660ceb43e5cebad01201bed06693e44", "$schema": "https://mef.rero.ch/schemas/agents_rero/rero-agent-v0.0.1.json"}	1
2026-03-25 19:53:19.247733+00:00	2026-03-25 19:53:19.247733+00:00	54a9c115-01f9-4f4f-8eba-ba524381bbd7	{"pid": "A025721356", "type": "bf:Person", "variant_name": ["Otto, Bettina,", "Otto, Bettina Jellouschek-,"], "date_of_birth": "1956", "preferred_name": "Jellouschek-Otto, Bettina,", "variant_access_point": ["Otto, Bettina, 1956-", "Otto, Bettina Jellouschek-, 1956-"], "authorized_access_point": "Jellouschek-Otto, Bettina, 1956-", "biographical_information": ["Ecrivain, germaniste, psychologue"], "md5": "5457552472058c6287539231f4ac2718", "$schema": "https://mef.rero.ch/schemas/agents_rero/rero-agent-v0.0.1.json"}	1
2026-03-25 19:53:19.247767+00:00	2026-03-25 19:53:19.247767+00:00	b9ec7ffc-d264-4452-a8ab-f704c8b65fab	{"pid": "A025723446", "type": "bf:Person", "preferred_name": "Kaliska, Maria", "authorized_access_point": "Kaliska, Maria", "md5": "a2f61f5822b13775adfe80f6aa2618af", "$schema": "https://mef.rero.ch/schemas/agents_rero/rero-agent-v0.0.1.json"}	1
2026-03-25 19:53:19.247790+00:00	2026-03-25 19:53:19.247790+00:00	5fccf1bf-e60f-4106-ae4c-3a2900bcad2c	{"pid": "A025730129", "type": "bf:Organisation", "conference": false, "preferred_name": "Xavier Hufkens (Bruxelles)", "authorized_access_point": "Xavier Hufkens (Bruxelles)", "md5": "9770c6e76686a18ada31beb5624da6d1", "$schema": "https://mef.rero.ch/schemas/agents_rero/rero-agent-v0.0.1.json"}	1
2026-03-25 19:53:19.247812+00:00	2026-03-25 19:53:19.247812+00:00	58312738-1be2-4a71-89ca-5c2b83ecc479	{"pid": "A025745173", "type": "bf:Person", "preferred_name": "Lenggenhager, Aliz\\u00e9e", "authorized_access_point": "Lenggenhager, Aliz\\u00e9e", "md5": "2988311d19783f5597717f55514251b5", "$schema": "https://mef.rero.ch/schemas/agents_rero/rero-agent-v0.0.1.json"}	1
2026-03-25 19:53:19.247835+00:00	2026-03-25 19:53:19.247835+00:00	043b2382-96e1-425f-ac94-a5a2f9f6d9f2	{"pid": "A025772014", "type": "bf:Person", "preferred_name": "Kalambay Kabeya, Christian", "authorized_access_point": "Kalambay Kabeya, Christian", "md5": "45dafc1034427b7f27cf55301ee41d54", "$schema": "https://mef.rero.ch/schemas/agents_rero/rero-agent-v0.0.1.json"}	1
2026-03-25 19:53:19.247857+00:00	2026-03-25 19:53:19.247857+00:00	3a0a4940-e2a1-4c93-8a2a-ada7a8302efd	{"pid": "A025773339", "type": "bf:Organisation", "conference": true, "preferred_name": "Theology and the Local Church in the Holy Land 1987->)", "authorized_access_point": "Theology and the Local Church in the Holy Land (1-> : 1987->)", "md5": "285b6bcd691cc7aa005d36416740aa5d", "$schema": "https://mef.rero.ch/schemas/agents_rero/rero-agent-v0.0.1.json"}	1
2026-03-25 19:53:19.247880+00:00	2026-03-25 19:53:19.247880+00:00	8240e486-fc19-44e1-bcd4-38fd7bb061d9	{"pid": "A025780261", "type": "bf:Person", "preferred_name": "Jorgensen, James H", "authorized_access_point": "Jorgensen, James H", "md5": "df102536f4ce1419135445ca13f2097b", "$schema": "https://mef.rero.ch/schemas/agents_rero/rero-agent-v0.0.1.json"}	1
2026-03-25 19:53:19.247902+00:00	2026-03-25 19:53:19.247902+00:00	ec5a562a-770d-4464-a240-b06a5b6a245b	{"pid": "A025785978", "type": "bf:Person", "preferred_name": "Lemos, Rog\\u00e9rio de", "authorized_access_point": "Lemos, Rog\\u00e9rio de", "md5": "79d583aabf1c6202346d9929e221b1d1", "$schema": "https://mef.rero.ch/schemas/agents_rero/rero-agent-v0.0.1.json"}	1
2026-03-25 19:53:19.247924+00:00	2026-03-25 19:53:19.247924+00:00	e52d01cd-0518-4f2d-9389-d685d7118af6	{"pid": "A025796144", "type": "bf:Person", "preferred_name": "Tripathi, Arti", "authorized_access_point": "Tripathi, Arti", "md5": "d384f6938447622f13a3c7ed8ce9bf0c", "$schema": "https://mef.rero.ch/schemas/agents_rero/rero-agent-v0.0.1.json"}	1
2026-03-25 19:53:19.247945+00:00	2026-03-25 19:53:19.247945+00:00	88c5ec35-e901-410b-accc-aa7e2b11b530	{"pid": "A025797147", "type": "bf:Person", "preferred_name": "Nippel, Julien", "authorized_access_point": "Nippel, Julien", "md5": "996d3f12fbc1e64186f0dcce9d2f54c5", "$schema": "https://mef.rero.ch/schemas/agents_rero/rero-agent-v0.0.1.json"}	1
2026-03-25 19:53:19.247969+00:00	2026-03-25 19:53:19.247969+00:00	cbf19666-16b9-42ff-abc0-38a4a33fd5ca	{"pid": "A025804299", "type": "bf:Person", "qualifier": "(de Nic\\u00e9e)", "variant_name": ["Antigonos (de Nikaia)", "Antigonus (Nicaeanus)"], "preferred_name": "Antigone (de Nic\\u00e9e)", "variant_access_point": ["Antigonos (de Nikaia)", "Antigonus (Nicaeanus)"], "authorized_access_point": "Antigone (de Nic\\u00e9e)", "md5": "fa21429b80e8ea031ba55014573f40cf", "$schema": "https://mef.rero.ch/schemas/agents_rero/rero-agent-v0.0.1.json"}	1
2026-03-25 19:53:19.247993+00:00	2026-03-25 19:53:19.247993+00:00	14a8b018-ecc2-4f4a-898c-f528c7fcf4a3	{"pid": "A025826851", "type": "bf:Person", "preferred_name": "Rockstraw, Leland", "authorized_access_point": "Rockstraw, Leland", "md5": "92734f5258f8cb13a46155425ec766e6", "$schema": "https://mef.rero.ch/schemas/agents_rero/rero-agent-v0.0.1.json"}	1
2026-03-25 19:53:19.248024+00:00	2026-03-25 19:53:19.248024+00:00	847d27d6-7fe4-42d7-8be7-cb0ae00c9980	{"pid": "A025833339", "type": "bf:Person", "variant_name": ["Jara, Camilo B\\u00e1cares"], "preferred_name": "B\\u00e1cares Jara, Camilo", "variant_access_point": ["Jara, Camilo B\\u00e1cares"], "authorized_access_point": "B\\u00e1cares Jara, Camilo", "md5": "609f002d3f8a1a713c53cfd9fcbac68c", "$schema": "https://mef.rero.ch/schemas/agents_rero/rero-agent-v0.0.1.json"}	1
2026-03-25 19:53:19.248047+00:00	2026-03-25 19:53:19.248047+00:00	0fd4aba5-6af6-4135-8e8f-0006b44e6f44	{"pid": "A025835776", "type": "bf:Person", "preferred_name": "Delumeau, Martine", "authorized_access_point": "Delumeau, Martine", "md5": "95f72c30dbc0a686397d74d12e52b9e2", "$schema": "https://mef.rero.ch/schemas/agents_rero/rero-agent-v0.0.1.json"}	1
2026-03-25 19:53:19.248068+00:00	2026-03-25 19:53:19.248068+00:00	d10fe34f-1cfa-4f5f-a6a7-b67ad9ccd478	{"pid": "A025837185", "type": "bf:Person", "preferred_name": "Bethge, Clemens W", "authorized_access_point": "Bethge, Clemens W", "md5": "e97e01310fc1f0a41d7fd3cf8f2cc004", "$schema": "https://mef.rero.ch/schemas/agents_rero/rero-agent-v0.0.1.json"}	1
2026-03-25 19:53:19.248090+00:00	2026-03-25 19:53:19.248090+00:00	a4872753-b023-438a-954e-27257850d8d8	{"pid": "A025845397", "type": "bf:Person", "preferred_name": "Berckenmeyer, Wilhelm Christoph", "authorized_access_point": "Berckenmeyer, Wilhelm Christoph", "md5": "0e28bea412b59f7fa17266284a278ce1", "$schema": "https://mef.rero.ch/schemas/agents_rero/rero-agent-v0.0.1.json"}	1
2026-03-25 19:53:19.248111+00:00	2026-03-25 19:53:19.248111+00:00	eb904eaf-58a5-4f0f-98e2-8e619f7a578a	{"pid": "A025848952", "type": "bf:Person", "preferred_name": "Sch\\u00fctz, Detta Sophie", "authorized_access_point": "Sch\\u00fctz, Detta Sophie", "md5": "1e0ce97d1fd4a1f4d31d55b4ed76e84b", "$schema": "https://mef.rero.ch/schemas/agents_rero/rero-agent-v0.0.1.json"}	1
2026-03-25 19:53:19.248143+00:00	2026-03-25 19:53:19.248143+00:00	0ca3bb34-a271-4307-89cb-c3b87bcddf20	{"pid": "A025851501", "type": "bf:Person", "variant_name": ["Kuchlein, Johannes,", "Kuchlinus, Johannes,", "Kuchlinus, Joannes,", "Cuchlinus, Johannes,", "Keuchlinus, Johannes,", "K\\u00fcchlin, Jean,"], "date_of_birth": "1546", "date_of_death": "1606", "preferred_name": "K\\u00fcchlein, Johann,", "variant_access_point": ["Kuchlein, Johannes, 1546-1606", "Kuchlinus, Johannes, 1546-1606", "Kuchlinus, Joannes, 1546-1606", "Cuchlinus, Johannes, 1546-1606", "Keuchlinus, Johannes, 1546-1606", "K\\u00fcchlin, Jean, 1546-1606"], "authorized_access_point": "K\\u00fcchlein, Johann, 1546-1606", "biographical_information": ["The\\u0301ologien allemand. Ministre protestant et professeur en the\\u0301ologie. Il naquit a\\u0300 Wetterau (Hesse) en 1546, mourut a\\u0300 Leyde, le 2 juillet 1606. Apre\\u0300s avoir termine\\u0301 ses e\\u0301tudes a\\u0300 Heidelberg, il fut rec\\u0327u ministre et attache\\u0301 a\\u0300 l'e\\u0301glise de Tackenheim. Les pasteurs calvinistes ayant e\\u0301te\\u0301 chasse\\u0301s du pays, en 1576, par l'e\\u0301lecteur Louis, qui se pre\\u0301tendait luthe\\u0301rien, Johann K\\u00fcchlein passa en Hollande, enseigna pendant dix-huit ans la the\\u0301ologie a\\u0300 Amsterdam, et dirigea, depuis 1595, le colle\\u0300ge de Leyde. Devant lui, de nombreuses the\\u0300ses furent soutenues. En 1613, ces travaux ont e\\u0301te\\u0301 publie\\u0301s, a\\u0300 Gene\\u0300ve, en un seul volume in-quarto, sous le titre : \\"Theologicae disputationes de religionis christianae capitibus praecipuis...\\". Selon Bayle, Guy Patin l'a fort loue\\u0301, et un peu trop, car il le nommait \\"un des plus savants hommes de son sie\\u0300cle\\""], "md5": "f46a0f1a7c7ab7d608544a5c5f9e9b97", "$schema": "https://mef.rero.ch/schemas/agents_rero/rero-agent-v0.0.1.json"}	1
2026-03-25 19:53:19.248174+00:00	2026-03-25 19:53:19.248174+00:00	4730cba9-d62b-4020-ba2b-8176e3f11d03	{"pid": "A025884069", "type": "bf:Person", "preferred_name": "Vaulx, Sandra de", "authorized_access_point": "Vaulx, Sandra de", "md5": "13dabacb2f5c83c5d3d78ddce3aac6b9", "$schema": "https://mef.rero.ch/schemas/agents_rero/rero-agent-v0.0.1.json"}	1
2026-03-25 19:53:19.248196+00:00	2026-03-25 19:53:19.248196+00:00	a0d714cc-2cb8-40e5-aac1-f56f7e2d9729	{"pid": "A025890846", "type": "bf:Organisation", "conference": false, "preferred_name": "Edmond Jefferson & Sons", "authorized_access_point": "Edmond Jefferson & Sons", "md5": "d0a932e98338c3260de95d2b0d49a65d", "$schema": "https://mef.rero.ch/schemas/agents_rero/rero-agent-v0.0.1.json"}	1
2026-03-25 19:53:19.248219+00:00	2026-03-25 19:53:19.248219+00:00	688a9a57-4fc0-4201-945a-5adcc2feb2eb	{"pid": "A025893734", "type": "bf:Organisation", "conference": false, "preferred_name": "\\u00d6sterreichische Akademie der Wissenschaften. Zentrum Arch\\u00e4ologie und Altertumswissenschaften. Tagung 2012 :", "authorized_access_point": "\\u00d6sterreichische Akademie der Wissenschaften. Zentrum Arch\\u00e4ologie und Altertumswissenschaften. Tagung (4 : 2012 : Salzburg)", "md5": "2065cb77f0ec315cf0155b0375d1f331", "$schema": "https://mef.rero.ch/schemas/agents_rero/rero-agent-v0.0.1.json"}	1
2026-03-25 19:53:19.248242+00:00	2026-03-25 19:53:19.248242+00:00	08cbab8e-aa0b-4ca1-af16-ab10de199be5	{"pid": "A025926750", "type": "bf:Person", "preferred_name": "Feroumont, Bernadette", "authorized_access_point": "Feroumont, Bernadette", "md5": "265c73eebfa7911ce05cdcb3fda8cd4f", "$schema": "https://mef.rero.ch/schemas/agents_rero/rero-agent-v0.0.1.json"}	1
2026-03-25 19:53:19.248263+00:00	2026-03-25 19:53:19.248263+00:00	b66456fc-e3f7-4dad-8717-9fd93b57387e	{"pid": "A025930633", "type": "bf:Person", "preferred_name": "Zell, Johann Daniel Augustin", "authorized_access_point": "Zell, Johann Daniel Augustin", "md5": "01874b85a702178dbd600b97f7c36913", "$schema": "https://mef.rero.ch/schemas/agents_rero/rero-agent-v0.0.1.json"}	1
2026-03-25 19:53:19.248288+00:00	2026-03-25 19:53:19.248288+00:00	27b393cb-752c-40ae-86cd-b9e9b3dd79bc	{"pid": "A025932364", "type": "bf:Organisation", "conference": false, "variant_name": ["Associacion francesa dels catalanistas", "AFC (Association fran\\u00e7aise des catalanistes)"], "preferred_name": "Association fran\\u00e7aise des catalanistes", "variant_access_point": ["Associacion francesa dels catalanistas", "AFC (Association fran\\u00e7aise des catalanistes)"], "authorized_access_point": "Association fran\\u00e7aise des catalanistes", "md5": "0989173a4b563de704bbd40d40d37ecd", "$schema": "https://mef.rero.ch/schemas/agents_rero/rero-agent-v0.0.1.json"}	1
2026-03-25 19:53:19.248312+00:00	2026-03-25 19:53:19.248312+00:00	23a56b16-7ad4-449a-94ed-7fc27d81a784	{"pid": "A025951707", "type": "bf:Person", "preferred_name": "Loretan, Alexandre", "authorized_access_point": "Loretan, Alexandre", "md5": "a55c51b16f47d1c8928ab1bc4a0bc1e3", "$schema": "https://mef.rero.ch/schemas/agents_rero/rero-agent-v0.0.1.json"}	1
2026-03-25 19:53:19.248339+00:00	2026-03-25 19:53:19.248339+00:00	cf09a63f-ebf0-4dbf-9eaf-6ca68542e3cb	{"pid": "A025956739", "type": "bf:Person", "preferred_name": "Bey, Dawond", "authorized_access_point": "Bey, Dawond", "md5": "04b5ad41381fbd609ba141d48b0ccbdf", "$schema": "https://mef.rero.ch/schemas/agents_rero/rero-agent-v0.0.1.json"}	1
2026-03-25 19:53:19.248361+00:00	2026-03-25 19:53:19.248361+00:00	8215845d-bac6-44cd-a811-33d352c2acec	{"pid": "A025958419", "type": "bf:Person", "preferred_name": "Kuzma, Pete", "authorized_access_point": "Kuzma, Pete", "md5": "99d236e0e0789416c7c09bd60a3c034f", "$schema": "https://mef.rero.ch/schemas/agents_rero/rero-agent-v0.0.1.json"}	1
2026-03-25 19:53:19.248385+00:00	2026-03-25 19:53:19.248385+00:00	578a4294-8213-4fa4-acbe-6adbc7d21fb8	{"pid": "A025965491", "type": "bf:Person", "variant_name": ["Petrini, Lisa", "Ferrario, Lisa"], "preferred_name": "Ferrario Petrini, Lisa", "variant_access_point": ["Petrini, Lisa", "Ferrario, Lisa"], "authorized_access_point": "Ferrario Petrini, Lisa", "biographical_information": ["N\\u00e9e en 1983. - Avocate \\u00e0 l'Etude Respini, Jelmini, Beretta Piccoli & Fornara, Lugano"], "md5": "154ef72309f43d8ac021362f6ef0c7a8", "$schema": "https://mef.rero.ch/schemas/agents_rero/rero-agent-v0.0.1.json"}	1
2026-03-25 19:53:19.248409+00:00	2026-03-25 19:53:19.248409+00:00	6dde51b8-bf8c-4367-874a-f01f36829d37	{"pid": "A025967759", "type": "bf:Person", "preferred_name": "Pool, Eva", "authorized_access_point": "Pool, Eva", "md5": "9bc55c7c983bab7a3d9de2151720d86b", "$schema": "https://mef.rero.ch/schemas/agents_rero/rero-agent-v0.0.1.json"}	1
2026-03-25 19:53:19.248429+00:00	2026-03-25 19:53:19.248429+00:00	522fca7c-22ac-4eac-bb15-ba8351291f94	{"pid": "A025976492", "type": "bf:Person", "preferred_name": "Beldsoe, Jane K", "authorized_access_point": "Beldsoe, Jane K", "md5": "8013ca6e6eccbb9a8904804591a80566", "$schema": "https://mef.rero.ch/schemas/agents_rero/rero-agent-v0.0.1.json"}	1
2026-03-25 19:53:19.248453+00:00	2026-03-25 19:53:19.248453+00:00	5df8521c-7a66-4f83-8888-8fae7ff10bee	{"pid": "A025983847", "type": "bf:Person", "variant_name": ["Millamoto, Mar\\u00eda Esther Quintana", "Quintana, Mar\\u00eda Esther", "Quintana M., Mar\\u00eda Esther"], "preferred_name": "Quintana Millamoto, Mar\\u00eda Esther", "variant_access_point": ["Millamoto, Mar\\u00eda Esther Quintana", "Quintana, Mar\\u00eda Esther", "Quintana M., Mar\\u00eda Esther"], "authorized_access_point": "Quintana Millamoto, Mar\\u00eda Esther", "md5": "8f39e930ed8e3119de74aeba8de1b5c3", "$schema": "https://mef.rero.ch/schemas/agents_rero/rero-agent-v0.0.1.json"}	1
2026-03-25 19:53:19.248477+00:00	2026-03-25 19:53:19.248477+00:00	72e8778f-301b-4599-8cbc-a3a9750218f0	{"pid": "A025987021", "type": "bf:Person", "preferred_name": "Imhanobe, Sylvester Omoregie", "authorized_access_point": "Imhanobe, Sylvester Omoregie", "md5": "8294b427b7cac9d8cf5b84a72c6a1efa", "$schema": "https://mef.rero.ch/schemas/agents_rero/rero-agent-v0.0.1.json"}	1
2026-03-25 19:53:19.248499+00:00	2026-03-25 19:53:19.248499+00:00	89346120-265b-4fcf-85a9-0a7ef304e574	{"pid": "A026005729", "type": "bf:Person", "preferred_name": "Krajnovic, Jasma", "authorized_access_point": "Krajnovic, Jasma", "md5": "854428ee088c0564a72e9450719ee035", "$schema": "https://mef.rero.ch/schemas/agents_rero/rero-agent-v0.0.1.json"}	1
2026-03-25 19:53:19.248519+00:00	2026-03-25 19:53:19.248519+00:00	ca04ba10-ad6d-4ea5-8523-f7e2656fe2ce	{"pid": "A026012565", "type": "bf:Person", "preferred_name": "Kracht, Louis", "authorized_access_point": "Kracht, Louis", "md5": "037991b60cac901ba000c3d64f06e423", "$schema": "https://mef.rero.ch/schemas/agents_rero/rero-agent-v0.0.1.json"}	1
2026-03-25 19:53:19.248540+00:00	2026-03-25 19:53:19.248540+00:00	405d8bf5-c6ba-413b-9b44-c0c72e5d25f1	{"pid": "A026015516", "type": "bf:Person", "preferred_name": "Korvin, St\\u00e9phane", "authorized_access_point": "Korvin, St\\u00e9phane", "md5": "b4c3f7049785576d6393d1b15fd5550e", "$schema": "https://mef.rero.ch/schemas/agents_rero/rero-agent-v0.0.1.json"}	1
2026-03-25 19:53:19.248562+00:00	2026-03-25 19:53:19.248562+00:00	6e041360-fa21-4654-a4be-c7957175ee67	{"pid": "A026028252", "type": "bf:Person", "qualifier": "m\\u00e9decin", "preferred_name": "Caron, Michel, m\\u00e9decin", "authorized_access_point": "Caron, Michel, m\\u00e9decin", "md5": "bc5d6bd56ca07ce338ddbfe23e6a8d61", "$schema": "https://mef.rero.ch/schemas/agents_rero/rero-agent-v0.0.1.json"}	1
2026-03-25 19:53:19.248585+00:00	2026-03-25 19:53:19.248585+00:00	8a006929-e3a8-44d3-8c47-0704fc987f12	{"pid": "A026028546", "type": "bf:Person", "date_of_birth": "1972", "preferred_name": "Amesbury, Richard,", "authorized_access_point": "Amesbury, Richard, 1972-", "md5": "163ff5c8eec2f8ae40b0f913976dbeeb", "$schema": "https://mef.rero.ch/schemas/agents_rero/rero-agent-v0.0.1.json"}	1
2026-03-25 19:53:19.248608+00:00	2026-03-25 19:53:19.248608+00:00	bd7987a3-f348-4317-b428-733f10c49366	{"pid": "A026050339", "type": "bf:Organisation", "conference": false, "variant_name": ["Alchimic (th\\u00e9\\u00e2tre, Carouge)"], "preferred_name": "Th\\u00e9\\u00e2tre Alchimic (Carouge)", "variant_access_point": ["Alchimic (th\\u00e9\\u00e2tre, Carouge)"], "authorized_access_point": "Th\\u00e9\\u00e2tre Alchimic (Carouge)", "md5": "135aea986f90c6c648265545a835f3d3", "$schema": "https://mef.rero.ch/schemas/agents_rero/rero-agent-v0.0.1.json"}	1
2026-03-25 19:53:19.248631+00:00	2026-03-25 19:53:19.248631+00:00	b450e0b2-e12d-4720-b452-aef7f92b39a5	{"pid": "A026066357", "type": "bf:Person", "preferred_name": "Schmid, Luna", "authorized_access_point": "Schmid, Luna", "md5": "2eb1ddcff2ddc8980028c1a651084958", "$schema": "https://mef.rero.ch/schemas/agents_rero/rero-agent-v0.0.1.json"}	1
2026-03-25 19:53:19.248652+00:00	2026-03-25 19:53:19.248652+00:00	7cb0d7b6-104a-4aa3-a44c-a8d007694fec	{"pid": "A026085043", "type": "bf:Person", "preferred_name": "Pointet, Raymond", "authorized_access_point": "Pointet, Raymond", "md5": "d39915e406f1b756662c505463ab6130", "$schema": "https://mef.rero.ch/schemas/agents_rero/rero-agent-v0.0.1.json"}	1
2026-03-25 19:53:19.248673+00:00	2026-03-25 19:53:19.248673+00:00	bff8a481-31a8-4d98-8bb0-48acf89e7363	{"pid": "A026091329", "type": "bf:Person", "preferred_name": "Teverson, Paul", "authorized_access_point": "Teverson, Paul", "md5": "1e497959fe2acbc622468013d9071ea6", "$schema": "https://mef.rero.ch/schemas/agents_rero/rero-agent-v0.0.1.json"}	1
2026-03-25 19:53:19.248699+00:00	2026-03-25 19:53:19.248699+00:00	bf489926-af11-48af-875b-f3587308b9df	{"pid": "A026115092", "type": "bf:Organisation", "conference": false, "variant_name": ["ENSBA (Ecole nationale sup\\u00e9rieure des beaux-arts : Lyon)", "ENSBA Lyon (Ecole nationale sup\\u00e9rieure des beaux-arts : Lyon)", "Ecole nationale sup\\u00e9rieure des beaux-arts de Lyon"], "preferred_name": "Ecole nationale sup\\u00e9rieure des beaux-arts (Lyon)", "variant_access_point": ["ENSBA (Ecole nationale sup\\u00e9rieure des beaux-arts : Lyon)", "ENSBA Lyon (Ecole nationale sup\\u00e9rieure des beaux-arts : Lyon)", "Ecole nationale sup\\u00e9rieure des beaux-arts de Lyon"], "authorized_access_point": "Ecole nationale sup\\u00e9rieure des beaux-arts (Lyon)", "biographical_information": ["Jusqu'en janvier 2011: Ecole nationale des beaux-arts (Lyon)", "D\\u00e8s le 1 f\\u00e9vrier 2011: Ecole nationale sup\\u00e9rieure des beaux-arts (Lyon)"], "md5": "01a1a02927f4328c99f2fdd6ea9391e3", "$schema": "https://mef.rero.ch/schemas/agents_rero/rero-agent-v0.0.1.json"}	1
2026-03-25 19:53:19.248734+00:00	2026-03-25 19:53:19.248734+00:00	6b31d5bf-8863-468b-b56c-604c715ea269	{"pid": "A026120339", "type": "bf:Person", "preferred_name": "Gledhill, Hugh", "authorized_access_point": "Gledhill, Hugh", "md5": "130f87e803ae43878c69c30402c5c8a6", "$schema": "https://mef.rero.ch/schemas/agents_rero/rero-agent-v0.0.1.json"}	1
2026-03-25 19:53:19.248760+00:00	2026-03-25 19:53:19.248760+00:00	dd7b4076-1a74-41ac-94d0-ef0449ccc4d7	{"pid": "A026122888", "type": "bf:Person", "variant_name": ["Zakharova, T. K.", "Zacharova, Tat\\u02b9jana Konstantinovna", "Zaharova, Tat\\u02b9\\u00e2na Konstantinovna"], "preferred_name": "Zakharova, Tat\\u02b9i\\ufe20a\\ufe21na Konstantinova", "variant_access_point": ["Zakharova, T. K. (Tat\\u02b9i\\ufe20a\\ufe21na Konstantinova)", "Zacharova, Tat\\u02b9jana Konstantinovna", "Zaharova, Tat\\u02b9\\u00e2na Konstantinovna"], "parallel_access_point": ["\\u0417\\u0430\\u0445\\u0430\\u0440\\u043e\\u0432\\u0430, \\u0422\\u0430\\u0442\\u044c\\u044f\\u043d\\u0430 \\u041c\\u0438\\u0445\\u0430\\u0439\\u043b\\u043e\\u0432\\u043d\\u0430"], "authorized_access_point": "Zakharova, Tat\\u02b9i\\ufe20a\\ufe21na Konstantinova", "md5": "cb553884b8a04914155db00bb8409619", "$schema": "https://mef.rero.ch/schemas/agents_rero/rero-agent-v0.0.1.json"}	1
2026-03-25 19:53:19.248786+00:00	2026-03-25 19:53:19.248786+00:00	33956f0c-0795-4f5f-bed8-5819b71d0824	{"pid": "A026123991", "type": "bf:Person", "preferred_name": "Cardoso, Ant\\u00f3nio", "authorized_access_point": "Cardoso, Ant\\u00f3nio", "md5": "067e117ef3c5128b53b6bc9cdf85f6ff", "$schema": "https://mef.rero.ch/schemas/agents_rero/rero-agent-v0.0.1.json"}	1
2026-03-25 19:53:19.248808+00:00	2026-03-25 19:53:19.248808+00:00	b0af622f-ce51-4acf-9dd8-75d191679555	{"pid": "A026129158", "type": "bf:Organisation", "conference": false, "preferred_name": "Association d'amiti\\u00e9 des peuples de Chine et d'Afrique", "authorized_access_point": "Association d'amiti\\u00e9 des peuples de Chine et d'Afrique", "md5": "32c726ebca3a84f1c2e5146f814047bb", "$schema": "https://mef.rero.ch/schemas/agents_rero/rero-agent-v0.0.1.json"}	1
2026-03-25 19:53:19.248830+00:00	2026-03-25 19:53:19.248830+00:00	520b6219-af7d-4851-9f2c-c47e8729ad91	{"pid": "A026132029", "type": "bf:Person", "preferred_name": "Ochieng Pernet, Awilo", "authorized_access_point": "Ochieng Pernet, Awilo", "md5": "980f1737458393afc95136c5a8180697", "$schema": "https://mef.rero.ch/schemas/agents_rero/rero-agent-v0.0.1.json"}	1
2026-03-25 19:53:19.248852+00:00	2026-03-25 19:53:19.248852+00:00	7741a6a2-1575-4995-bbe8-fec9bf076349	{"pid": "A026144791", "type": "bf:Person", "date_of_birth": "1886", "date_of_death": "1938", "preferred_name": "Shumi\\ufe20a\\ufe21t\\ufe20zki, B.", "authorized_access_point": "Shumi\\ufe20a\\ufe21t\\ufe20zki, B. (Boris Zakharovich), 1886-1938", "md5": "530c108ed29235de72c6e89df7174b3d", "$schema": "https://mef.rero.ch/schemas/agents_rero/rero-agent-v0.0.1.json"}	1
2026-03-25 19:53:19.248875+00:00	2026-03-25 19:53:19.248875+00:00	7a56ed33-91d1-45d0-9a78-8434f26d459e	{"pid": "A026155985", "type": "bf:Person", "qualifier": "Denis", "preferred_name": "Eyraud, Denis", "authorized_access_point": "Eyraud, Denis", "md5": "fa9e1d190739e793593b651b2804eb6c", "$schema": "https://mef.rero.ch/schemas/agents_rero/rero-agent-v0.0.1.json"}	1
2026-03-25 19:53:19.248896+00:00	2026-03-25 19:53:19.248896+00:00	a4f46c05-fa7d-4940-9ea4-3f97adff49f4	{"pid": "A026164040", "type": "bf:Person", "preferred_name": "Koller, Pierre", "authorized_access_point": "Koller, Pierre", "md5": "62dfb73f451557e3e7dc1c97c49e01ab", "$schema": "https://mef.rero.ch/schemas/agents_rero/rero-agent-v0.0.1.json"}	1
2026-03-25 19:53:19.248918+00:00	2026-03-25 19:53:19.248918+00:00	4552103f-4528-4e84-a30d-b0e4f9502287	{"pid": "A026168031", "type": "bf:Organisation", "conference": true, "preferred_name": "Journ\\u00e9es europ\\u00e9ennes des m\\u00e9tiers d'art (2015)", "authorized_access_point": "Journ\\u00e9es europ\\u00e9ennes des m\\u00e9tiers d'art (2015)", "md5": "6029156b7cb2120212da8d8bdd875ebe", "$schema": "https://mef.rero.ch/schemas/agents_rero/rero-agent-v0.0.1.json"}	1
2026-03-25 19:53:19.248941+00:00	2026-03-25 19:53:19.248941+00:00	a137cfe3-3b53-473a-88b4-bd5c49b97bc6	{"pid": "A026168151", "type": "bf:Person", "preferred_name": "Schmutz, Mike", "authorized_access_point": "Schmutz, Mike", "md5": "dc3e64a9b4b88ba0d092a966ca9ded45", "$schema": "https://mef.rero.ch/schemas/agents_rero/rero-agent-v0.0.1.json"}	1
2026-03-25 19:53:19.248962+00:00	2026-03-25 19:53:19.248962+00:00	83b9b0c1-37f6-48a2-ae01-ba48e8429dd2	{"pid": "A026169859", "type": "bf:Person", "preferred_name": "Choudhary, Debi", "authorized_access_point": "Choudhary, Debi", "md5": "d58f11bddfe08b4edd49bab82da0f28a", "$schema": "https://mef.rero.ch/schemas/agents_rero/rero-agent-v0.0.1.json"}	1
2026-03-25 19:53:19.248988+00:00	2026-03-25 19:53:19.248988+00:00	3973ee97-a86b-4699-aedf-79bc4e20a442	{"pid": "A026174573", "type": "bf:Person", "variant_name": ["Dupasquier, Jacques-Louis,", "Pasquier, Jacques-Louis du,"], "date_of_birth": "1762", "date_of_death": "1830", "preferred_name": "Du Pasquier, Jacques-Louis,", "variant_access_point": ["Dupasquier, Jacques-Louis, 1762-1830", "Pasquier, Jacques-Louis du, 1762-1830"], "authorized_access_point": "Du Pasquier, Jacques-Louis, 1762-1830", "biographical_information": ["Pasteur neuch\\u00e2telois (consacr\\u00e9 le 6 ao\\u00fbt 1783). - Chapelain du roi de Prusse \\u00e0 Berlin (1789-ca.1791). - D\\u00e9put\\u00e9 aux Audiences g\\u00e9n\\u00e9rales. - Un des fondateurs de la Caisse d'\\u00e9pargne (1812). - Aum\\u00f4nier du contingent neuch\\u00e2telois lev\\u00e9 en 1815. - R\\u00e9dacteur du \\"Messager boiteux de Neuch\\u00e2tel\\" (1805-1830)"], "md5": "33cefee2c4e87d0d0ceb5651db42833d", "$schema": "https://mef.rero.ch/schemas/agents_rero/rero-agent-v0.0.1.json"}	1
2026-03-25 19:53:19.249014+00:00	2026-03-25 19:53:19.249014+00:00	de06da3c-a376-4da2-a6bd-604d2e96f0a2	{"pid": "A026408718", "type": "bf:Person", "preferred_name": "Monkelbaan, Joachim", "authorized_access_point": "Monkelbaan, Joachim", "md5": "6f9339b1e10085b1f19c32e6bb21301b", "$schema": "https://mef.rero.ch/schemas/agents_rero/rero-agent-v0.0.1.json"}	1
2026-03-25 19:53:19.249035+00:00	2026-03-25 19:53:19.249035+00:00	ff4f5ec8-12d2-47ad-832d-aa9a38f7c514	{"pid": "A026432303", "type": "bf:Person", "preferred_name": "Lombardoni, Chiara", "authorized_access_point": "Lombardoni, Chiara", "md5": "55859387c0308bf53c014b8d31a7b695", "$schema": "https://mef.rero.ch/schemas/agents_rero/rero-agent-v0.0.1.json"}	1
2026-03-25 19:53:19.249057+00:00	2026-03-25 19:53:19.249057+00:00	66153b71-f229-4f62-9b6c-d87eff6aa12c	{"pid": "A026434702", "type": "bf:Organisation", "conference": true, "preferred_name": "International Workshop on Embedded Software 2003 :", "authorized_access_point": "International Workshop on Embedded Software (3 : 2003 : Philadelphia)", "md5": "8b1d5a3663a422a73a6ccb1a8b03815a", "$schema": "https://mef.rero.ch/schemas/agents_rero/rero-agent-v0.0.1.json"}	1
2026-03-25 19:53:19.249086+00:00	2026-03-25 19:53:19.249086+00:00	c9ed9bc4-0b1c-4c52-af5a-47bbb6b3d7ca	{"pid": "A026439717", "type": "bf:Person", "date_of_birth": "1958", "preferred_name": "Hajatpour, Reza,", "authorized_access_point": "Hajatpour, Reza, 1958-", "md5": "5f6ca8116d097e9598d3a77f6f03ef0a", "$schema": "https://mef.rero.ch/schemas/agents_rero/rero-agent-v0.0.1.json"}	1
2026-03-25 19:53:19.249108+00:00	2026-03-25 19:53:19.249108+00:00	49c8f80a-3583-45e7-8083-7e95cc2f1b0c	{"pid": "A026450966", "type": "bf:Person", "preferred_name": "Pressmann, Gina", "authorized_access_point": "Pressmann, Gina", "md5": "e95598f67e7b1b4431056c256019fb96", "$schema": "https://mef.rero.ch/schemas/agents_rero/rero-agent-v0.0.1.json"}	1
2026-03-25 19:53:19.249129+00:00	2026-03-25 19:53:19.249129+00:00	d309b9d2-5f28-4dee-85df-905e5c129dd5	{"pid": "A026459182", "type": "bf:Organisation", "conference": false, "preferred_name": "Slow show", "authorized_access_point": "Slow show", "md5": "53d24e22dee03395b5a9e8549f6abd4f", "$schema": "https://mef.rero.ch/schemas/agents_rero/rero-agent-v0.0.1.json"}	1
2026-03-25 19:53:19.249153+00:00	2026-03-25 19:53:19.249153+00:00	4eab0421-c6f0-4c37-a8b4-09a925d2ba1e	{"pid": "A026462220", "type": "bf:Organisation", "conference": false, "preferred_name": "Universidad Nacional de Educaci\\u00f3n a Distancia (Madrid). Centro de Investigaci\\u00f3n de Semi\\u00f3tica Literaria, Teatral y Nuevas Tecnolog\\u00edas. Seminario Internacional 2009 :", "authorized_access_point": "Universidad Nacional de Educaci\\u00f3n a Distancia (Madrid). Centro de Investigaci\\u00f3n de Semi\\u00f3tica Literaria, Teatral y Nuevas Tecnolog\\u00edas. Seminario Internacional (19 : 2009 : Madrid)", "md5": "5074a3f070a0c90c86a48b88f8c3f794", "$schema": "https://mef.rero.ch/schemas/agents_rero/rero-agent-v0.0.1.json"}	1
2026-03-25 19:53:19.249176+00:00	2026-03-25 19:53:19.249176+00:00	e9ba39e3-33b4-44d6-b371-53a12f340b25	{"pid": "A026466905", "type": "bf:Person", "preferred_name": "Maret, Morgane", "authorized_access_point": "Maret, Morgane", "md5": "2e15afe6ece249d6ef07b043c8a5b6d7", "$schema": "https://mef.rero.ch/schemas/agents_rero/rero-agent-v0.0.1.json"}	1
2026-03-25 19:53:19.249197+00:00	2026-03-25 19:53:19.249197+00:00	36f64b1c-4fe2-462a-b50e-c8ea7260ab00	{"pid": "A026474353", "type": "bf:Person", "preferred_name": "Ram\\u00f2, Mario", "authorized_access_point": "Ram\\u00f2, Mario", "md5": "123e607cfd0503a66bbf6cb8161b00bb", "$schema": "https://mef.rero.ch/schemas/agents_rero/rero-agent-v0.0.1.json"}	1
2026-03-25 19:53:19.249218+00:00	2026-03-25 19:53:19.249218+00:00	81016457-deec-42ac-a731-9514e21369bc	{"pid": "A026534148", "type": "bf:Person", "preferred_name": "Prajapati, Darshana", "authorized_access_point": "Prajapati, Darshana", "md5": "a10b838f5f45def0a2a4f2ab50b25847", "$schema": "https://mef.rero.ch/schemas/agents_rero/rero-agent-v0.0.1.json"}	1
2026-03-25 19:53:19.249239+00:00	2026-03-25 19:53:19.249239+00:00	11fa1a36-ccf1-49c3-9792-4f3d45c59996	{"pid": "A026548298", "type": "bf:Person", "preferred_name": "Forest, Todd A", "authorized_access_point": "Forest, Todd A", "md5": "e7a507abd62a4712db155602f3e5b143", "$schema": "https://mef.rero.ch/schemas/agents_rero/rero-agent-v0.0.1.json"}	1
2026-03-25 19:53:19.249261+00:00	2026-03-25 19:53:19.249261+00:00	61369101-af8f-402f-8128-8260c4726cec	{"pid": "A026554111", "type": "bf:Organisation", "conference": true, "preferred_name": "International Conference on Amazonian Agriculture and Land Use Research (1980 :", "authorized_access_point": "International Conference on Amazonian Agriculture and Land Use Research (1980 : Cali)", "md5": "18b61a0d6f1174eaf1de0221cb55c9e3", "$schema": "https://mef.rero.ch/schemas/agents_rero/rero-agent-v0.0.1.json"}	1
2026-03-25 19:53:19.249299+00:00	2026-03-25 19:53:19.249299+00:00	647df491-435a-416b-b5c4-d5f1c8b20bdf	{"pid": "A026558985", "type": "bf:Person", "qualifier": "(pseud. de J\\u00e9r\\u00f4me Almes)", "variant_name": ["Almes, J\\u00e9r\\u00f4me"], "preferred_name": "Smole (pseud. de J\\u00e9r\\u00f4me Almes)", "variant_access_point": ["Almes, J\\u00e9r\\u00f4me"], "authorized_access_point": "Smole (pseud. de J\\u00e9r\\u00f4me Almes)", "biographical_information": ["Dates de vie: 1982-"], "md5": "99b1e931112dbf69bcb81f30af53f33b", "$schema": "https://mef.rero.ch/schemas/agents_rero/rero-agent-v0.0.1.json"}	1
2026-03-25 19:53:19.249324+00:00	2026-03-25 19:53:19.249324+00:00	ddc35f0f-6e1f-4f13-bf3c-96b179b9aa10	{"pid": "A026586322", "type": "bf:Person", "preferred_name": "Dunand, Boris", "authorized_access_point": "Dunand, Boris", "md5": "41606204b68e49da6968795b817bdd3c", "$schema": "https://mef.rero.ch/schemas/agents_rero/rero-agent-v0.0.1.json"}	1
2026-03-25 19:53:19.249345+00:00	2026-03-25 19:53:19.249345+00:00	b37ce0ab-d13a-4c7a-9149-22158f3ee431	{"pid": "A026596122", "type": "bf:Person", "preferred_name": "Beeser, Julius", "authorized_access_point": "Beeser, Julius", "md5": "c9b934dab0a3ab03cc5b03f0ff767ffb", "$schema": "https://mef.rero.ch/schemas/agents_rero/rero-agent-v0.0.1.json"}	1
2026-03-25 19:53:19.249366+00:00	2026-03-25 19:53:19.249366+00:00	f30d325a-93db-4d2a-9290-4925d8cb7ce8	{"pid": "A026608425", "type": "bf:Person", "preferred_name": "Qu\\u00e9n\\u00e9hen, Laurent", "authorized_access_point": "Qu\\u00e9n\\u00e9hen, Laurent", "md5": "5ebf7d742ec7c91d0ebfdbb4562df4d9", "$schema": "https://mef.rero.ch/schemas/agents_rero/rero-agent-v0.0.1.json"}	1
2026-03-25 19:53:19.249388+00:00	2026-03-25 19:53:19.249388+00:00	8fd75979-69db-4bda-a17c-186fa1904d86	{"pid": "A026614309", "type": "bf:Person", "preferred_name": "Gaumeton, Pierre", "authorized_access_point": "Gaumeton, Pierre", "md5": "43a67597e11cd8e44564ade666951929", "$schema": "https://mef.rero.ch/schemas/agents_rero/rero-agent-v0.0.1.json"}	1
2026-03-25 19:53:19.249409+00:00	2026-03-25 19:53:19.249409+00:00	fc66c520-4caf-491e-bba2-86934641ca35	{"pid": "A026614954", "type": "bf:Person", "preferred_name": "Marques Teixeira, Celina", "authorized_access_point": "Marques Teixeira, Celina", "md5": "7eb5ab98fcb1919814c836d83f528bc6", "$schema": "https://mef.rero.ch/schemas/agents_rero/rero-agent-v0.0.1.json"}	1
2026-03-25 19:53:19.249431+00:00	2026-03-25 19:53:19.249431+00:00	ec2575f7-cd25-4d67-bb48-a32df930fc54	{"pid": "A026623687", "type": "bf:Organisation", "conference": false, "preferred_name": "Universit\\u00e9 du 3e \\u00e2ge (Gen\\u00e8ve). Colloque (1986-1988 :", "authorized_access_point": "Universit\\u00e9 du 3e \\u00e2ge (Gen\\u00e8ve). Colloque (1986-1988 : Gen\\u00e8ve)", "md5": "e81e31db3ba93c7ecd182fc932258091", "$schema": "https://mef.rero.ch/schemas/agents_rero/rero-agent-v0.0.1.json"}	1
2026-03-25 19:53:19.249461+00:00	2026-03-25 19:53:19.249461+00:00	6ec3f3f5-82b9-49b9-a888-61149566021f	{"pid": "A026636855", "type": "bf:Person", "preferred_name": "Botteron, Louise", "authorized_access_point": "Botteron, Louise", "md5": "9be8f7d2bf8319172e7f2efe0e853642", "$schema": "https://mef.rero.ch/schemas/agents_rero/rero-agent-v0.0.1.json"}	1
2026-03-25 19:53:19.249483+00:00	2026-03-25 19:53:19.249483+00:00	e9c203d7-1c47-40d1-911a-fb5ce50fefdc	{"pid": "A026642855", "type": "bf:Person", "date_of_birth": "1974", "preferred_name": "Bruneau, Antoine,", "authorized_access_point": "Bruneau, Antoine, 1974-", "md5": "5fb012d01b1f32755b4bce699442dfc3", "$schema": "https://mef.rero.ch/schemas/agents_rero/rero-agent-v0.0.1.json"}	1
2026-03-25 19:53:19.249504+00:00	2026-03-25 19:53:19.249504+00:00	372497d9-b69d-419d-96e1-f09523519212	{"pid": "A026652068", "type": "bf:Person", "preferred_name": "Tobler, Vera", "authorized_access_point": "Tobler, Vera", "md5": "7ecbfcfe0563f893660d7c4afbe177d4", "$schema": "https://mef.rero.ch/schemas/agents_rero/rero-agent-v0.0.1.json"}	1
2026-03-25 19:53:19.249526+00:00	2026-03-25 19:53:19.249526+00:00	819ca2a5-420d-4a44-8485-0c5f32f209c1	{"pid": "A026654612", "type": "bf:Person", "preferred_name": "Lh\\u00e9ritier, Elsa", "authorized_access_point": "Lh\\u00e9ritier, Elsa", "md5": "14a85b9bc02cd6cdb43536e68a0ea636", "$schema": "https://mef.rero.ch/schemas/agents_rero/rero-agent-v0.0.1.json"}	1
2026-03-25 19:53:19.249549+00:00	2026-03-25 19:53:19.249549+00:00	ae1b10e1-8f4c-4588-a59f-f49009f0b98d	{"pid": "A026685590", "type": "bf:Organisation", "conference": true, "preferred_name": "Jahrestagung Deutsch als Fremdsprache 1975 :", "authorized_access_point": "Jahrestagung Deutsch als Fremdsprache (3 : 1975 : Berlin)", "md5": "d329c0cc5fd5b87f300a54c7a266fb57", "$schema": "https://mef.rero.ch/schemas/agents_rero/rero-agent-v0.0.1.json"}	1
2026-03-25 19:53:19.249571+00:00	2026-03-25 19:53:19.249571+00:00	74a5d0ca-7e1c-4c66-b05c-9c9c15ab2b74	{"pid": "A026722774", "type": "bf:Person", "preferred_name": "Ambunda, Lotta N", "authorized_access_point": "Ambunda, Lotta N", "md5": "b5ab900123def574fda79443ba4189f1", "$schema": "https://mef.rero.ch/schemas/agents_rero/rero-agent-v0.0.1.json"}	1
2026-03-25 19:53:19.249593+00:00	2026-03-25 19:53:19.249593+00:00	101e818a-8542-4196-ab1a-81ff88a34fcd	{"pid": "A026723222", "type": "bf:Organisation", "conference": false, "preferred_name": "Soci\\u00e9t\\u00e9 cantonale des carabiniers genevois", "authorized_access_point": "Soci\\u00e9t\\u00e9 cantonale des carabiniers genevois", "md5": "2eea0407174119f1a2f2dd33b8dbb510", "$schema": "https://mef.rero.ch/schemas/agents_rero/rero-agent-v0.0.1.json"}	1
2026-03-25 19:53:19.249616+00:00	2026-03-25 19:53:19.249616+00:00	396df7d9-3cbc-4c1d-9671-b3c4b9b53620	{"pid": "A026724664", "type": "bf:Organisation", "conference": false, "preferred_name": "Association fran\\u00e7aise de recherche sur les livres et objets culturels de l'enfance", "authorized_access_point": "Association fran\\u00e7aise de recherche sur les livres et objets culturels de l'enfance", "md5": "5ee3a1474c923aad195543fa3ff0df1b", "$schema": "https://mef.rero.ch/schemas/agents_rero/rero-agent-v0.0.1.json"}	1
2026-03-25 19:53:19.249639+00:00	2026-03-25 19:53:19.249639+00:00	fefa1e81-df0f-4e50-a2f3-eddd3a0eb21a	{"pid": "A026736945", "type": "bf:Person", "preferred_name": "Flood, Victoria", "authorized_access_point": "Flood, Victoria", "md5": "1d180b241de4fd202255cd913fc43b0c", "$schema": "https://mef.rero.ch/schemas/agents_rero/rero-agent-v0.0.1.json"}	1
2026-03-25 19:53:19.249661+00:00	2026-03-25 19:53:19.249661+00:00	ec412306-a94e-44d8-abfb-bbd6b50e37f9	{"pid": "A026740856", "type": "bf:Person", "preferred_name": "Metzler, Berenike", "authorized_access_point": "Metzler, Berenike", "md5": "712eafbee283e5879c01da1905320a31", "$schema": "https://mef.rero.ch/schemas/agents_rero/rero-agent-v0.0.1.json"}	1
2026-03-25 19:53:19.249682+00:00	2026-03-25 19:53:19.249682+00:00	46b8154e-cf28-467c-be4c-26d5d6c106e1	{"pid": "A026741839", "type": "bf:Person", "preferred_name": "Rocke, Mary Eleonor", "authorized_access_point": "Rocke, Mary Eleonor", "md5": "58f7d13bc441341e8d7573838c4a04e2", "$schema": "https://mef.rero.ch/schemas/agents_rero/rero-agent-v0.0.1.json"}	1
2026-03-25 19:53:19.249703+00:00	2026-03-25 19:53:19.249703+00:00	6178adc9-4d04-4522-bbc6-3f79e4f2b5d5	{"pid": "A026748269", "type": "bf:Person", "date_of_birth": "1985", "preferred_name": "Krummenacher, Michael,", "authorized_access_point": "Krummenacher, Michael, 1985-", "md5": "8c44d6039b43b09673a5be13642a2036", "$schema": "https://mef.rero.ch/schemas/agents_rero/rero-agent-v0.0.1.json"}	1
2026-03-25 19:53:19.249725+00:00	2026-03-25 19:53:19.249725+00:00	3f92a4fe-522c-45dd-94c4-c5355fa7d21a	{"pid": "A026774834", "type": "bf:Organisation", "conference": false, "preferred_name": "Banque d'Anvers", "authorized_access_point": "Banque d'Anvers", "md5": "a3af9f671074bcab4844958af493a848", "$schema": "https://mef.rero.ch/schemas/agents_rero/rero-agent-v0.0.1.json"}	1
2026-03-25 19:53:19.249748+00:00	2026-03-25 19:53:19.249748+00:00	37bbce85-1d8d-450b-9557-f772701daf0d	{"pid": "A026783817", "type": "bf:Organisation", "conference": false, "preferred_name": "Universit\\u00e9 catholique de Louvain (Louvain-la-Neuve). Atelier de droit social", "authorized_access_point": "Universit\\u00e9 catholique de Louvain (Louvain-la-Neuve). Atelier de droit social", "md5": "2ea025e9f73aeead92faffe14abce7c9", "$schema": "https://mef.rero.ch/schemas/agents_rero/rero-agent-v0.0.1.json"}	1
2026-03-25 19:53:19.249770+00:00	2026-03-25 19:53:19.249770+00:00	ca40bae3-41a5-4aa5-b6b2-23178fb3bd0c	{"pid": "A026785791", "type": "bf:Person", "preferred_name": "Taurel, Jean-Pierre", "authorized_access_point": "Taurel, Jean-Pierre", "md5": "b77c0ebed148f4cb4f17a9e8a726af03", "$schema": "https://mef.rero.ch/schemas/agents_rero/rero-agent-v0.0.1.json"}	1
2026-03-25 19:53:19.249791+00:00	2026-03-25 19:53:19.249791+00:00	c4c0a701-f57a-44cc-8346-ecafb8f2aeee	{"pid": "A026813025", "type": "bf:Person", "preferred_name": "Kale, Vivek", "authorized_access_point": "Kale, Vivek", "md5": "9293c7f93fadaaa2a7f8dbf75d225cb2", "$schema": "https://mef.rero.ch/schemas/agents_rero/rero-agent-v0.0.1.json"}	1
2026-03-25 19:53:19.249812+00:00	2026-03-25 19:53:19.249812+00:00	7d1af06d-0315-478a-a356-6747c900db70	{"pid": "A026828697", "type": "bf:Person", "preferred_name": "Durand, Jean-Marc", "authorized_access_point": "Durand, Jean-Marc", "md5": "31d0e9ed40e38c486179d0fe43d1d9fe", "$schema": "https://mef.rero.ch/schemas/agents_rero/rero-agent-v0.0.1.json"}	1
2026-03-25 19:53:19.249845+00:00	2026-03-25 19:53:19.249845+00:00	32550a28-1c6d-4cbc-a846-3a1a0dfd67cb	{"pid": "A026835388", "type": "bf:Organisation", "conference": true, "preferred_name": "International Symposium on Medical Data Analysis 2002 :", "authorized_access_point": "International Symposium on Medical Data Analysis (3 : 2002 : Roma)", "md5": "3b47a92915c59b73ca088a2a5e95d4d3", "$schema": "https://mef.rero.ch/schemas/agents_rero/rero-agent-v0.0.1.json"}	1
2026-03-25 19:53:19.249867+00:00	2026-03-25 19:53:19.249867+00:00	56eb39ca-4f13-409c-9726-ef678bdcc113	{"pid": "A026839306", "type": "bf:Person", "preferred_name": "Inkermann, Helena", "authorized_access_point": "Inkermann, Helena", "md5": "bc6046cefc39d1626e90f81cd534120e", "$schema": "https://mef.rero.ch/schemas/agents_rero/rero-agent-v0.0.1.json"}	1
2026-03-25 19:53:19.249888+00:00	2026-03-25 19:53:19.249888+00:00	37769599-c8a9-40b9-89d4-97a7d2155257	{"pid": "A026846628", "type": "bf:Person", "preferred_name": "Lattner, Andreas", "authorized_access_point": "Lattner, Andreas", "md5": "dae7e24e2a277829df9931be8e3e71ac", "$schema": "https://mef.rero.ch/schemas/agents_rero/rero-agent-v0.0.1.json"}	1
2026-03-25 19:53:19.249909+00:00	2026-03-25 19:53:19.249909+00:00	0838552d-0d3a-453e-bf16-8f2ac6e2b2de	{"pid": "A026847441", "type": "bf:Person", "preferred_name": "Corswarem, Emilie", "authorized_access_point": "Corswarem, Emilie", "md5": "546b280da5ff5eff7f2f13a06ed65c81", "$schema": "https://mef.rero.ch/schemas/agents_rero/rero-agent-v0.0.1.json"}	1
2026-03-25 19:53:19.249929+00:00	2026-03-25 19:53:19.249929+00:00	f12d01a8-1aec-466f-a67c-05d00790431f	{"pid": "A026864091", "type": "bf:Person", "preferred_name": "Rehmann, Meret", "authorized_access_point": "Rehmann, Meret", "md5": "667e7c6734bf48d6f1e007d11a62c6ae", "$schema": "https://mef.rero.ch/schemas/agents_rero/rero-agent-v0.0.1.json"}	1
2026-03-25 19:53:19.249951+00:00	2026-03-25 19:53:19.249951+00:00	85b077d9-184c-4860-bce2-7fd126a0691f	{"pid": "A026894353", "type": "bf:Organisation", "conference": false, "preferred_name": "Ch\\u00f3r Harcerski", "authorized_access_point": "Ch\\u00f3r Harcerski", "md5": "0df39b1a2c586253a8d691240cb918ad", "$schema": "https://mef.rero.ch/schemas/agents_rero/rero-agent-v0.0.1.json"}	1
2026-03-25 19:53:19.249972+00:00	2026-03-25 19:53:19.249972+00:00	e55bd89c-8f02-4e86-b9a0-975482b35232	{"pid": "A026898077", "type": "bf:Person", "preferred_name": "Reusch, Anna M", "authorized_access_point": "Reusch, Anna M", "md5": "e535fac4d180cea48e8c029534b8dd6e", "$schema": "https://mef.rero.ch/schemas/agents_rero/rero-agent-v0.0.1.json"}	1
2026-03-25 19:53:19.249993+00:00	2026-03-25 19:53:19.249993+00:00	f825c01d-ea07-45ab-9b00-f6b6a92bc95e	{"pid": "A026907243", "type": "bf:Person", "preferred_name": "Schenkel, Sonja", "authorized_access_point": "Schenkel, Sonja", "md5": "4aa8b95fdfa5e1c0f8dd0adb29efa523", "$schema": "https://mef.rero.ch/schemas/agents_rero/rero-agent-v0.0.1.json"}	1
2026-03-25 19:53:19.250014+00:00	2026-03-25 19:53:19.250014+00:00	0fa564cc-95ff-4e8a-a679-9b05dda9551d	{"pid": "A026919795", "type": "bf:Person", "preferred_name": "Ma'aroof, Mohammad Khalid", "authorized_access_point": "Ma'aroof, Mohammad Khalid", "md5": "e62335b8b8caafd9726f007da246cf56", "$schema": "https://mef.rero.ch/schemas/agents_rero/rero-agent-v0.0.1.json"}	1
2026-03-25 19:53:19.250035+00:00	2026-03-25 19:53:19.250035+00:00	9ad03819-d3d0-4d5f-9b79-383f5ba27c69	{"pid": "A026951773", "type": "bf:Person", "preferred_name": "Gu\\u0308na\\u00e7an, Ba\\u015fak", "authorized_access_point": "Gu\\u0308na\\u00e7an, Ba\\u015fak", "md5": "7188252f6e88fb491f30f782ed7ae09a", "$schema": "https://mef.rero.ch/schemas/agents_rero/rero-agent-v0.0.1.json"}	1
2026-03-25 19:53:19.250057+00:00	2026-03-25 19:53:19.250057+00:00	ff2dda09-493b-4535-9f60-d48e0c57d514	{"pid": "A026952894", "type": "bf:Person", "preferred_name": "Tangey, R. de", "authorized_access_point": "Tangey, R. de", "md5": "051a52e643142d7e6e260366ef8962c6", "$schema": "https://mef.rero.ch/schemas/agents_rero/rero-agent-v0.0.1.json"}	1
2026-03-25 19:53:19.250079+00:00	2026-03-25 19:53:19.250079+00:00	e7d00ead-9234-4bd7-8924-9190eeb561e1	{"pid": "A026958334", "type": "bf:Person", "date_of_birth": "1961", "preferred_name": "Chen, Jianshe,", "authorized_access_point": "Chen, Jianshe, 1961-", "biographical_information": ["Ecotrophologue"], "md5": "2b739a6f609ab2a92cf035a665304852", "$schema": "https://mef.rero.ch/schemas/agents_rero/rero-agent-v0.0.1.json"}	1
2026-03-25 19:53:19.250101+00:00	2026-03-25 19:53:19.250101+00:00	ebbbd990-c730-449d-8252-938836773679	{"pid": "A026964890", "type": "bf:Person", "preferred_name": "Crelier, Noah", "authorized_access_point": "Crelier, Noah", "md5": "7c9a52d60b4744d089dbe3b7e7637e17", "$schema": "https://mef.rero.ch/schemas/agents_rero/rero-agent-v0.0.1.json"}	1
2026-03-25 19:53:19.250122+00:00	2026-03-25 19:53:19.250122+00:00	54f01698-21ff-4b23-9435-355fb5418357	{"pid": "A026978679", "type": "bf:Person", "preferred_name": "Bourquard, Karelle", "authorized_access_point": "Bourquard, Karelle", "md5": "60f28f05df7980b83d21233dd7f99e8c", "$schema": "https://mef.rero.ch/schemas/agents_rero/rero-agent-v0.0.1.json"}	1
2026-03-25 19:53:19.250143+00:00	2026-03-25 19:53:19.250143+00:00	19a7af11-f641-42b9-ab43-ea1dd7791cb6	{"pid": "A027062343", "type": "bf:Person", "preferred_name": "Grellety, R\\u00e9mi", "authorized_access_point": "Grellety, R\\u00e9mi", "md5": "376d80b24dfa3d4dbc8793a9bfad6777", "$schema": "https://mef.rero.ch/schemas/agents_rero/rero-agent-v0.0.1.json"}	1
2026-03-25 19:53:19.250164+00:00	2026-03-25 19:53:19.250164+00:00	ec1326dc-0ecb-4f2a-a135-e613fbacdff7	{"pid": "A027068066", "type": "bf:Person", "preferred_name": "Kostadinov, Georgi Dimitrov", "authorized_access_point": "Kostadinov, Georgi Dimitrov", "md5": "ac69b3f1636bcc383ce744c2b2e1d38b", "$schema": "https://mef.rero.ch/schemas/agents_rero/rero-agent-v0.0.1.json"}	1
2026-03-25 19:53:19.250186+00:00	2026-03-25 19:53:19.250186+00:00	3dbb48db-240f-4720-9bd7-81402e0309ef	{"pid": "A027089118", "type": "bf:Person", "preferred_name": "Djeya Kamdom, Yves Gabriel", "authorized_access_point": "Djeya Kamdom, Yves Gabriel", "md5": "29e5784dbc5f9c05240d570f5ef3941d", "$schema": "https://mef.rero.ch/schemas/agents_rero/rero-agent-v0.0.1.json"}	1
2026-03-25 19:53:19.250207+00:00	2026-03-25 19:53:19.250207+00:00	e7de227e-d327-4ae4-992f-9980e20c001a	{"pid": "A027092266", "type": "bf:Person", "preferred_name": "Rigolot, Ir\\u00e9n\\u00e9e", "authorized_access_point": "Rigolot, Ir\\u00e9n\\u00e9e", "md5": "0be6460b6a9a47dae61dd57c386a6b05", "$schema": "https://mef.rero.ch/schemas/agents_rero/rero-agent-v0.0.1.json"}	1
2026-03-25 19:53:19.250236+00:00	2026-03-25 19:53:19.250236+00:00	8d96deac-bb0a-4910-9af0-e03aac753c80	{"pid": "A027102482", "type": "bf:Person", "preferred_name": "Santschi, Peter", "authorized_access_point": "Santschi, Peter", "md5": "d7eaf17c5e4d230588c8d8d371f4565a", "$schema": "https://mef.rero.ch/schemas/agents_rero/rero-agent-v0.0.1.json"}	1
2026-03-25 19:53:19.250257+00:00	2026-03-25 19:53:19.250257+00:00	f84dfd81-39a4-4d9c-9006-cd5d333b6235	{"pid": "A027103123", "type": "bf:Person", "preferred_name": "Jordan-Zbinden, Evelyne", "authorized_access_point": "Jordan-Zbinden, Evelyne", "md5": "21e8cecdd2f71b0c0e637f6914345633", "$schema": "https://mef.rero.ch/schemas/agents_rero/rero-agent-v0.0.1.json"}	1
2026-03-25 19:53:19.250279+00:00	2026-03-25 19:53:19.250279+00:00	1a45530c-2e26-4b65-a091-405628ee7444	{"pid": "A027116952", "type": "bf:Person", "preferred_name": "Philbrick Yadav, Stacey", "authorized_access_point": "Philbrick Yadav, Stacey", "md5": "701a0037b947c47e7d439a6fcd00cae0", "$schema": "https://mef.rero.ch/schemas/agents_rero/rero-agent-v0.0.1.json"}	1
2026-03-25 19:53:19.250300+00:00	2026-03-25 19:53:19.250300+00:00	ae78dc48-2f7c-4a8a-9155-4e43368b376e	{"pid": "A027118711", "type": "bf:Person", "preferred_name": "Kerchensteiner, Georg", "authorized_access_point": "Kerchensteiner, Georg", "md5": "be430f15b904799ff14ffe84282f4ce7", "$schema": "https://mef.rero.ch/schemas/agents_rero/rero-agent-v0.0.1.json"}	1
2026-03-25 19:53:19.250322+00:00	2026-03-25 19:53:19.250322+00:00	ce039b88-2ae7-4191-8fbd-194e6e8d1eee	{"pid": "A027119572", "type": "bf:Person", "qualifier": "(marquise) - influence re\\u00e7ue", "preferred_name": "Du Ch\\u00e2telet, Gabrielle-Emilie Le Tonnelier de Breteuil (marquise) - influence re\\u00e7ue", "authorized_access_point": "Du Ch\\u00e2telet, Gabrielle-Emilie Le Tonnelier de Breteuil (marquise) - influence re\\u00e7ue", "md5": "f198af2850610612e13f902869cfb02a", "$schema": "https://mef.rero.ch/schemas/agents_rero/rero-agent-v0.0.1.json"}	1
2026-03-25 19:53:19.250344+00:00	2026-03-25 19:53:19.250344+00:00	8a1fb13c-cd4f-4f78-b1ea-adaf64ca9b05	{"pid": "A027138153", "type": "bf:Person", "preferred_name": "Walther, Annette", "authorized_access_point": "Walther, Annette", "md5": "50a33fea685927614df334843236b7a9", "$schema": "https://mef.rero.ch/schemas/agents_rero/rero-agent-v0.0.1.json"}	1
2026-03-25 19:53:19.250367+00:00	2026-03-25 19:53:19.250367+00:00	4770f13f-32a2-417f-9794-8aa76587c9be	{"pid": "A027139051", "type": "bf:Organisation", "conference": false, "preferred_name": "Coll\\u00e8ge de France. Chaire Milieux bibliques. Colloque (2014 :", "authorized_access_point": "Coll\\u00e8ge de France. Chaire Milieux bibliques. Colloque (2014 : Paris)", "md5": "f68ac8f9781fcfa63b96b1e8b7ced3e6", "$schema": "https://mef.rero.ch/schemas/agents_rero/rero-agent-v0.0.1.json"}	1
2026-03-25 19:53:19.250389+00:00	2026-03-25 19:53:19.250389+00:00	194f1bb7-fea2-4f90-b4a8-f6c8faecb2b0	{"pid": "A027149145", "type": "bf:Person", "preferred_name": "Magnin, Isabelle E", "authorized_access_point": "Magnin, Isabelle E", "md5": "098fbdae7aabb93087785b19a0c18d92", "$schema": "https://mef.rero.ch/schemas/agents_rero/rero-agent-v0.0.1.json"}	1
2026-03-25 19:53:19.250410+00:00	2026-03-25 19:53:19.250410+00:00	bc530a92-15cb-4430-b74a-d8f5841d975b	{"pid": "A027149446", "type": "bf:Person", "preferred_name": "Lutman, Malorie", "authorized_access_point": "Lutman, Malorie", "md5": "4f51a875e0763f726cb095c206e8099a", "$schema": "https://mef.rero.ch/schemas/agents_rero/rero-agent-v0.0.1.json"}	1
2026-03-25 19:53:19.250430+00:00	2026-03-25 19:53:19.250430+00:00	e208010c-ab56-45ad-8d80-8fdbdae2c8d1	{"pid": "A027157860", "type": "bf:Person", "preferred_name": "Lauer, O", "authorized_access_point": "Lauer, O", "md5": "f18a3acdf59e6d9dbe3b68e7ca944c43", "$schema": "https://mef.rero.ch/schemas/agents_rero/rero-agent-v0.0.1.json"}	1
2026-03-25 19:53:19.250451+00:00	2026-03-25 19:53:19.250451+00:00	be1c66d5-6d9f-4482-8e43-bb641b100970	{"pid": "A027180250", "type": "bf:Person", "preferred_name": "Ben Amor, Leila", "authorized_access_point": "Ben Amor, Leila", "md5": "10adafaa7b67eb3a29b1f0735dca8b15", "$schema": "https://mef.rero.ch/schemas/agents_rero/rero-agent-v0.0.1.json"}	1
2026-03-25 19:53:19.250473+00:00	2026-03-25 19:53:19.250473+00:00	c83a3e39-bdca-4713-8d2f-2751c7dcb0ff	{"pid": "A027184035", "type": "bf:Person", "preferred_name": "Hogan, Nick", "authorized_access_point": "Hogan, Nick", "md5": "1c020f4bedb267f10587530bba1233b2", "$schema": "https://mef.rero.ch/schemas/agents_rero/rero-agent-v0.0.1.json"}	1
2026-03-25 19:53:19.250501+00:00	2026-03-25 19:53:19.250501+00:00	c8014f02-b0f8-4c93-a3c3-36a20de0f219	{"pid": "A027191227", "type": "bf:Person", "preferred_name": "Moskowitz, Marina", "authorized_access_point": "Moskowitz, Marina", "md5": "3ebcbe0d1d801643c232b80400a7282c", "$schema": "https://mef.rero.ch/schemas/agents_rero/rero-agent-v0.0.1.json"}	1
2026-03-25 19:53:19.250523+00:00	2026-03-25 19:53:19.250523+00:00	7684b254-7472-4817-8d18-d4d4a9eaa6dd	{"pid": "A027194665", "type": "bf:Person", "preferred_name": "Fernando, Anthony Francis Tissa", "authorized_access_point": "Fernando, Anthony Francis Tissa", "md5": "fb82d762f2c563b67e12b8660c82a86b", "$schema": "https://mef.rero.ch/schemas/agents_rero/rero-agent-v0.0.1.json"}	1
2026-03-25 19:53:19.250545+00:00	2026-03-25 19:53:19.250545+00:00	e72ecc34-b2e5-432d-9d51-0b9844467378	{"pid": "A027201602", "type": "bf:Organisation", "conference": false, "preferred_name": "Soci\\u00e9t\\u00e9 d'\\u00e9pargne de la paroisse de Remaufens", "authorized_access_point": "Soci\\u00e9t\\u00e9 d'\\u00e9pargne de la paroisse de Remaufens", "md5": "ce3c2c8ee84c54df24e536f6c754d93b", "$schema": "https://mef.rero.ch/schemas/agents_rero/rero-agent-v0.0.1.json"}	1
2026-03-25 19:53:19.250572+00:00	2026-03-25 19:53:19.250572+00:00	3b390198-e62a-45b1-a190-aabbc6ca6e89	{"pid": "A027205240", "type": "bf:Organisation", "conference": false, "variant_name": ["UCS (Union of Concerned Scientists)", "Vereinigung Besorgter Wissenschaftler", "Uni\\u00f3n de Cient\\u00edficos Preocupados"], "preferred_name": "Union of Concerned Scientists", "variant_access_point": ["UCS (Union of Concerned Scientists)", "Vereinigung Besorgter Wissenschaftler", "Uni\\u00f3n de Cient\\u00edficos Preocupados"], "authorized_access_point": "Union of Concerned Scientists", "biographical_information": ["Groupe am\\u00e9ricain ind\\u00e9pendant de scientifiques et de citoyens \\u0153uvrant pour trouver des solutions dans les domaines de l'environnement et du d\\u00e9veloppement durable"], "md5": "bf94e39416552519dbdc6e1bcfe0088b", "$schema": "https://mef.rero.ch/schemas/agents_rero/rero-agent-v0.0.1.json"}	1
2026-03-25 19:53:19.250604+00:00	2026-03-25 19:53:19.250604+00:00	60e39b37-7de6-43d5-b284-78ee4e61b62a	{"pid": "A027205480", "type": "bf:Person", "preferred_name": "Clouard, Chantal", "authorized_access_point": "Clouard, Chantal", "md5": "fe40f7d92f085b9066babbdafcd84c43", "$schema": "https://mef.rero.ch/schemas/agents_rero/rero-agent-v0.0.1.json"}	1
2026-03-25 19:53:19.250625+00:00	2026-03-25 19:53:19.250625+00:00	fb2ef869-6bbf-42b9-b3b2-c78470f1a832	{"pid": "A027220118", "type": "bf:Person", "preferred_name": "Goop, Dieter", "authorized_access_point": "Goop, Dieter", "md5": "476a850258933f53e88ab8d0b6a12c1c", "$schema": "https://mef.rero.ch/schemas/agents_rero/rero-agent-v0.0.1.json"}	1
2026-03-25 19:53:19.250646+00:00	2026-03-25 19:53:19.250646+00:00	0498d769-36f7-483e-83a7-ee7dc8c50699	{"pid": "A027221608", "type": "bf:Person", "preferred_name": "Price, Dwight L", "authorized_access_point": "Price, Dwight L", "md5": "5bb5f282b90cd09e87904f4d08bedf7b", "$schema": "https://mef.rero.ch/schemas/agents_rero/rero-agent-v0.0.1.json"}	1
2026-03-25 19:53:19.250667+00:00	2026-03-25 19:53:19.250667+00:00	02e2dbcb-3c7a-46e0-aa7e-23d7c3995af3	{"pid": "A027237908", "type": "bf:Person", "preferred_name": "Nasti\\u0107, Stefan", "authorized_access_point": "Nasti\\u0107, Stefan", "md5": "2d52094b5f833b7fb0b9012a1c8c9fe6", "$schema": "https://mef.rero.ch/schemas/agents_rero/rero-agent-v0.0.1.json"}	1
2026-03-25 19:53:19.250690+00:00	2026-03-25 19:53:19.250690+00:00	b9c4a704-d3b3-473f-9ccf-8c0b8adafd4b	{"pid": "A027289406", "type": "bf:Organisation", "conference": true, "preferred_name": "International Conference on Independent Component Analysis and Blind Signal Separation 2006 :", "authorized_access_point": "International Conference on Independent Component Analysis and Blind Signal Separation (6 : 2006 : Charleston)", "md5": "a8c0ccffe62f07b5422b64e672ec449c", "$schema": "https://mef.rero.ch/schemas/agents_rero/rero-agent-v0.0.1.json"}	1
2026-03-25 19:53:19.250717+00:00	2026-03-25 19:53:19.250717+00:00	047eb739-4260-4b43-a577-2133f1660a82	{"pid": "A027297912", "type": "bf:Person", "variant_name": ["Klungervik, Ann Jorid,", "Klungervik Greenall, Ann Jorid,", "Greenall, Ann Jorid Klungervik,", "Klungervik Greenall, Annjo,"], "date_of_birth": "1966", "preferred_name": "Greenall, Annjo Klungervik,", "variant_access_point": ["Klungervik, Ann Jorid, 1966-", "Klungervik Greenall, Ann Jorid, 1966-", "Greenall, Ann Jorid Klungervik, 1966-", "Klungervik Greenall, Annjo, 1966-"], "authorized_access_point": "Greenall, Annjo Klungervik, 1966-", "biographical_information": ["Professeur d'anglais, Norwegian University of Science and Technology, Trondheim"], "md5": "1fd19b59a45699034b643eed97d63916", "$schema": "https://mef.rero.ch/schemas/agents_rero/rero-agent-v0.0.1.json"}	1
2026-03-25 19:53:19.250742+00:00	2026-03-25 19:53:19.250742+00:00	f76d3e4a-3ecc-4f8a-8406-8c291cfd8382	{"pid": "A027302854", "type": "bf:Person", "qualifier": "sp\\u00e9cialiste de l'histoire et de la civilisation classique", "preferred_name": "Warren, Richard, sp\\u00e9cialiste de l'histoire et de la civilisation classique", "authorized_access_point": "Warren, Richard, sp\\u00e9cialiste de l'histoire et de la civilisation classique", "md5": "3ccd785e2c47309f06c76dd8d6999d37", "$schema": "https://mef.rero.ch/schemas/agents_rero/rero-agent-v0.0.1.json"}	1
2026-03-25 19:53:19.250773+00:00	2026-03-25 19:53:19.250773+00:00	25651379-846c-4f6e-97d2-db0f5dfbcfde	{"pid": "A027307709", "type": "bf:Person", "preferred_name": "Hubault, Jacques", "authorized_access_point": "Hubault, Jacques", "md5": "652e4fe488793d71ec0435a016f85008", "$schema": "https://mef.rero.ch/schemas/agents_rero/rero-agent-v0.0.1.json"}	1
2026-03-25 19:53:19.250795+00:00	2026-03-25 19:53:19.250795+00:00	60a7d5b6-c9fb-4f9a-ba1a-0968004fa029	{"pid": "A027316896", "type": "bf:Person", "preferred_name": "Shaykhn\\u012by\\u0101, Am\\u012br H\\u0323usayn", "authorized_access_point": "Shaykhn\\u012by\\u0101, Am\\u012br H\\u0323usayn", "md5": "1b3621f6c8685884b876cdcbe1789909", "$schema": "https://mef.rero.ch/schemas/agents_rero/rero-agent-v0.0.1.json"}	1
2026-03-25 19:53:19.250818+00:00	2026-03-25 19:53:19.250818+00:00	efce9b5b-61af-4a57-99c6-d282a4591d90	{"pid": "A027333148", "type": "bf:Organisation", "conference": false, "preferred_name": "Samedan (Suisse)", "authorized_access_point": "Samedan (Suisse)", "md5": "7a33ff5cd64868d74a3411d96e3b04fa", "$schema": "https://mef.rero.ch/schemas/agents_rero/rero-agent-v0.0.1.json"}	1
2026-03-25 19:53:19.250839+00:00	2026-03-25 19:53:19.250839+00:00	c739f06b-dfe4-4adf-8893-5bfbdd2bf717	{"pid": "A027339987", "type": "bf:Person", "preferred_name": "Picci, Jennifer", "authorized_access_point": "Picci, Jennifer", "md5": "8f776265d392a8b7416bd84d4a81ffec", "$schema": "https://mef.rero.ch/schemas/agents_rero/rero-agent-v0.0.1.json"}	1
2026-03-25 19:53:19.250860+00:00	2026-03-25 19:53:19.250860+00:00	e195e70a-4c98-447b-bfa8-284613b0a0f4	{"pid": "A027342850", "type": "bf:Person", "preferred_name": "Bordigoni, Martial", "authorized_access_point": "Bordigoni, Martial", "md5": "d5f4204eea575af95871d3493939f1c0", "$schema": "https://mef.rero.ch/schemas/agents_rero/rero-agent-v0.0.1.json"}	1
2026-03-25 19:53:19.250881+00:00	2026-03-25 19:53:19.250881+00:00	db8cf0ef-2976-4aa6-a820-b237718bc70e	{"pid": "A027355955", "type": "bf:Person", "preferred_name": "Allard, Patrice", "authorized_access_point": "Allard, Patrice", "md5": "2e8b9cc07e52ef2a780e96d2b2df250b", "$schema": "https://mef.rero.ch/schemas/agents_rero/rero-agent-v0.0.1.json"}	1
2026-03-25 19:53:19.250902+00:00	2026-03-25 19:53:19.250902+00:00	08786147-aedc-4dad-9e93-a3fbb46b23ce	{"pid": "A027394831", "type": "bf:Person", "preferred_name": "Herren, Cindy", "authorized_access_point": "Herren, Cindy", "md5": "53ac613b3e00ba651bcb3c3eaa2f6fd7", "$schema": "https://mef.rero.ch/schemas/agents_rero/rero-agent-v0.0.1.json"}	1
2026-03-25 19:53:19.250923+00:00	2026-03-25 19:53:19.250923+00:00	e033663d-caa8-4af1-996b-80deb1f98667	{"pid": "A027401068", "type": "bf:Person", "preferred_name": "Reguin, Jesse", "authorized_access_point": "Reguin, Jesse", "md5": "55169e89a15aaf0392f7af24a8523389", "$schema": "https://mef.rero.ch/schemas/agents_rero/rero-agent-v0.0.1.json"}	1
2026-03-25 19:53:19.250945+00:00	2026-03-25 19:53:19.250945+00:00	0e14ed37-065c-4bb4-af72-aa370380727a	{"pid": "A027420393", "type": "bf:Person", "preferred_name": "Khulayf\\u012b, Wa\\u02bcil Mu\\u1e25ammad \\u02bbAl\\u012b", "authorized_access_point": "Khulayf\\u012b, Wa\\u02bcil Mu\\u1e25ammad \\u02bbAl\\u012b", "md5": "0359ae62914f9b693c85ce06ada33a3b", "$schema": "https://mef.rero.ch/schemas/agents_rero/rero-agent-v0.0.1.json"}	1
2026-03-25 19:53:19.251016+00:00	2026-03-25 19:53:19.251016+00:00	11694192-595f-4806-b83d-c54a0cd6e329	{"pid": "A027429159", "type": "bf:Person", "preferred_name": "Taillard, Marine", "authorized_access_point": "Taillard, Marine", "md5": "36fcaa3715ba9ba3d8587345c392258f", "$schema": "https://mef.rero.ch/schemas/agents_rero/rero-agent-v0.0.1.json"}	1
2026-03-25 19:53:19.251306+00:00	2026-03-25 19:53:19.251306+00:00	34716a96-ce34-486e-ace8-a1790bce6cf2	{"pid": "A027433246", "type": "bf:Person", "preferred_name": "Montenay, Nicolas-Audran de", "authorized_access_point": "Montenay, Nicolas-Audran de", "md5": "91c829b310f6dbb2492b9cb8d8f2d06d", "$schema": "https://mef.rero.ch/schemas/agents_rero/rero-agent-v0.0.1.json"}	1
2026-03-25 19:53:19.251333+00:00	2026-03-25 19:53:19.251333+00:00	dae31237-8b6e-443d-8742-122f9dcbc6fc	{"pid": "A027441359", "type": "bf:Organisation", "conference": false, "variant_name": ["Canada. Parliament"], "preferred_name": "Canada. Parlement", "variant_access_point": ["Canada. Parliament"], "authorized_access_point": "Canada. Parlement", "biographical_information": ["De ?-1866: Canada. L\\u00e9gislature", "D\\u00e8s 1867: Canada. Parlement"], "md5": "9d50445c236daea810474618c8a0a92e", "$schema": "https://mef.rero.ch/schemas/agents_rero/rero-agent-v0.0.1.json"}	1
2026-03-25 19:53:19.251358+00:00	2026-03-25 19:53:19.251358+00:00	cf34943a-f768-4db9-9792-e825a13a0e0b	{"pid": "A027443542", "type": "bf:Person", "preferred_name": "Viklick\\u00fd, Emil", "authorized_access_point": "Viklick\\u00fd, Emil", "md5": "0e4908158de7c5422a62339a63bcd8de", "$schema": "https://mef.rero.ch/schemas/agents_rero/rero-agent-v0.0.1.json"}	1
2026-03-25 19:53:19.251382+00:00	2026-03-25 19:53:19.251382+00:00	06a0e1b1-eedf-4772-9abd-6273ce844d6f	{"pid": "A027444942", "type": "bf:Person", "date_of_birth": "1989", "preferred_name": "Ferber, Angela,", "authorized_access_point": "Ferber, Angela, 1989-", "biographical_information": ["Titulaire d'un master en lettres Univ. Fribourg Suisse (enseignement secondaire I)"], "md5": "203bca7c20b676172ccab71c115504d7", "$schema": "https://mef.rero.ch/schemas/agents_rero/rero-agent-v0.0.1.json"}	1
2026-03-25 19:53:19.251405+00:00	2026-03-25 19:53:19.251405+00:00	044e3746-7af6-49a2-9d8f-730c61f300ce	{"pid": "A027445987", "type": "bf:Person", "preferred_name": "Maj\\u012bd, Z\\u012brak", "authorized_access_point": "Maj\\u012bd, Z\\u012brak", "md5": "07c617be181afe082664d32f196b63e1", "$schema": "https://mef.rero.ch/schemas/agents_rero/rero-agent-v0.0.1.json"}	1
2026-03-25 19:53:19.251428+00:00	2026-03-25 19:53:19.251428+00:00	42716cb7-66cf-46e3-89c7-6e0ca632a564	{"pid": "A027448978", "type": "bf:Person", "date_of_birth": "ge\\u0301ologue", "preferred_name": "Lombard, Jean,", "authorized_access_point": "Lombard, Jean, ge\\u0301ologue", "md5": "e3b6c42402ce8aa880b7983873d32889", "$schema": "https://mef.rero.ch/schemas/agents_rero/rero-agent-v0.0.1.json"}	1
2026-03-25 19:53:19.251453+00:00	2026-03-25 19:53:19.251453+00:00	071d2611-1f3a-4d3c-816f-fa48e9609e98	{"pid": "A027449905", "type": "bf:Person", "date_of_birth": "1957", "preferred_name": "Deloupy, Bernard,", "authorized_access_point": "Deloupy, Bernard, 1957-", "biographical_information": ["Publicitaire, journaliste, auteur de romans policiers. - Coach en communication (en 2018)"], "md5": "69fd4a1e2c1c79f73e295e807f1449dd", "$schema": "https://mef.rero.ch/schemas/agents_rero/rero-agent-v0.0.1.json"}	1
2026-03-25 19:53:19.251479+00:00	2026-03-25 19:53:19.251479+00:00	6ecd154c-c0e1-4718-ac8d-29569c19514f	{"pid": "A027457648", "type": "bf:Organisation", "conference": false, "variant_name": ["Soci\\u00e9t\\u00e9 f\\u00e9d\\u00e9rale de gymnastique (Suisse). Turnverein (Murten)", "F\\u00e9d\\u00e9ration suisse de gymnastique. Turnverein (Murten)"], "preferred_name": "Turnverein (Murten)", "variant_access_point": ["Soci\\u00e9t\\u00e9 f\\u00e9d\\u00e9rale de gymnastique (Suisse). Turnverein (Murten)", "F\\u00e9d\\u00e9ration suisse de gymnastique. Turnverein (Murten)"], "authorized_access_point": "Turnverein (Murten)", "md5": "bfac5ef5c375f5bf2171e32000115559", "$schema": "https://mef.rero.ch/schemas/agents_rero/rero-agent-v0.0.1.json"}	1
2026-03-25 19:53:19.251503+00:00	2026-03-25 19:53:19.251503+00:00	6480c0cc-ea86-4757-8193-e99f81a88ec7	{"pid": "A027468424", "type": "bf:Organisation", "conference": false, "preferred_name": "H\\u00e9rault", "authorized_access_point": "H\\u00e9rault", "md5": "f8ae02d9e22170e790e13ab0e95ac57b", "$schema": "https://mef.rero.ch/schemas/agents_rero/rero-agent-v0.0.1.json"}	1
2026-03-25 19:53:19.251526+00:00	2026-03-25 19:53:19.251526+00:00	7bfdf69c-04e9-4b8a-a3b3-70a323b5b4ba	{"pid": "A027470672", "type": "bf:Person", "date_of_birth": "1980", "preferred_name": "Antoniuk, Mateusz,", "authorized_access_point": "Antoniuk, Mateusz, 1980-", "md5": "f0ce5e31f87c25550ad2df54b37cb253", "$schema": "https://mef.rero.ch/schemas/agents_rero/rero-agent-v0.0.1.json"}	1
2026-03-25 19:53:19.251548+00:00	2026-03-25 19:53:19.251548+00:00	39a1de6f-dd57-4cfa-a059-8a8fede21ccd	{"pid": "A027477458", "type": "bf:Person", "preferred_name": "Cousin, Gr\\u00e9goire", "authorized_access_point": "Cousin, Gr\\u00e9goire", "md5": "2d2ad426fd98a74ed5abdb54aa9ecdb6", "$schema": "https://mef.rero.ch/schemas/agents_rero/rero-agent-v0.0.1.json"}	1
2026-03-25 19:53:19.251570+00:00	2026-03-25 19:53:19.251570+00:00	5f5b6fbd-5708-4ee5-86cc-fafd7a3ad2b0	{"pid": "A027477867", "type": "bf:Organisation", "conference": true, "preferred_name": "European Conference on Machine Learning (2017 :", "authorized_access_point": "European Conference on Machine Learning (2017 : Skopje)", "md5": "aa9c17aa9fdf58078d18b8530e0f5d35", "$schema": "https://mef.rero.ch/schemas/agents_rero/rero-agent-v0.0.1.json"}	1
2026-03-25 19:53:19.251593+00:00	2026-03-25 19:53:19.251593+00:00	87d1b9c7-50cd-433b-9e1a-fb1aea66147f	{"pid": "A027483344", "type": "bf:Person", "preferred_name": "Pic, Camille", "authorized_access_point": "Pic, Camille", "md5": "87b47a3053e63322a1775281b08df72a", "$schema": "https://mef.rero.ch/schemas/agents_rero/rero-agent-v0.0.1.json"}	1
2026-03-25 19:53:19.251614+00:00	2026-03-25 19:53:19.251614+00:00	332c52c6-08b3-4d27-a491-2b126987b0d3	{"pid": "A027488596", "type": "bf:Organisation", "conference": true, "preferred_name": "Mergers & Acquisitions 2017 :", "authorized_access_point": "Mergers & Acquisitions (20 : 2017 : Z\\u00fcrich)", "md5": "cf61161b98b9a5ac026875d96390329b", "$schema": "https://mef.rero.ch/schemas/agents_rero/rero-agent-v0.0.1.json"}	1
2026-03-25 19:53:19.251637+00:00	2026-03-25 19:53:19.251637+00:00	7b5accde-920a-448a-a3cb-7939e696ccbc	{"pid": "A027490804", "type": "bf:Person", "preferred_name": "Ch\\u00e9telat, Lor\\u00e8ne", "authorized_access_point": "Ch\\u00e9telat, Lor\\u00e8ne", "md5": "561ee77426ed030d1ba06ce77212f25c", "$schema": "https://mef.rero.ch/schemas/agents_rero/rero-agent-v0.0.1.json"}	1
2026-03-25 19:53:19.251666+00:00	2026-03-25 19:53:19.251666+00:00	76659947-ddb9-4bab-8979-224cd91884f5	{"pid": "A027498782", "type": "bf:Person", "preferred_name": "Al Yafi, Jamil", "authorized_access_point": "Al Yafi, Jamil", "md5": "f4f2bc2d9767695ae51a61d23b442d54", "$schema": "https://mef.rero.ch/schemas/agents_rero/rero-agent-v0.0.1.json"}	1
2026-03-25 19:53:19.251690+00:00	2026-03-25 19:53:19.251690+00:00	4e3ab999-648f-4082-943c-44cc8deb98d1	{"pid": "A027507344", "type": "bf:Person", "date_of_birth": "1966", "preferred_name": "Rauber, Thomas,", "authorized_access_point": "Rauber, Thomas, 1966-", "biographical_information": ["Economiste, fondateur de TR Invest, membre du Conseil d'administration de la banque Raiffeisen. Politicien (Parti d\\u00e9mocrate-chr\\u00e9tien), d\\u00e9put\\u00e9 au Grand Conseil du canton de Fribourg, conseiller communal \\u00e0 Tavel. Pr\\u00e9sident de la Gewerbeverband Sense. Licenci\\u00e9 en sc. \\u00e9conomique Univ. Fribourg Suisse"], "md5": "448960e05066b1a3ddda0d8c14f3d2d1", "$schema": "https://mef.rero.ch/schemas/agents_rero/rero-agent-v0.0.1.json"}	1
2026-03-25 19:53:19.251714+00:00	2026-03-25 19:53:19.251714+00:00	614a6459-cd7c-4edb-b387-ba620ca71d4b	{"pid": "A027508686", "type": "bf:Person", "preferred_name": "Haselmayr, Andrea", "authorized_access_point": "Haselmayr, Andrea", "md5": "a4691b861abd2d1b51dd24be4bca4e9a", "$schema": "https://mef.rero.ch/schemas/agents_rero/rero-agent-v0.0.1.json"}	1
2026-03-25 19:53:19.251736+00:00	2026-03-25 19:53:19.251736+00:00	7b2786c0-d8a8-4e10-a1ee-4c87f312aba3	{"pid": "A027518436", "type": "bf:Person", "preferred_name": "Quintanilla, Marlene", "authorized_access_point": "Quintanilla, Marlene", "md5": "389ae99989b9e358a742c238769875f8", "$schema": "https://mef.rero.ch/schemas/agents_rero/rero-agent-v0.0.1.json"}	1
2026-03-25 19:53:19.251757+00:00	2026-03-25 19:53:19.251757+00:00	66aef442-37e7-44f2-a9f1-06ec72fbdc29	{"pid": "A027523029", "type": "bf:Person", "preferred_name": "Zweypfenning, R. C. V. J", "authorized_access_point": "Zweypfenning, R. C. V. J", "md5": "0a307e062c8cc7b74e42e76dbba493cf", "$schema": "https://mef.rero.ch/schemas/agents_rero/rero-agent-v0.0.1.json"}	1
2026-03-25 19:53:19.251779+00:00	2026-03-25 19:53:19.251779+00:00	8c1a35e5-706d-4997-8870-739939f0fe60	{"pid": "A027523482", "type": "bf:Person", "preferred_name": "Imrie, Alex", "authorized_access_point": "Imrie, Alex", "md5": "a5a30a31b71dd97cfff4166bad2b2f46", "$schema": "https://mef.rero.ch/schemas/agents_rero/rero-agent-v0.0.1.json"}	1
2026-03-25 19:53:19.251800+00:00	2026-03-25 19:53:19.251800+00:00	b96aa934-2bbe-438b-adfd-706f6d357e3c	{"pid": "A027543659", "type": "bf:Person", "preferred_name": "Goossens, Elise", "authorized_access_point": "Goossens, Elise", "md5": "be8bc7bfcfacaa0cee4eeae34928e33f", "$schema": "https://mef.rero.ch/schemas/agents_rero/rero-agent-v0.0.1.json"}	1
2026-03-25 19:53:19.251821+00:00	2026-03-25 19:53:19.251821+00:00	1d12f3d0-e29a-40ac-90af-b911b6455fcf	{"pid": "A027544307", "type": "bf:Person", "preferred_name": "Didier, Fredie", "authorized_access_point": "Didier, Fredie", "md5": "8b230fa9e130e96b89eb5eabc7836b46", "$schema": "https://mef.rero.ch/schemas/agents_rero/rero-agent-v0.0.1.json"}	1
2026-03-25 19:53:19.251843+00:00	2026-03-25 19:53:19.251843+00:00	71cd5e3c-5206-49ce-bc7d-186c4cb25698	{"pid": "A027545859", "type": "bf:Person", "preferred_name": "Ermis-Krohs, Selmin", "authorized_access_point": "Ermis-Krohs, Selmin", "md5": "09a07fa1bf2ce0c7540ca752db3e923f", "$schema": "https://mef.rero.ch/schemas/agents_rero/rero-agent-v0.0.1.json"}	1
2026-03-25 19:53:19.251865+00:00	2026-03-25 19:53:19.251865+00:00	ccf525dd-0f7d-4ee8-bc32-d1ae0166e325	{"pid": "A027565229", "type": "bf:Person", "date_of_birth": "1985", "preferred_name": "Jeger, Silvan,", "authorized_access_point": "Jeger, Silvan, 1985-", "biographical_information": ["Compositeur, contrebassiste et violoncelliste de jazz"], "md5": "5bab92bcad4893399479d42e8b2af1f9", "$schema": "https://mef.rero.ch/schemas/agents_rero/rero-agent-v0.0.1.json"}	1
2026-03-25 19:53:19.251888+00:00	2026-03-25 19:53:19.251888+00:00	77d6e2b8-bf37-4b20-986c-92f7372bc341	{"pid": "A027568451", "type": "bf:Organisation", "conference": false, "preferred_name": "Embassy (Fribourg)", "authorized_access_point": "Embassy (Fribourg)", "md5": "34b7f46938719c59eaf5cde94136e510", "$schema": "https://mef.rero.ch/schemas/agents_rero/rero-agent-v0.0.1.json"}	1
2026-03-25 19:53:19.251911+00:00	2026-03-25 19:53:19.251911+00:00	8f9b908a-8ec9-4792-a0e6-77e16f702926	{"pid": "A027582518", "type": "bf:Person", "date_of_birth": "1944", "preferred_name": "Wiedemann, Herbert,", "authorized_access_point": "Wiedemann, Herbert, 1944-", "biographical_information": ["Professeur de piano sp\\u00e9cialis\\u00e9 en improvisation \\u00e0 l'Universit\\u00e9 des arts de Berlin de 1988 \\u00e0 2016"], "md5": "fc3fc3067a1b8682de01112c6e1e7778", "$schema": "https://mef.rero.ch/schemas/agents_rero/rero-agent-v0.0.1.json"}	1
2026-03-25 19:53:19.251933+00:00	2026-03-25 19:53:19.251933+00:00	ee40b830-7733-4e30-833a-e9074283627a	{"pid": "A027587471", "type": "bf:Organisation", "conference": false, "preferred_name": "BEP (Lausanne)", "authorized_access_point": "BEP (Lausanne)", "md5": "f9d4cf86203f7c15f81b43f79cbfbadb", "$schema": "https://mef.rero.ch/schemas/agents_rero/rero-agent-v0.0.1.json"}	1
2026-03-25 19:53:19.251956+00:00	2026-03-25 19:53:19.251956+00:00	464295ad-b2fc-4183-9b92-f733073768ff	{"pid": "A027588056", "type": "bf:Organisation", "conference": false, "preferred_name": "Dumbarton Oaks Colloquium on the History of Landscape Architecture 2015 :", "authorized_access_point": "Dumbarton Oaks Colloquium on the History of Landscape Architecture (39 : 2015 : Washington)", "md5": "973387a5e16d44e33412889ad511d7d7", "$schema": "https://mef.rero.ch/schemas/agents_rero/rero-agent-v0.0.1.json"}	1
2026-03-25 19:53:19.251978+00:00	2026-03-25 19:53:19.251978+00:00	d18b5906-76af-458c-acde-f6ddc9a38e31	{"pid": "A027604812", "type": "bf:Person", "preferred_name": "Tabin", "authorized_access_point": "Tabin", "md5": "5d842ec2555b63ff64f1c38ac4f93be3", "$schema": "https://mef.rero.ch/schemas/agents_rero/rero-agent-v0.0.1.json"}	1
2026-03-25 19:53:19.252000+00:00	2026-03-25 19:53:19.252000+00:00	9ec2dc11-cbc2-4f85-91cf-978601002c5e	{"pid": "A027608462", "type": "bf:Organisation", "conference": false, "preferred_name": "Wirz Werbeberatung (Z\\u00fcrich)", "authorized_access_point": "Wirz Werbeberatung (Z\\u00fcrich)", "md5": "74650589ed5475d0949ef78779b315a0", "$schema": "https://mef.rero.ch/schemas/agents_rero/rero-agent-v0.0.1.json"}	1
2026-03-25 19:53:19.252029+00:00	2026-03-25 19:53:19.252029+00:00	66d0e326-6252-4c52-9838-349484b2c74b	{"pid": "A027643343", "type": "bf:Person", "preferred_name": "Ruehl, Christopher", "authorized_access_point": "Ruehl, Christopher", "md5": "077ec6899ed9eee4db882a7d92f75d5b", "$schema": "https://mef.rero.ch/schemas/agents_rero/rero-agent-v0.0.1.json"}	1
2026-03-25 19:53:19.252051+00:00	2026-03-25 19:53:19.252051+00:00	b36af7e5-3801-483e-9710-e0f2e0e621f8	{"pid": "A027644407", "type": "bf:Person", "preferred_name": "Boileau, G\\u00e9ry", "authorized_access_point": "Boileau, G\\u00e9ry", "md5": "419f7ea3ddc6c87305e457142b62b921", "$schema": "https://mef.rero.ch/schemas/agents_rero/rero-agent-v0.0.1.json"}	1
2026-03-25 19:53:19.252073+00:00	2026-03-25 19:53:19.252073+00:00	32af2482-c0bf-4b68-a716-368689e4637e	{"pid": "A027649761", "type": "bf:Organisation", "conference": false, "preferred_name": "Guangdong Zhonghua min zu wen hua cu jin hui", "authorized_access_point": "Guangdong Zhonghua min zu wen hua cu jin hui", "md5": "c8ab32df1d3fc8ba9c577a6c1a20d4ed", "$schema": "https://mef.rero.ch/schemas/agents_rero/rero-agent-v0.0.1.json"}	1
2026-03-25 19:53:19.252096+00:00	2026-03-25 19:53:19.252096+00:00	e0d6272f-f2af-4dff-b6ce-0ff3533cf009	{"pid": "A027652944", "type": "bf:Person", "variant_name": ["Salau, Mohammed Bashir,"], "date_of_birth": "1966", "preferred_name": "Bashir Salau, Mohammed,", "variant_access_point": ["Salau, Mohammed Bashir, 1966-"], "authorized_access_point": "Bashir Salau, Mohammed, 1966-", "md5": "c868eb717eb2e30d5ad9644e15565e0f", "$schema": "https://mef.rero.ch/schemas/agents_rero/rero-agent-v0.0.1.json"}	1
2026-03-25 19:53:19.252120+00:00	2026-03-25 19:53:19.252120+00:00	dd4ecd4a-ed79-4821-95ad-bd81961f2007	{"pid": "A027653000", "type": "bf:Person", "date_of_birth": "1888", "preferred_name": "Wray, D.A.", "authorized_access_point": "Wray, D.A. (Disney Alexander), 1888-", "md5": "6dd03f57ab9fc0c2a31a4c2cfd91b6d3", "$schema": "https://mef.rero.ch/schemas/agents_rero/rero-agent-v0.0.1.json"}	1
2026-03-25 19:53:19.252141+00:00	2026-03-25 19:53:19.252141+00:00	55d7c36f-b3c7-4d63-be3a-a19881724e14	{"pid": "A027655212", "type": "bf:Person", "preferred_name": "Guillon, Emmanuelle", "authorized_access_point": "Guillon, Emmanuelle", "md5": "d7b46ef2261f170e108177ee0237f0e7", "$schema": "https://mef.rero.ch/schemas/agents_rero/rero-agent-v0.0.1.json"}	1
2026-03-25 19:53:19.252163+00:00	2026-03-25 19:53:19.252163+00:00	2b962c3b-534b-40b9-a0dd-f9768f77c934	{"pid": "A027661275", "type": "bf:Person", "preferred_name": "Woedtke, Friederike von", "authorized_access_point": "Woedtke, Friederike von", "md5": "4a9f91dcf9917d62a582a97066899458", "$schema": "https://mef.rero.ch/schemas/agents_rero/rero-agent-v0.0.1.json"}	1
2026-03-25 19:53:19.252184+00:00	2026-03-25 19:53:19.252184+00:00	15b6e022-456c-4110-b358-6757487343ab	{"pid": "A027664950", "type": "bf:Person", "preferred_name": "Leunen, Nico", "authorized_access_point": "Leunen, Nico", "md5": "fd68105f48c9effbd7750cb0d7c87e15", "$schema": "https://mef.rero.ch/schemas/agents_rero/rero-agent-v0.0.1.json"}	1
2026-03-25 19:53:19.252206+00:00	2026-03-25 19:53:19.252206+00:00	cb20d60a-47e6-4c28-ad94-14a18079dce6	{"pid": "A027667116", "type": "bf:Person", "variant_name": ["Scott, Kieran Edward"], "preferred_name": "Scott, Kieran E", "variant_access_point": ["Scott, Kieran Edward"], "authorized_access_point": "Scott, Kieran E", "biographical_information": ["Photographe neo-z\\u00e9landais"], "md5": "5be8f75dbdde5f2bbba0f1c49dbe6e0d", "$schema": "https://mef.rero.ch/schemas/agents_rero/rero-agent-v0.0.1.json"}	1
2026-03-25 19:53:19.252232+00:00	2026-03-25 19:53:19.252232+00:00	6af77f07-a46c-4c5a-8228-fb9024487b4c	{"pid": "A027688556", "type": "bf:Person", "variant_name": ["Schleich, Philipp Meier,", "Meier, Philipp,"], "date_of_birth": "1977", "preferred_name": "Meier Schleich, Philipp,", "variant_access_point": ["Schleich, Philipp Meier, 1977-", "Meier, Philipp, 1977-"], "authorized_access_point": "Meier Schleich, Philipp, 1977-", "md5": "431cc47203670c9c894e5ce407edcfc7", "$schema": "https://mef.rero.ch/schemas/agents_rero/rero-agent-v0.0.1.json"}	1
2026-03-25 19:53:19.252255+00:00	2026-03-25 19:53:19.252255+00:00	1193a0bb-d876-42ab-96c6-262c0046b070	{"pid": "A027698830", "type": "bf:Person", "date_of_birth": "1942", "preferred_name": "Davies, John,", "authorized_access_point": "Davies, John, 1942-", "md5": "167e40585f9d1fc539d72ebc9332e99e", "$schema": "https://mef.rero.ch/schemas/agents_rero/rero-agent-v0.0.1.json"}	1
2026-03-25 19:53:19.252276+00:00	2026-03-25 19:53:19.252276+00:00	8c738b7d-e434-4171-b4b5-bff19c18092d	{"pid": "A027716766", "type": "bf:Person", "preferred_name": "Tes\\u00f3n, Eliseo", "authorized_access_point": "Tes\\u00f3n, Eliseo", "md5": "50cea145d5e3c8458c42c5c662c3c1a0", "$schema": "https://mef.rero.ch/schemas/agents_rero/rero-agent-v0.0.1.json"}	1
2026-03-25 19:53:19.252298+00:00	2026-03-25 19:53:19.252298+00:00	f5a0690a-dffa-4061-98a0-aa254f898941	{"pid": "A027736928", "type": "bf:Person", "date_of_birth": "1886", "date_of_death": "1950", "preferred_name": "Couche, Gaston-Paul,", "authorized_access_point": "Couche, Gaston-Paul, 1886-1950", "md5": "754364b99614205fbcbe80f06a74c613", "$schema": "https://mef.rero.ch/schemas/agents_rero/rero-agent-v0.0.1.json"}	1
2026-03-25 19:53:19.252321+00:00	2026-03-25 19:53:19.252321+00:00	74bcc3f6-d96f-49ac-a56c-e16f700a1267	{"pid": "A027737227", "type": "bf:Person", "date_of_birth": "1956", "preferred_name": "Arx, Urs von,", "authorized_access_point": "Arx, Urs von, 1956-", "biographical_information": ["Auteur de livre de voyage et \\u00e9conomiste"], "md5": "52ad2842b9c4ee211c1121f21872778b", "$schema": "https://mef.rero.ch/schemas/agents_rero/rero-agent-v0.0.1.json"}	1
2026-03-25 19:53:19.252344+00:00	2026-03-25 19:53:19.252344+00:00	755fdd2a-29e7-4221-abfa-e2e9af2859c0	{"pid": "A027737968", "type": "bf:Organisation", "conference": true, "preferred_name": "D\\u00fcsseldorfer Forum Politische Kommunikation 2016 :", "authorized_access_point": "D\\u00fcsseldorfer Forum Politische Kommunikation (12 : 2016 : D\\u00fcsseldorf)", "md5": "59fdc3af7c57e2a6949a6a762d576646", "$schema": "https://mef.rero.ch/schemas/agents_rero/rero-agent-v0.0.1.json"}	1
2026-03-25 19:53:19.252366+00:00	2026-03-25 19:53:19.252366+00:00	b0a8454a-1a09-4822-8d27-42c0593685a5	{"pid": "A027745860", "type": "bf:Person", "preferred_name": "Flamant, Gaspard", "authorized_access_point": "Flamant, Gaspard", "md5": "68121740cf91cf570be9b5a4291fff5e", "$schema": "https://mef.rero.ch/schemas/agents_rero/rero-agent-v0.0.1.json"}	1
2026-03-25 19:53:19.252393+00:00	2026-03-25 19:53:19.252393+00:00	3cd94669-190c-46a2-a672-142b33a64c2b	{"pid": "A027747343", "type": "bf:Person", "preferred_name": "Gelbhaus, Tea", "authorized_access_point": "Gelbhaus, Tea", "md5": "be5c35d31a7272d7f26854564b901a6e", "$schema": "https://mef.rero.ch/schemas/agents_rero/rero-agent-v0.0.1.json"}	1
2026-03-25 19:53:19.252416+00:00	2026-03-25 19:53:19.252416+00:00	6646ab70-30dd-4bdc-ae17-2b5d320ccb3a	{"pid": "A027763919", "type": "bf:Person", "preferred_name": "Palme, Thomas", "authorized_access_point": "Palme, Thomas", "biographical_information": ["Dates de vie: 1967-"], "md5": "0d4b9edd69c411d2cbcbacae758fab07", "$schema": "https://mef.rero.ch/schemas/agents_rero/rero-agent-v0.0.1.json"}	1
2026-03-25 19:53:19.252437+00:00	2026-03-25 19:53:19.252437+00:00	6328b21f-ba44-4519-af64-4b148dad2595	{"pid": "A027766736", "type": "bf:Person", "preferred_name": "Gigandet, Jean", "authorized_access_point": "Gigandet, Jean", "md5": "7b019b4ab7429ef70b08f45f5558c8f2", "$schema": "https://mef.rero.ch/schemas/agents_rero/rero-agent-v0.0.1.json"}	1
2026-03-25 19:53:19.252460+00:00	2026-03-25 19:53:19.252460+00:00	16ae0ac3-1117-4124-b9e5-16d00b6dc6ba	{"pid": "A027807323", "type": "bf:Person", "date_of_birth": "1948", "preferred_name": "P\\u00e9rez, Silverio,", "authorized_access_point": "P\\u00e9rez, Silverio, 1948-", "biographical_information": ["Musicien, \\u00e9crivain, humoriste, entrepreneur et animateur de m\\u00e9dia de radiodiffusion portoricain"], "md5": "9e1e5127b98c32aa83441b2771307e8d", "$schema": "https://mef.rero.ch/schemas/agents_rero/rero-agent-v0.0.1.json"}	1
2026-03-25 19:53:19.252485+00:00	2026-03-25 19:53:19.252485+00:00	527c48f2-2050-438e-ac9b-f92981eaffad	{"pid": "A027811966", "type": "bf:Person", "variant_name": ["Bednarek, Monika A.,"], "date_of_birth": "1977", "preferred_name": "Bednarek, Monika,", "variant_access_point": ["Bednarek, Monika A., 1977-"], "authorized_access_point": "Bednarek, Monika, 1977-", "biographical_information": ["Linguiste. - Professeure associ\\u00e9e au Department of Linguistics, University of Sydney"], "md5": "4d348937370d9b3884adb182bd135447", "$schema": "https://mef.rero.ch/schemas/agents_rero/rero-agent-v0.0.1.json"}	1
2026-03-25 19:53:19.252511+00:00	2026-03-25 19:53:19.252511+00:00	75a39239-17ba-4987-8bbf-67daf92d761f	{"pid": "A027817940", "type": "bf:Person", "variant_name": ["Grandel, Saskia Antonia"], "preferred_name": "Grandel, Saskia", "variant_access_point": ["Grandel, Saskia Antonia"], "authorized_access_point": "Grandel, Saskia", "biographical_information": ["Germaniste"], "md5": "27999f7f581f6a46aa3be3d7b441f614", "$schema": "https://mef.rero.ch/schemas/agents_rero/rero-agent-v0.0.1.json"}	1
2026-03-25 19:53:19.252534+00:00	2026-03-25 19:53:19.252534+00:00	452efab0-3a9c-4d33-a85b-30535faeb875	{"pid": "A027841998", "type": "bf:Person", "qualifier": "(pasteur)", "preferred_name": "Comte, Louis (pasteur)", "authorized_access_point": "Comte, Louis (pasteur)", "biographical_information": ["Dates de vie: 1857-1926"], "md5": "4102639e2369b633eb08c3fcd3563b02", "$schema": "https://mef.rero.ch/schemas/agents_rero/rero-agent-v0.0.1.json"}	1
2026-03-25 19:53:19.252557+00:00	2026-03-25 19:53:19.252557+00:00	1ecdb15f-1167-45d2-ba5b-421c06f46383	{"pid": "A028081955", "type": "bf:Person", "preferred_name": "Parcy, Elliott", "authorized_access_point": "Parcy, Elliott", "biographical_information": ["Illustrateur"], "md5": "b826b595324325e0268c3d050c08ec84", "$schema": "https://mef.rero.ch/schemas/agents_rero/rero-agent-v0.0.1.json"}	1
2026-03-25 19:53:19.252587+00:00	2026-03-25 19:53:19.252587+00:00	245afd01-8288-4c0a-a5cd-4ccf936ede58	{"pid": "A028167226", "type": "bf:Person", "variant_name": ["Gadea, Germa\\u0301n Antonio Orozco\\u200f"], "preferred_name": "Orozco Gadea, Germ\\u00e1n Antonio", "variant_access_point": ["Gadea, Germa\\u0301n Antonio Orozco\\u200f"], "authorized_access_point": "Orozco Gadea, Germ\\u00e1n Antonio", "md5": "21ba55e761f63ec178a1254b2aecd401", "$schema": "https://mef.rero.ch/schemas/agents_rero/rero-agent-v0.0.1.json"}	1
2026-03-25 19:53:19.252613+00:00	2026-03-25 19:53:19.252613+00:00	8ad0294f-4c55-4e96-bd10-225aca54a10a	{"pid": "A028177834", "type": "bf:Organisation", "conference": false, "preferred_name": "Chine (R\\u00e9publique populaire). Cour populaire supr\\u00eame. Shen pan shi wu gui fan bian ji xiao zu", "parallel_access_point": ["\\u4e2d\\u534e\\u4eba\\u6c11\\u5171\\u548c\\u56fd. \\u6700\\u9ad8\\u4eba\\u6c11\\u6cd5\\u9662. \\u5ba1\\u5224\\u5b9e\\u52a1\\u89c4\\u8303\\u7f16\\u8f91\\u5c0f\\u7ec4"], "authorized_access_point": "Chine (R\\u00e9publique populaire). Cour populaire supr\\u00eame. Shen pan shi wu gui fan bian ji xiao zu", "md5": "5315f87ed45644452fb9c8838ae73c13", "$schema": "https://mef.rero.ch/schemas/agents_rero/rero-agent-v0.0.1.json"}	1
2026-03-25 19:53:19.252640+00:00	2026-03-25 19:53:19.252640+00:00	74473227-7cbf-438a-9773-5426271540c6	{"pid": "A028331435", "type": "bf:Person", "variant_name": ["B\\u00f6rkur Sigth\\u00f3rsson,", "Sig\\u00de\\u00f3rsson, B\\u00f6rkur,", "Sigth\\u00f3rsson, B\\u00f6rkur,"], "date_of_birth": "1978", "preferred_name": "B\\u00f6rkur Sig\\u00de\\u00f3rsson,", "variant_access_point": ["B\\u00f6rkur Sigth\\u00f3rsson, 1978-", "Sig\\u00de\\u00f3rsson, B\\u00f6rkur, 1978-", "Sigth\\u00f3rsson, B\\u00f6rkur, 1978-"], "authorized_access_point": "B\\u00f6rkur Sig\\u00de\\u00f3rsson, 1978-", "biographical_information": ["Sc\\u00e9nariste et r\\u00e9alisateur islandais"], "md5": "c2ad015d41ff8efe0ad41542b0070941", "$schema": "https://mef.rero.ch/schemas/agents_rero/rero-agent-v0.0.1.json"}	1
2026-03-25 19:53:19.252667+00:00	2026-03-25 19:53:19.252667+00:00	4c3ed014-ea7a-4f05-ab5b-9c672d7487d1	{"pid": "A028347593", "type": "bf:Person", "date_of_birth": "1990", "preferred_name": "Neuhaus, David,", "authorized_access_point": "Neuhaus, David, 1990-", "biographical_information": ["Biologiste et chef de choeur. Directeur du Choeur d'hommes du Gibloux et du Choeur mixte paroissial l'Esp\\u00e9rance de Vuadens"], "md5": "d7f363baeb94aaeaf145677b9b85af76", "$schema": "https://mef.rero.ch/schemas/agents_rero/rero-agent-v0.0.1.json"}	1
2026-03-25 19:53:19.252693+00:00	2026-03-25 19:53:19.252693+00:00	063c3d37-0ec0-4746-b2a5-a3e623c718f3	{"pid": "A028355646", "type": "bf:Person", "variant_name": ["Des Roziers, Laurent Burin", "Roziers, Laurent Burin des"], "preferred_name": "Burin Des Roziers, Laurent", "variant_access_point": ["Des Roziers, Laurent Burin", "Roziers, Laurent Burin des"], "authorized_access_point": "Burin Des Roziers, Laurent", "biographical_information": ["Haut fonctionnaire et universitaire. - Sp\\u00e9cialiste des n\\u00e9gociations internationales dans le secteur audiovisuel. - Enseigne \\u00e0 l'Institut d'\\u00e9tudes politiques de Paris (depuis 1988)"], "md5": "e21367bbae82e83f12e1a12e97c5809c", "$schema": "https://mef.rero.ch/schemas/agents_rero/rero-agent-v0.0.1.json"}	1
2026-03-25 19:53:19.252726+00:00	2026-03-25 19:53:19.252726+00:00	a6242d67-8993-4c45-8fcd-da751f3aa4ae	{"pid": "A028357568", "type": "bf:Person", "date_of_birth": "1971", "preferred_name": "Apikian, C\\u00e9dric,", "authorized_access_point": "Apikian, C\\u00e9dric, 1971-", "biographical_information": ["Cin\\u00e9aste, journaliste TV et sc\\u00e9nariste de bandes dessin\\u00e9es"], "md5": "2b5ac979107bceaf6b1fe093c268fbdf", "$schema": "https://mef.rero.ch/schemas/agents_rero/rero-agent-v0.0.1.json"}	1
2026-03-25 19:53:19.252750+00:00	2026-03-25 19:53:19.252750+00:00	a98f8d4f-49ba-472e-bb41-d426e0e720cc	{"pid": "A028447819", "type": "bf:Person", "preferred_name": "Barr\\u00e8s, Frankline", "authorized_access_point": "Barr\\u00e8s, Frankline", "biographical_information": ["Restauratrice de peintures de chevalet, professeur d'histoire de l'art et d'histoire des techniques de la peinture"], "md5": "b00c3fb85b47ea12b44927fe095ed68f", "$schema": "https://mef.rero.ch/schemas/agents_rero/rero-agent-v0.0.1.json"}	1
2026-03-25 19:53:19.252776+00:00	2026-03-25 19:53:19.252776+00:00	e4f01207-bf74-4090-8224-28970c71db6b	{"pid": "A028520087", "type": "bf:Organisation", "conference": false, "variant_name": ["AIESC (Association internationale pour l'enseignement social chr\\u00e9tien)"], "preferred_name": "Association internationale pour l'enseignement social chr\\u00e9tien", "variant_access_point": ["AIESC (Association internationale pour l'enseignement social chr\\u00e9tien)"], "authorized_access_point": "Association internationale pour l'enseignement social chr\\u00e9tien", "md5": "403a29c4cf9140e257d40fe16fe5f779", "$schema": "https://mef.rero.ch/schemas/agents_rero/rero-agent-v0.0.1.json"}	1
2026-03-25 19:53:19.252800+00:00	2026-03-25 19:53:19.252800+00:00	6e47c5fa-0560-4677-a41c-e8d84c9ed12b	{"pid": "A028529691", "type": "bf:Person", "date_of_birth": "1989", "preferred_name": "Wietlisbach, St\\u00e9phanie,", "authorized_access_point": "Wietlisbach, St\\u00e9phanie, 1989-", "biographical_information": ["Juriste"], "md5": "33320d1a21c01e70483240602218661f", "$schema": "https://mef.rero.ch/schemas/agents_rero/rero-agent-v0.0.1.json"}	1
2026-03-25 19:53:19.252824+00:00	2026-03-25 19:53:19.252824+00:00	b620e565-6add-4f33-b325-95c681e4a694	{"pid": "A028751062", "type": "bf:Person", "preferred_name": "Stras, Laurie", "authorized_access_point": "Stras, Laurie", "biographical_information": ["Auteur d'un ouvrage sur la musique populaire am\\u00e9ricaine et enseignante \\u00e0 l'Universit\\u00e9 de Southampton (2012)"], "md5": "309fd88e26a5f8f92b8f0f6fdfbf969e", "$schema": "https://mef.rero.ch/schemas/agents_rero/rero-agent-v0.0.1.json"}	1
2026-03-25 19:53:19.252852+00:00	2026-03-25 19:53:19.252852+00:00	43f9b9c6-aef1-4427-9ccd-b001ab344b8c	{"pid": "A028868344", "type": "bf:Person", "variant_name": ["Caoursin, William,", "Caorsinus, Guilelmus,", "Caoursin, Guillelmus,", "Cahoursin, Guillaume,", "Caorsin, Gulielmo,", "Caorsin, Guillermus,", "Guillaume Caoursin,"], "date_of_birth": "(1430?", "date_of_death": "1501)", "preferred_name": "Caoursin, Guillaume,", "variant_access_point": ["Caoursin, William, (1430?-1501)", "Caorsinus, Guilelmus, (1430?-1501)", "Caoursin, Guillelmus, (1430?-1501)", "Cahoursin, Guillaume, (1430?-1501)", "Caorsin, Gulielmo, (1430?-1501)", "Caorsin, Guillermus, (1430?-1501)", "Guillaume Caoursin, (1430?-1501)"], "authorized_access_point": "Caoursin, Guillaume, (1430?-1501)", "biographical_information": ["Vice-chancelier de l'Ordre de Saint-Jean de J\\u00e9rusalem"], "md5": "2645bf701d3a1fadb3ea8a0c8a6e5389", "$schema": "https://mef.rero.ch/schemas/agents_rero/rero-agent-v0.0.1.json"}	1
2026-03-25 19:53:19.252879+00:00	2026-03-25 19:53:19.252879+00:00	21adef51-8ec9-4735-bcd0-abda2a434591	{"pid": "A028868962", "type": "bf:Person", "date_of_birth": "1985", "preferred_name": "Miller, Ike,", "authorized_access_point": "Miller, Ike, 1985-", "biographical_information": ["Pasteur"], "md5": "511e6d8d83983b58b559605cde591375", "$schema": "https://mef.rero.ch/schemas/agents_rero/rero-agent-v0.0.1.json"}	1
2026-03-25 19:53:19.252901+00:00	2026-03-25 19:53:19.252901+00:00	ce3d2719-cb63-4b72-ac37-d4910235133c	{"pid": "A028986344", "type": "bf:Organisation", "conference": false, "preferred_name": "Association por International Servicie", "authorized_access_point": "Association por International Servicie", "md5": "368f6af14ece209efd9fd2cc01f5cf5b", "$schema": "https://mef.rero.ch/schemas/agents_rero/rero-agent-v0.0.1.json"}	1
2026-03-25 19:53:19.252923+00:00	2026-03-25 19:53:19.252923+00:00	43e51166-693e-4ff2-acca-2774807042d5	{"pid": "A028989262", "type": "bf:Person", "preferred_name": "Bodoc, Cl\\u00e9mence", "authorized_access_point": "Bodoc, Cl\\u00e9mence", "md5": "90911fa82fe5054ecb5dee152dd91a33", "$schema": "https://mef.rero.ch/schemas/agents_rero/rero-agent-v0.0.1.json"}	1
2026-03-25 19:53:19.252946+00:00	2026-03-25 19:53:19.252946+00:00	14fb2c32-e052-46c3-b00a-d7d36b93316a	{"pid": "A029002736", "type": "bf:Person", "date_of_birth": "1928", "date_of_death": "1971", "preferred_name": "Gygax, Ueli,", "authorized_access_point": "Gygax, Ueli, 1928-1971", "md5": "07c914f1622ac4f7c9dfc5ee83efaf5b", "$schema": "https://mef.rero.ch/schemas/agents_rero/rero-agent-v0.0.1.json"}	1
2026-03-25 19:53:19.252989+00:00	2026-03-25 19:53:19.252989+00:00	04b954c5-c549-432f-95e9-be731bd8ac8a	{"pid": "A029004750", "type": "bf:Person", "qualifier": "professeur physique chimie", "preferred_name": "Martin, Fran\\u00e7ois professeur physique chimie", "authorized_access_point": "Martin, Fran\\u00e7ois professeur physique chimie", "md5": "a69b2d9f65caeb411e0f35b15b4192de", "$schema": "https://mef.rero.ch/schemas/agents_rero/rero-agent-v0.0.1.json"}	1
